{"_step":12,"loss":0.294429475652917,"test_loss":0.36649157172299235,"val_loss":0.33741994901075584,"epoch":9,"accuracy":0.9023746050552922,"confusion_matrix":{"_type":"image-file","sha256":"d6b93fc86df82551fff42966d770a07002c5641b6b40dec3c27cf60f21da2168","size":61070,"path":"media/images/confusion_matrix_11_d6b93fc86df82551fff4.png","format":"png","width":1000,"height":800},"_runtime":95.9516765,"test_accuracy":0.876,"_wandb":{"runtime":95},"val_accuracy":0.8848333333333334,"_timestamp":1.7415605259320004e+09,"examples":{"_type":"image-file","sha256":"3b17a40d3c0003481150ce3cd5e234db4ef06f1019885019f6a3fed9b4772b2e","size":23873,"path":"media/images/examples_12_3b17a40d3c0003481150.png","format":"png","width":1200,"height":600}}