{"val_accuracy":0.8725,"val_loss":0.4040339780965002,"_step":22,"_timestamp":1.74210978600868e+09,"examples":{"width":1200,"height":600,"_type":"image-file","sha256":"75cf3f2d6042056b9d89df460d23ed8f265f2d2a3c6eed2b5cf3bc7f22904ecc","size":29574,"path":"media/images/examples_22_75cf3f2d6042056b9d89.png","format":"png"},"accuracy":0.8779814814814815,"epoch":19,"test_loss":0.43572475508700964,"_wandb":{"runtime":121},"loss":0.38954030625991404,"test_accuracy":0.8581,"_runtime":121.1481562,"confusion_matrix":{"width":1000,"height":800,"_type":"image-file","sha256":"37a71d603764efbc63a96b99fdabc97d2e35ac59809bf236d7eb76a52383d566","size":63634,"path":"media/images/confusion_matrix_21_37a71d603764efbc63a9.png","format":"png"}}