{"loss":0.26329775450537013,"_runtime":437.439005,"_wandb":{"runtime":437},"epoch":19,"val_loss":0.3255394888886163,"_timestamp":1.7420734305180607e+09,"test_loss":0.35665350993812456,"confusion_matrix":{"width":1000,"height":800,"_type":"image-file","sha256":"0cb6e81664e41a24abb28f85cbc88732a4e8bf24ea747ac99f0912e9f4af5a0c","size":61509,"path":"media/images/confusion_matrix_21_0cb6e81664e41a24abb2.png","format":"png"},"_step":22,"accuracy":0.9173518518518519,"val_accuracy":0.8898333333333334,"examples":{"format":"png","width":1200,"height":600,"_type":"image-file","sha256":"75cf3f2d6042056b9d89df460d23ed8f265f2d2a3c6eed2b5cf3bc7f22904ecc","size":29574,"path":"media/images/examples_22_75cf3f2d6042056b9d89.png"},"test_accuracy":0.8807}