{"accuracy":0.9204741804897315,"test_accuracy":0.8789,"_wandb":{"runtime":142},"_step":21,"val_accuracy":0.8916666666666667,"test_loss":0.37287035477940883,"epoch":19,"loss":0.2564644411573582,"_timestamp":1.74221994344353e+09,"_runtime":142.0927361,"confusion_matrix":{"size":412193,"path":"media/images/confusion_matrix_21_1a3c8f6a186f79f24888.png","format":"png","width":4447,"height":4163,"_type":"image-file","sha256":"1a3c8f6a186f79f24888645ee6c08be51416fc463d81181ea1cf7036db3a3205"},"val_loss":0.3449823845050656}