{"_runtime":216.5944155,"test_loss":0.44947367332931437,"test_accuracy":0.869,"_step":22,"loss":0.32075428653348154,"examples":{"width":1200,"height":600,"_type":"image-file","sha256":"75cf3f2d6042056b9d89df460d23ed8f265f2d2a3c6eed2b5cf3bc7f22904ecc","size":29574,"path":"media/images/examples_22_75cf3f2d6042056b9d89.png","format":"png"},"val_loss":0.3941501714076586,"accuracy":0.9002037037037037,"val_accuracy":0.8771666666666667,"confusion_matrix":{"_type":"image-file","sha256":"ead3879efc8d6d62363d1dc2557149596c0bb1f64bd5db75092c026528649ffc","size":61806,"path":"media/images/confusion_matrix_21_ead3879efc8d6d62363d.png","format":"png","width":1000,"height":800},"_wandb":{"runtime":216},"epoch":19,"_timestamp":1.7420732346965494e+09}