{"epoch":9,"test_loss":2.302585123481718,"_step":12,"accuracy":0.10099476698262243,"val_loss":2.3025872764851805,"_timestamp":1.7415376886883256e+09,"examples":{"path":"media/images/examples_12_3b17a40d3c0003481150.png","format":"png","width":1200,"height":600,"_type":"image-file","sha256":"3b17a40d3c0003481150ce3cd5e234db4ef06f1019885019f6a3fed9b4772b2e","size":23873},"val_accuracy":0.09333333333333334,"test_accuracy":0.1,"loss":2.3025873970951296,"confusion_matrix":{"format":"png","width":1000,"height":800,"_type":"image-file","sha256":"24a617a8756e9b2d61681d6508f31a83b306fcb5703888b5b2a122aba43d688d","size":44800,"path":"media/images/confusion_matrix_11_24a617a8756e9b2d6168.png"},"_wandb":{"runtime":28},"_runtime":28.6840641}