{"examples":{"size":29574,"path":"media/images/examples_17_75cf3f2d6042056b9d89.png","format":"png","width":1200,"height":600,"_type":"image-file","sha256":"75cf3f2d6042056b9d89df460d23ed8f265f2d2a3c6eed2b5cf3bc7f22904ecc"},"_runtime":161.3108999,"accuracy":0.8966108807266983,"val_accuracy":0.8728333333333333,"_wandb":{"runtime":161},"test_accuracy":0.8675,"confusion_matrix":{"path":"media/images/confusion_matrix_16_aeb7e7fdfe3515b0b8b3.png","format":"png","width":1000,"height":800,"_type":"image-file","sha256":"aeb7e7fdfe3515b0b8b3283aa87ee28bed4a40f679671241d53caa6b467ef0a7","size":61208},"_timestamp":1.742142097621509e+09,"val_loss":0.4399604046239313,"loss":0.3695755992887657,"epoch":14,"_step":17,"test_loss":0.45380121808560236}