{"test_loss":0.09170623899832209,"val_accuracy":0.8795,"accuracy":0.900622037914692,"_runtime":180.6093449,"loss":0.07255438877007091,"_wandb":{"runtime":180},"examples":{"sha256":"3b17a40d3c0003481150ce3cd5e234db4ef06f1019885019f6a3fed9b4772b2e","size":23873,"path":"media/images/examples_12_3b17a40d3c0003481150.png","format":"png","width":1200,"height":600,"_type":"image-file"},"_step":12,"test_accuracy":0.874,"val_loss":0.08545701261591016,"_timestamp":1.741568533369309e+09,"epoch":9,"confusion_matrix":{"width":1000,"height":800,"_type":"image-file","sha256":"5f3cf2e2d60a095b2092bd699fd9e78e7fa92c944ab79455c81e7dbb8780d416","size":61347,"path":"media/images/confusion_matrix_11_5f3cf2e2d60a095b2092.png","format":"png"}}