{"val_loss":0.08339515219406403,"epoch":9,"_timestamp":1.7415597449122174e+09,"_runtime":322.7962254,"_step":12,"accuracy":0.8946851851851851,"val_accuracy":0.8876666666666667,"test_accuracy":0.8746,"confusion_matrix":{"format":"png","width":1000,"height":800,"_type":"image-file","sha256":"8fa06e3a237bb15a894f795e36d7669384d703f2b391fa889c80a451f243fa21","size":60960,"path":"media/images/confusion_matrix_11_8fa06e3a237bb15a894f.png"},"_wandb":{"runtime":322},"examples":{"path":"media/images/examples_12_3b17a40d3c0003481150.png","format":"png","width":1200,"height":600,"_type":"image-file","sha256":"3b17a40d3c0003481150ce3cd5e234db4ef06f1019885019f6a3fed9b4772b2e","size":23873},"loss":0.07701090840154953,"test_loss":0.09079938270351012}