{"_wandb":{"runtime":102},"val_accuracy":0.8726666666666667,"epoch":19,"loss":0.08873002007547162,"test_loss":0.10149057437010736,"val_loss":0.0944825572834834,"accuracy":0.8811956951026856,"examples":{"sha256":"75cf3f2d6042056b9d89df460d23ed8f265f2d2a3c6eed2b5cf3bc7f22904ecc","size":29574,"path":"media/images/examples_22_75cf3f2d6042056b9d89.png","format":"png","width":1200,"height":600,"_type":"image-file"},"_timestamp":1.742073976522065e+09,"_runtime":102.0502755,"test_accuracy":0.8602,"confusion_matrix":{"size":63264,"path":"media/images/confusion_matrix_21_3b680b49aac55b0ac156.png","format":"png","width":1000,"height":800,"_type":"image-file","sha256":"3b680b49aac55b0ac1560b08606cbbe1d97e2374ab6daa79dbffa8a274805066"},"_step":22}