{"accuracy":0.9088518518518518,"test_loss":0.3917076364331114,"val_loss":0.35349164325963145,"_step":17,"epoch":14,"examples":{"width":1200,"height":600,"_type":"image-file","sha256":"75cf3f2d6042056b9d89df460d23ed8f265f2d2a3c6eed2b5cf3bc7f22904ecc","size":29574,"path":"media/images/examples_17_75cf3f2d6042056b9d89.png","format":"png"},"val_accuracy":0.8886666666666667,"confusion_matrix":{"size":60197,"path":"media/images/confusion_matrix_16_61aa49e06d24db40bb41.png","format":"png","width":1000,"height":800,"_type":"image-file","sha256":"61aa49e06d24db40bb412f566728834e7dfd3043b35b3bdd6752c4bc063f5692"},"test_accuracy":0.8786,"_timestamp":1.7421302533833337e+09,"loss":0.3084044383283704,"_wandb":{"runtime":759},"_runtime":759.8584013}