{"_timestamp":1.741569723684278e+09,"loss":0.3545750946104968,"_runtime":59.487246999999996,"val_loss":0.3687406102208839,"_step":7,"_wandb":{"runtime":59},"test_loss":0.40139222395078505,"test_accuracy":0.8648,"val_accuracy":0.8748333333333334,"epoch":4,"examples":{"size":23873,"path":"media/images/examples_7_3b17a40d3c0003481150.png","format":"png","width":1200,"height":600,"_type":"image-file","sha256":"3b17a40d3c0003481150ce3cd5e234db4ef06f1019885019f6a3fed9b4772b2e"},"accuracy":0.8788148148148148,"confusion_matrix":{"width":1000,"height":800,"_type":"image-file","sha256":"ceb10285f1ab3fd4557e2edae23e0734f411230ce0e248cbec54f6cb8127dace","size":60058,"path":"media/images/confusion_matrix_6_ceb10285f1ab3fd4557e.png","format":"png"}}