{"_wandb":{"runtime":208},"accuracy":0.8928518518518519,"_runtime":208.5505485,"test_loss":0.4017566438880989,"confusion_matrix":{"height":800,"_type":"image-file","sha256":"f721dd4c4b3f233ebb50586006f9b03ead1cd7532dce5ee60de54d370c77f7d2","size":60646,"path":"media/images/confusion_matrix_11_f721dd4c4b3f233ebb50.png","format":"png","width":1000},"examples":{"format":"png","width":1200,"height":600,"_type":"image-file","sha256":"75cf3f2d6042056b9d89df460d23ed8f265f2d2a3c6eed2b5cf3bc7f22904ecc","size":29574,"path":"media/images/examples_12_75cf3f2d6042056b9d89.png"},"_step":12,"_timestamp":1.74212639787788e+09,"test_accuracy":0.87,"val_loss":0.37474974383499365,"val_accuracy":0.88,"loss":0.33571619162271504,"epoch":9}