{"examples":{"path":"media/images/examples_7_3b17a40d3c0003481150.png","format":"png","width":1200,"height":600,"_type":"image-file","sha256":"3b17a40d3c0003481150ce3cd5e234db4ef06f1019885019f6a3fed9b4772b2e","size":23873},"_step":7,"epoch":4,"accuracy":0.8576903139810427,"test_loss":0.4714220713442306,"test_accuracy":0.8466,"val_loss":0.4399752042651846,"_timestamp":1.7415533656253445e+09,"val_accuracy":0.8623333333333333,"_runtime":15.0902974,"_wandb":{"runtime":15},"loss":0.4472242772710928,"confusion_matrix":{"size":62535,"path":"media/images/confusion_matrix_6_07c120abbc55634adbb5.png","format":"png","width":1000,"height":800,"_type":"image-file","sha256":"07c120abbc55634adbb52b7eb4495d9c924ea0f90434e2ea2651631aece5038f"}}