{"confusion_matrix":{"format":"png","width":1000,"height":800,"_type":"image-file","sha256":"21e9cd847a16a225fecda8927f77a1a0d7034ead8b533a4ca3b71991df184037","size":62073,"path":"media/images/confusion_matrix_6_21e9cd847a16a225fecd.png"},"_timestamp":1.741527913049081e+09,"val_loss":0.44864968844418196,"_runtime":18.1221401,"test_accuracy":0.8217,"epoch":4,"val_accuracy":0.8363333333333334,"loss":0.4184990150645758,"accuracy":0.8570608708530806,"examples":{"format":"png","width":1200,"height":600,"_type":"image-file","sha256":"3b17a40d3c0003481150ce3cd5e234db4ef06f1019885019f6a3fed9b4772b2e","size":23873,"path":"media/images/examples_7_3b17a40d3c0003481150.png"},"_wandb":{"runtime":18},"test_loss":0.4931117014543447,"_step":7}