{"_runtime":130.489354,"epoch":9,"test_accuracy":0.8508,"confusion_matrix":{"format":"png","width":1000,"height":800,"_type":"image-file","sha256":"7d5c907bf69f51251ad25fb3527754482c2f8f54124898ca3987a2df11836c0e","size":62900,"path":"media/images/confusion_matrix_11_7d5c907bf69f51251ad2.png"},"val_loss":0.09931112800304107,"_timestamp":1.742075126195013e+09,"test_loss":0.10736241293351934,"val_accuracy":0.863,"_step":12,"accuracy":0.8674814814814815,"loss":0.09675069756359064,"_wandb":{"runtime":130},"examples":{"height":600,"_type":"image-file","sha256":"75cf3f2d6042056b9d89df460d23ed8f265f2d2a3c6eed2b5cf3bc7f22904ecc","size":29574,"path":"media/images/examples_12_75cf3f2d6042056b9d89.png","format":"png","width":1200}}