{"accuracy":0.8698533767772512,"epoch":9,"confusion_matrix":{"width":1000,"height":800,"_type":"image-file","sha256":"cb12a1e510d29a93eee4574d7997a3a1da38cdbc748a92b6018c18e99811872e","size":62990,"path":"media/images/confusion_matrix_11_cb12a1e510d29a93eee4.png","format":"png"},"_timestamp":1.7415421481467175e+09,"examples":{"sha256":"3b17a40d3c0003481150ce3cd5e234db4ef06f1019885019f6a3fed9b4772b2e","size":23873,"path":"media/images/examples_12_3b17a40d3c0003481150.png","format":"png","width":1200,"height":600,"_type":"image-file"},"_wandb":{"runtime":174},"test_loss":0.4111147238859583,"val_accuracy":0.8723333333333333,"test_accuracy":0.8644,"val_loss":0.39022398950958553,"_runtime":174.7032257,"_step":12,"loss":0.3893661234970488}