{"val_accuracy":0.8793333333333333,"_timestamp":1.7415711073795428e+09,"_runtime":107.5890443,"epoch":9,"test_accuracy":0.8697,"examples":{"path":"media/images/examples_12_3b17a40d3c0003481150.png","format":"png","width":1200,"height":600,"_type":"image-file","sha256":"3b17a40d3c0003481150ce3cd5e234db4ef06f1019885019f6a3fed9b4772b2e","size":23873},"accuracy":0.8941980154028436,"_step":12,"confusion_matrix":{"sha256":"ff83276923c06c6bb5eabfc744cdc199017b28f92d69b4ef260f24674e313da7","size":60704,"path":"media/images/confusion_matrix_11_ff83276923c06c6bb5ea.png","format":"png","width":1000,"height":800,"_type":"image-file"},"loss":0.0779828588403491,"val_loss":0.08667536311690006,"_wandb":{"runtime":107},"test_loss":0.09459867553513182}