{"test_accuracy":0.8805,"_runtime":338.7260706,"examples":{"width":1200,"height":600,"_type":"image-file","sha256":"3b17a40d3c0003481150ce3cd5e234db4ef06f1019885019f6a3fed9b4772b2e","size":23873,"path":"media/images/examples_12_3b17a40d3c0003481150.png","format":"png"},"loss":0.07459818725308295,"val_accuracy":0.8935,"_step":12,"confusion_matrix":{"sha256":"ac49136d80c743e18b97b3df3eef90a3d1f24ffeae63b740a36e22fb80b3b62e","size":61058,"path":"media/images/confusion_matrix_11_ac49136d80c743e18b97.png","format":"png","width":1000,"height":800,"_type":"image-file"},"epoch":9,"val_loss":0.08008706325935673,"_timestamp":1.7415561584323387e+09,"_wandb":{"runtime":338},"accuracy":0.898425925925926,"test_loss":0.08900324341065945}