{"examples":{"size":29574,"path":"media/images/examples_12_75cf3f2d6042056b9d89.png","format":"png","width":1200,"height":600,"_type":"image-file","sha256":"75cf3f2d6042056b9d89df460d23ed8f265f2d2a3c6eed2b5cf3bc7f22904ecc"},"accuracy":0.10213640402843602,"val_accuracy":0.09333333333333334,"_timestamp":1.7420703883594162e+09,"test_accuracy":0.1,"val_loss":0.45009107908581497,"loss":0.4500180118076619,"test_loss":0.4500383651067041,"epoch":9,"_wandb":{"runtime":164},"_step":12,"confusion_matrix":{"format":"png","width":1000,"height":800,"_type":"image-file","sha256":"24a617a8756e9b2d61681d6508f31a83b306fcb5703888b5b2a122aba43d688d","size":44800,"path":"media/images/confusion_matrix_11_24a617a8756e9b2d6168.png"},"_runtime":164.2689679}