{"examples":{"path":"media/images/examples_12_3b17a40d3c0003481150.png","format":"png","width":1200,"height":600,"_type":"image-file","sha256":"3b17a40d3c0003481150ce3cd5e234db4ef06f1019885019f6a3fed9b4772b2e","size":23873},"test_loss":2.302591265743618,"epoch":9,"val_accuracy":0.09333333333333334,"_timestamp":1.741550020556107e+09,"val_loss":2.302714617644603,"test_accuracy":0.1,"confusion_matrix":{"path":"media/images/confusion_matrix_11_24a617a8756e9b2d6168.png","format":"png","width":1000,"height":800,"_type":"image-file","sha256":"24a617a8756e9b2d61681d6508f31a83b306fcb5703888b5b2a122aba43d688d","size":44800},"_wandb":{"runtime":29},"_step":12,"loss":2.3025946670472495,"_runtime":29.17533,"accuracy":0.10074175552922592}