{"_timestamp":1.7421424874019527e+09,"loss":0.27476505226304604,"val_loss":0.3428621629601931,"examples":{"format":"png","width":1200,"height":600,"_type":"image-file","sha256":"75cf3f2d6042056b9d89df460d23ed8f265f2d2a3c6eed2b5cf3bc7f22904ecc","size":29574,"path":"media/images/examples_17_75cf3f2d6042056b9d89.png"},"_wandb":{"runtime":211},"val_accuracy":0.8865,"test_accuracy":0.8761,"epoch":14,"accuracy":0.9113410841232228,"_runtime":211.3229949,"test_loss":0.37062707338721756,"confusion_matrix":{"width":1000,"height":800,"_type":"image-file","sha256":"ce00df129dd4d9e1f7a91eb6651872a5a53360fd4987226161cbd242bb9f4f6e","size":62351,"path":"media/images/confusion_matrix_16_ce00df129dd4d9e1f7a9.png","format":"png"},"_step":17}