{"test_loss":0.5449030017793529,"val_accuracy":0.8488333333333333,"examples":{"sha256":"3b17a40d3c0003481150ce3cd5e234db4ef06f1019885019f6a3fed9b4772b2e","size":23873,"path":"media/images/examples_7_3b17a40d3c0003481150.png","format":"png","width":1200,"height":600,"_type":"image-file"},"_runtime":70.3826319,"val_loss":0.5041437245905077,"_wandb":{"runtime":70},"_timestamp":1.7415432024415646e+09,"loss":0.4588291048625018,"_step":7,"accuracy":0.8706617792259084,"test_accuracy":0.8441,"confusion_matrix":{"path":"media/images/confusion_matrix_6_1c44c480f5fe468298c7.png","format":"png","width":1000,"height":800,"_type":"image-file","sha256":"1c44c480f5fe468298c781082ab04e636005002e50ac8293b4969d22449e300e","size":61274},"epoch":4}