{"test_loss":0.09572558488822719,"_runtime":26.1607807,"examples":{"size":23873,"path":"media/images/examples_12_3b17a40d3c0003481150.png","format":"png","width":1200,"height":600,"_type":"image-file","sha256":"3b17a40d3c0003481150ce3cd5e234db4ef06f1019885019f6a3fed9b4772b2e"},"_wandb":{"runtime":26},"accuracy":0.8934389810426541,"_step":12,"test_accuracy":0.8685,"confusion_matrix":{"_type":"image-file","sha256":"ebca857c5525aea76f12ada717d76e7efe4f1064f167b520bb91c67d94a2880a","size":61202,"path":"media/images/confusion_matrix_11_ebca857c5525aea76f12.png","format":"png","width":1000,"height":800},"val_accuracy":0.8801666666666667,"loss":0.07801952890608646,"val_loss":0.0886733811709297,"_timestamp":1.7415505245320377e+09,"epoch":9}