{"_wandb":{"runtime":37},"epoch":4,"test_loss":0.4500349743838352,"loss":0.4500390663138485,"val_loss":0.4500044369300658,"accuracy":0.09978524881516587,"val_accuracy":0.102,"_step":7,"_runtime":37.1312649,"examples":{"sha256":"3b17a40d3c0003481150ce3cd5e234db4ef06f1019885019f6a3fed9b4772b2e","size":23873,"path":"media/images/examples_7_3b17a40d3c0003481150.png","format":"png","width":1200,"height":600,"_type":"image-file"},"test_accuracy":0.1,"_timestamp":1.7415805134866838e+09,"confusion_matrix":{"_type":"image-file","sha256":"3ef7f6662e931db033869ffed0cbb0de5417f0cd712e3c31b12b58e814e01d4a","size":45130,"path":"media/images/confusion_matrix_6_3ef7f6662e931db03386.png","format":"png","width":1000,"height":800}}