{"loss":0.07411943021431025,"accuracy":0.9000975019747235,"_timestamp":1.7420758148811543e+09,"epoch":14,"val_loss":0.0857164538933672,"val_accuracy":0.8816666666666667,"_runtime":47.8125924,"_step":17,"confusion_matrix":{"width":1000,"height":800,"_type":"image-file","sha256":"6e53d89ed8d067ced3afd59dd72880104f523f0b8f59aa87a98f34e75975ea64","size":60679,"path":"media/images/confusion_matrix_16_6e53d89ed8d067ced3af.png","format":"png"},"examples":{"_type":"image-file","sha256":"75cf3f2d6042056b9d89df460d23ed8f265f2d2a3c6eed2b5cf3bc7f22904ecc","size":29574,"path":"media/images/examples_17_75cf3f2d6042056b9d89.png","format":"png","width":1200,"height":600},"_wandb":{"runtime":47},"test_loss":0.09658043435728624,"test_accuracy":0.8654}