{"_step":12,"test_loss":0.21354310203758545,"accuracy":0.6775185185185185,"epoch":9,"_wandb":{"runtime":189},"confusion_matrix":{"width":1000,"height":800,"_type":"image-file","sha256":"89ac542935d7ff20c8926410b667496cb90b2606d0f52584ca30c3c4ae44541a","size":64549,"path":"media/images/confusion_matrix_11_89ac542935d7ff20c892.png","format":"png"},"test_accuracy":0.6817,"_runtime":189.7115996,"examples":{"width":1200,"height":600,"_type":"image-file","sha256":"3b17a40d3c0003481150ce3cd5e234db4ef06f1019885019f6a3fed9b4772b2e","size":23873,"path":"media/images/examples_12_3b17a40d3c0003481150.png","format":"png"},"val_loss":0.20650520837929764,"loss":0.2167235962078933,"_timestamp":1.7415811692550006e+09,"val_accuracy":0.696}