{"_step":22,"_wandb":{"runtime":289},"_runtime":289.8411418,"test_loss":0.36590345353782633,"examples":{"width":1200,"height":600,"_type":"image-file","sha256":"75cf3f2d6042056b9d89df460d23ed8f265f2d2a3c6eed2b5cf3bc7f22904ecc","size":29574,"path":"media/images/examples_22_75cf3f2d6042056b9d89.png","format":"png"},"loss":0.2653783463722506,"val_accuracy":0.8925,"epoch":19,"accuracy":0.9197089751184834,"test_accuracy":0.8838,"confusion_matrix":{"height":800,"_type":"image-file","sha256":"b40332f58dfacb17ca88f04edc96a889633bf78d9745c9a41dc5b057829523bf","size":61514,"path":"media/images/confusion_matrix_21_b40332f58dfacb17ca88.png","format":"png","width":1000},"_timestamp":1.742144931228048e+09,"val_loss":0.34417273727141584}