{"_step":17,"test_accuracy":0.1,"examples":{"height":600,"_type":"image-file","sha256":"75cf3f2d6042056b9d89df460d23ed8f265f2d2a3c6eed2b5cf3bc7f22904ecc","size":29574,"path":"media/images/examples_17_75cf3f2d6042056b9d89.png","format":"png","width":1200},"val_accuracy":0.09333333333333334,"_runtime":86.9998612,"test_loss":2.302587827888058,"_wandb":{"runtime":87},"epoch":14,"confusion_matrix":{"height":800,"_type":"image-file","sha256":"24a617a8756e9b2d61681d6508f31a83b306fcb5703888b5b2a122aba43d688d","size":44800,"path":"media/images/confusion_matrix_16_24a617a8756e9b2d6168.png","format":"png","width":1000},"loss":2.3025823044407145,"accuracy":0.1012292654028436,"val_loss":2.302626939611511,"_timestamp":1.7420642068986187e+09}