{"accuracy":0.9007407407407407,"test_accuracy":0.8731,"examples":{"width":1200,"height":600,"_type":"image-file","sha256":"3b17a40d3c0003481150ce3cd5e234db4ef06f1019885019f6a3fed9b4772b2e","size":23873,"path":"media/images/examples_12_3b17a40d3c0003481150.png","format":"png"},"epoch":9,"_wandb":{"runtime":321},"_step":12,"val_loss":0.0889313646842383,"test_loss":0.09484004987255615,"confusion_matrix":{"path":"media/images/confusion_matrix_11_00940b2e4862ca75ffa0.png","format":"png","width":1000,"height":800,"_type":"image-file","sha256":"00940b2e4862ca75ffa0cd5bc72cea564c0f97681a81cb815a6475d9a038d5e0","size":62203},"_timestamp":1.7415723845200193e+09,"val_accuracy":0.8801666666666667,"_runtime":321.6028691,"loss":0.07327249767100494}