{"test_accuracy":0.864,"_runtime":21.9538071,"confusion_matrix":{"format":"png","width":1000,"height":800,"_type":"image-file","sha256":"4f8a6790f4966d199fdb092a4a8a64110c75265c5a128fe175e6af79a10f438e","size":61692,"path":"media/images/confusion_matrix_6_4f8a6790f4966d199fdb.png"},"accuracy":0.8725740740740741,"examples":{"width":1200,"height":600,"_type":"image-file","sha256":"3b17a40d3c0003481150ce3cd5e234db4ef06f1019885019f6a3fed9b4772b2e","size":23873,"path":"media/images/examples_7_3b17a40d3c0003481150.png","format":"png"},"val_loss":0.36543465733045377,"epoch":4,"val_accuracy":0.874,"_timestamp":1.7415503490325804e+09,"_wandb":{"runtime":21},"_step":7,"loss":0.3809722726942312,"test_loss":0.40299558266030844}