{"test_accuracy":0.8545,"accuracy":0.8727043838862559,"val_loss":0.404388693442109,"_step":22,"loss":0.39464902181083045,"_wandb":{"runtime":113},"_timestamp":1.7421117405026157e+09,"epoch":19,"confusion_matrix":{"sha256":"df78dd8d7188877055cf2767bc4f1bafaa56486fea2b74afc082f3763aa1d4f4","size":62816,"path":"media/images/confusion_matrix_21_df78dd8d7188877055cf.png","format":"png","width":1000,"height":800,"_type":"image-file"},"examples":{"size":29574,"path":"media/images/examples_22_75cf3f2d6042056b9d89.png","format":"png","width":1200,"height":600,"_type":"image-file","sha256":"75cf3f2d6042056b9d89df460d23ed8f265f2d2a3c6eed2b5cf3bc7f22904ecc"},"test_loss":0.4370433142302446,"val_accuracy":0.8681666666666666,"_runtime":113.8310109}