{"test_loss":0.4377252688156142,"accuracy":0.8708839356240126,"epoch":4,"_runtime":40.4878113,"test_accuracy":0.856,"examples":{"width":1200,"height":600,"_type":"image-file","sha256":"3b17a40d3c0003481150ce3cd5e234db4ef06f1019885019f6a3fed9b4772b2e","size":23873,"path":"media/images/examples_7_3b17a40d3c0003481150.png","format":"png"},"val_loss":0.40415915395530183,"_timestamp":1.7415401122948565e+09,"val_accuracy":0.8716666666666667,"_wandb":{"runtime":40},"_step":7,"confusion_matrix":{"height":800,"_type":"image-file","sha256":"8bdedb4db0cc189c949f208162ab82fee6aab703c3afdc521040244ed4002436","size":60587,"path":"media/images/confusion_matrix_6_8bdedb4db0cc189c949f.png","format":"png","width":1000},"loss":0.40626566434456274}