{"_timestamp":1.7415495848251467e+09,"_step":7,"test_loss":0.4061352423574144,"epoch":4,"_runtime":56.2614646,"loss":0.33352610039631453,"val_accuracy":0.8713333333333333,"accuracy":0.8853981536334913,"examples":{"path":"media/images/examples_7_3b17a40d3c0003481150.png","format":"png","width":1200,"height":600,"_type":"image-file","sha256":"3b17a40d3c0003481150ce3cd5e234db4ef06f1019885019f6a3fed9b4772b2e","size":23873},"test_accuracy":0.8633,"confusion_matrix":{"width":1000,"height":800,"_type":"image-file","sha256":"6d17cd6e5bd814c1e6c0db996bf409a2c5e4d25758773fc477ae0f3940cb660c","size":61090,"path":"media/images/confusion_matrix_6_6d17cd6e5bd814c1e6c0.png","format":"png"},"_wandb":{"runtime":56},"val_loss":0.37569360100797267}