{"test_loss":0.40325487503149227,"epoch":9,"_runtime":85.8878093,"loss":0.34503736476017155,"accuracy":0.8885453692733017,"_step":12,"val_loss":0.36644927396516097,"confusion_matrix":{"format":"png","width":1000,"height":800,"_type":"image-file","sha256":"6bdea9c2dc238cc7d3ad18ce498a6928eae2658a4c5268dcc71685d2028e41a0","size":61903,"path":"media/images/confusion_matrix_11_6bdea9c2dc238cc7d3ad.png"},"val_accuracy":0.8736666666666667,"_timestamp":1.7415386880403218e+09,"test_accuracy":0.865,"_wandb":{"runtime":85},"examples":{"path":"media/images/examples_12_3b17a40d3c0003481150.png","format":"png","width":1200,"height":600,"_type":"image-file","sha256":"3b17a40d3c0003481150ce3cd5e234db4ef06f1019885019f6a3fed9b4772b2e","size":23873}}