{"val_loss":0.8907702324099044,"_timestamp":1.7415541998008673e+09,"_runtime":112.9416773,"val_accuracy":0.761,"epoch":4,"test_loss":0.9193498412760528,"_step":7,"test_accuracy":0.7508,"loss":0.887723467618557,"accuracy":0.7584074074074074,"confusion_matrix":{"path":"media/images/confusion_matrix_6_992f41c319850a8852f5.png","format":"png","width":1000,"height":800,"_type":"image-file","sha256":"992f41c319850a8852f5ee60f26e486d585b9093bc144220203f3984267ed7e7","size":62168},"examples":{"_type":"image-file","sha256":"3b17a40d3c0003481150ce3cd5e234db4ef06f1019885019f6a3fed9b4772b2e","size":23873,"path":"media/images/examples_7_3b17a40d3c0003481150.png","format":"png","width":1200,"height":600},"_wandb":{"runtime":112}}