{"examples":{"size":29574,"path":"media/images/examples_17_75cf3f2d6042056b9d89.png","format":"png","width":1200,"height":600,"_type":"image-file","sha256":"75cf3f2d6042056b9d89df460d23ed8f265f2d2a3c6eed2b5cf3bc7f22904ecc"},"accuracy":0.875259182464455,"_timestamp":1.742111806110634e+09,"test_loss":0.44304549900427864,"_runtime":52.8601724,"confusion_matrix":{"format":"png","width":1000,"height":800,"_type":"image-file","sha256":"532ee37db5d534e9f111d04f38d88c364b4f0a3267b9e63698b65666d2ada74a","size":62385,"path":"media/images/confusion_matrix_16_532ee37db5d534e9f111.png"},"loss":0.3981017285142454,"test_accuracy":0.8596,"_wandb":{"runtime":52},"val_loss":0.41629851826625514,"epoch":14,"val_accuracy":0.8691666666666666,"_step":17}