{"_step":12,"_wandb":{"runtime":37},"_timestamp":1.741531078001458e+09,"confusion_matrix":{"size":63069,"path":"media/images/confusion_matrix_11_55fa6526873dba464ccd.png","format":"png","width":1000,"height":800,"_type":"image-file","sha256":"55fa6526873dba464ccdf00fcf02282d585a6a6ed320a00f8c86260dbe2e4d6f"},"test_loss":0.10205782486337939,"examples":{"width":1200,"height":600,"_type":"image-file","sha256":"3b17a40d3c0003481150ce3cd5e234db4ef06f1019885019f6a3fed9b4772b2e","size":23873,"path":"media/images/examples_12_3b17a40d3c0003481150.png","format":"png"},"test_accuracy":0.8626,"_runtime":37.978916,"val_loss":0.0949803563674859,"val_accuracy":0.8678333333333333,"loss":0.09302064630095365,"epoch":9,"accuracy":0.8732968009478673}