{"examples":{"width":1200,"height":600,"_type":"image-file","sha256":"75cf3f2d6042056b9d89df460d23ed8f265f2d2a3c6eed2b5cf3bc7f22904ecc","size":29574,"path":"media/images/examples_17_75cf3f2d6042056b9d89.png","format":"png"},"val_accuracy":0.099,"_step":17,"val_loss":2.3025284176283183,"_timestamp":1.7420692747028658e+09,"test_loss":2.3026035510398133,"loss":2.30262015230557,"confusion_matrix":{"height":800,"_type":"image-file","sha256":"2b3a05ec871c33689ee911aab8ce77044427c04bbb582f962239aca311c9a1be","size":45099,"path":"media/images/confusion_matrix_16_2b3a05ec871c33689ee9.png","format":"png","width":1000},"test_accuracy":0.1,"accuracy":0.10014933846761453,"_wandb":{"runtime":61},"_runtime":61.6933704,"epoch":14}