{"val_accuracy":0.8796666666666667,"_step":12,"accuracy":0.8891686413902055,"val_loss":0.08656686735032143,"_runtime":88.1457923,"examples":{"_type":"image-file","sha256":"3b17a40d3c0003481150ce3cd5e234db4ef06f1019885019f6a3fed9b4772b2e","size":23873,"path":"media/images/examples_12_3b17a40d3c0003481150.png","format":"png","width":1200,"height":600},"test_loss":0.09401621548595647,"confusion_matrix":{"sha256":"cfdffd2e6157d35d930342c9d5e2aac867a1ba27db60bec9eb0fabe0cbe69dce","size":62112,"path":"media/images/confusion_matrix_11_cfdffd2e6157d35d9303.png","format":"png","width":1000,"height":800,"_type":"image-file"},"_timestamp":1.7415604228052003e+09,"loss":0.08097938187709706,"test_accuracy":0.8724,"epoch":9,"_wandb":{"runtime":88}}