{"test_loss":0.4310702234388347,"_wandb":{"runtime":19},"accuracy":0.8741296296296296,"test_accuracy":0.8604,"loss":0.3770339453343801,"val_loss":0.3962380453436955,"val_accuracy":0.8706666666666667,"_step":7,"epoch":4,"examples":{"height":600,"_type":"image-file","sha256":"3b17a40d3c0003481150ce3cd5e234db4ef06f1019885019f6a3fed9b4772b2e","size":23873,"path":"media/images/examples_7_3b17a40d3c0003481150.png","format":"png","width":1200},"confusion_matrix":{"format":"png","width":1000,"height":800,"_type":"image-file","sha256":"5e5a238a58875ba4b5b6719779aa7d4652123a7d85b59f1eca6bbac545a6e964","size":61599,"path":"media/images/confusion_matrix_6_5e5a238a58875ba4b5b6.png"},"_timestamp":1.7415519629004095e+09,"_runtime":19.871094}