{"examples":{"width":1200,"height":600,"_type":"image-file","sha256":"75cf3f2d6042056b9d89df460d23ed8f265f2d2a3c6eed2b5cf3bc7f22904ecc","size":29574,"path":"media/images/examples_22_75cf3f2d6042056b9d89.png","format":"png"},"_runtime":485.8317162,"val_loss":0.3561364084143982,"test_accuracy":0.8749,"test_loss":0.3903948146386644,"loss":0.2710460712818786,"val_accuracy":0.8813333333333333,"confusion_matrix":{"width":1000,"height":800,"_type":"image-file","sha256":"e8733b28f3c4439e98e329a124438e3b9e36d56b636603d754897b284505eac0","size":60739,"path":"media/images/confusion_matrix_21_e8733b28f3c4439e98e3.png","format":"png"},"epoch":19,"_step":22,"accuracy":0.9116928317535545,"_timestamp":1.7421152011036928e+09,"_wandb":{"runtime":485}}