{"test_accuracy":0.8765,"_step":22,"examples":{"_type":"image-file","sha256":"75cf3f2d6042056b9d89df460d23ed8f265f2d2a3c6eed2b5cf3bc7f22904ecc","size":29574,"path":"media/images/examples_22_75cf3f2d6042056b9d89.png","format":"png","width":1200,"height":600},"epoch":19,"accuracy":0.9009552725118484,"val_loss":0.3527097995893568,"_wandb":{"runtime":128},"_timestamp":1.7421116138608618e+09,"loss":0.3105167604382429,"confusion_matrix":{"path":"media/images/confusion_matrix_21_7497b2d6f2e9a0d53cbf.png","format":"png","width":1000,"height":800,"_type":"image-file","sha256":"7497b2d6f2e9a0d53cbf367f46a49f87b0df54d77334d82d72bc54fbbb992d6f","size":60589},"test_loss":0.3793246986117808,"val_accuracy":0.8823333333333333,"_runtime":128.8690706}