{"test_accuracy":0.9561,"confusion_matrix":{"width":4425,"height":4164,"_type":"image-file","sha256":"a28354d8ae8b62268bb51167201defeef0dff951a5e4f07c2865c6c4a49c927a","size":318193,"path":"media/images/confusion_matrix_16_a28354d8ae8b62268bb5.png","format":"png"},"accuracy":0.963,"_wandb":{"runtime":396},"epoch":14,"_step":17,"_timestamp":1.7422298718412375e+09,"loss":0.16657105202551473,"val_accuracy":0.9595,"val_loss":0.17090297914500266,"predictions":{"path":"media/images/predictions_17_18acfdd4dd4b378ee502.png","format":"png","width":2250,"height":900,"_type":"image-file","sha256":"18acfdd4dd4b378ee502824cbc625beebe2614051c4e4bf86b0e7c1334a5842f","size":29550},"test_loss":0.17778349337672658,"_runtime":395.9916753}