{"loss":0.4577391385962405,"_runtime":101.9878298,"test_accuracy":0.8513,"epoch":9,"_timestamp":1.7421417785281723e+09,"_step":12,"confusion_matrix":{"size":62412,"path":"media/images/confusion_matrix_11_f0316eb5b6671f0792d5.png","format":"png","width":1000,"height":800,"_type":"image-file","sha256":"f0316eb5b6671f0792d56bd30144322ce717aaf237cfcc4668084925cdd8e87c"},"examples":{"path":"media/images/examples_12_75cf3f2d6042056b9d89.png","format":"png","width":1200,"height":600,"_type":"image-file","sha256":"75cf3f2d6042056b9d89df460d23ed8f265f2d2a3c6eed2b5cf3bc7f22904ecc","size":29574},"test_loss":0.5075203838593402,"val_accuracy":0.8583333333333333,"_wandb":{"runtime":102},"val_loss":0.4915427487033215,"accuracy":0.8693888888888889}