{"examples":{"format":"png","width":1200,"height":600,"_type":"image-file","sha256":"3b17a40d3c0003481150ce3cd5e234db4ef06f1019885019f6a3fed9b4772b2e","size":23873,"path":"media/images/examples_7_3b17a40d3c0003481150.png"},"_step":7,"confusion_matrix":{"path":"media/images/confusion_matrix_6_cc821344deeb58a186e1.png","format":"png","width":1000,"height":800,"_type":"image-file","sha256":"cc821344deeb58a186e1b087fc4a4880da8532c5e3896531879250bee1f74cd9","size":63216},"_wandb":{"runtime":33},"val_accuracy":0.8675,"_runtime":33.2274622,"epoch":4,"test_loss":0.10712284055923156,"accuracy":0.8642069016587678,"_timestamp":1.7415650802722955e+09,"loss":0.10050685073933181,"val_loss":0.09761063262678721,"test_accuracy":0.855}