{"test_accuracy":0.7896,"test_loss":0.1502287203465305,"examples":{"path":"media/images/examples_7_3b17a40d3c0003481150.png","format":"png","width":1200,"height":600,"_type":"image-file","sha256":"3b17a40d3c0003481150ce3cd5e234db4ef06f1019885019f6a3fed9b4772b2e","size":23873},"_wandb":{"runtime":18},"confusion_matrix":{"width":1000,"height":800,"_type":"image-file","sha256":"316288dd88318622fc388849ba7f1999ceefdd1df30264a420e70c7a4ccd4085","size":63575,"path":"media/images/confusion_matrix_6_316288dd88318622fc38.png","format":"png"},"_step":7,"epoch":4,"loss":0.14832422124224895,"accuracy":0.7924442140600315,"val_loss":0.14079210346510396,"val_accuracy":0.8028333333333333,"_timestamp":1.7415688275493352e+09,"_runtime":18.6167675}