{"test_accuracy":0.8637,"loss":0.3260079515976156,"accuracy":0.8942592592592593,"epoch":19,"examples":{"_type":"image-file","sha256":"75cf3f2d6042056b9d89df460d23ed8f265f2d2a3c6eed2b5cf3bc7f22904ecc","size":29574,"path":"media/images/examples_22_75cf3f2d6042056b9d89.png","format":"png","width":1200,"height":600},"confusion_matrix":{"path":"media/images/confusion_matrix_21_6d4a219b6c0eb4cd92a5.png","format":"png","width":1000,"height":800,"_type":"image-file","sha256":"6d4a219b6c0eb4cd92a5229c8b7b9efab8a53c9cffc3dc27ce221a294b0735cb","size":61890},"val_loss":0.3635813821282309,"test_loss":0.4024056417395096,"val_accuracy":0.8778333333333334,"_timestamp":1.7421137986831448e+09,"_wandb":{"runtime":609},"_runtime":609.2255396,"_step":22}