{"accuracy":0.09987037037037037,"loss":2.3026121717105177,"_wandb":{"runtime":79},"_runtime":79.807982,"_step":12,"test_loss":2.3025913231205033,"confusion_matrix":{"_type":"image-file","sha256":"24a617a8756e9b2d61681d6508f31a83b306fcb5703888b5b2a122aba43d688d","size":44800,"path":"media/images/confusion_matrix_11_24a617a8756e9b2d6168.png","format":"png","width":1000,"height":800},"test_accuracy":0.1,"_timestamp":1.7420712566123953e+09,"val_loss":2.3027071252882605,"examples":{"width":1200,"height":600,"_type":"image-file","sha256":"75cf3f2d6042056b9d89df460d23ed8f265f2d2a3c6eed2b5cf3bc7f22904ecc","size":29574,"path":"media/images/examples_12_75cf3f2d6042056b9d89.png","format":"png"},"val_accuracy":0.09333333333333334,"epoch":9}