{"val_accuracy":0.8906666666666667,"confusion_matrix":{"width":1000,"height":800,"_type":"image-file","sha256":"391013477fd05e6a03bdf1da841bea1671ff67a323e18d50f34988ce643a4a68","size":60683,"path":"media/images/confusion_matrix_11_391013477fd05e6a03bd.png","format":"png"},"loss":0.07550506262207417,"_wandb":{"runtime":121},"_step":12,"epoch":9,"test_accuracy":0.8814,"_runtime":121.5812799,"accuracy":0.8975488744075829,"val_loss":0.08129145865879356,"test_loss":0.08946152497322543,"_timestamp":1.7415296996878846e+09,"examples":{"size":23873,"path":"media/images/examples_12_3b17a40d3c0003481150.png","format":"png","width":1200,"height":600,"_type":"image-file","sha256":"3b17a40d3c0003481150ce3cd5e234db4ef06f1019885019f6a3fed9b4772b2e"}}