{"_runtime":54.8733396,"test_loss":0.09508791371402235,"loss":0.0746398282431799,"epoch":9,"_timestamp":1.7415301307191162e+09,"examples":{"path":"media/images/examples_12_3b17a40d3c0003481150.png","format":"png","width":1200,"height":600,"_type":"image-file","sha256":"3b17a40d3c0003481150ce3cd5e234db4ef06f1019885019f6a3fed9b4772b2e","size":23873},"_step":12,"confusion_matrix":{"path":"media/images/confusion_matrix_11_14092c615821e0497cc1.png","format":"png","width":1000,"height":800,"_type":"image-file","sha256":"14092c615821e0497cc119b51f1efdc7fa986767274ff91f337b7247515b8fc6","size":60356},"test_accuracy":0.8701,"_wandb":{"runtime":54},"accuracy":0.8982400276461295,"val_loss":0.0872200038248508,"val_accuracy":0.881}