{"test_accuracy":0.8847,"examples":{"sha256":"75cf3f2d6042056b9d89df460d23ed8f265f2d2a3c6eed2b5cf3bc7f22904ecc","size":29574,"path":"media/images/examples_17_75cf3f2d6042056b9d89.png","format":"png","width":1200,"height":600,"_type":"image-file"},"accuracy":0.9157037037037037,"val_accuracy":0.891,"_timestamp":1.7420723117370474e+09,"confusion_matrix":{"sha256":"0d4adb44750da3a95be85e2184e67e11730f824e6c6ddaf19cab565d0533b2f0","size":60810,"path":"media/images/confusion_matrix_16_0d4adb44750da3a95be8.png","format":"png","width":1000,"height":800,"_type":"image-file"},"_runtime":393.873892,"_step":17,"epoch":14,"test_loss":0.08488524836833788,"val_loss":0.08011166403744269,"_wandb":{"runtime":393},"loss":0.06280588587369568}