{"examples":{"path":"media/images/examples_12_3b17a40d3c0003481150.png","format":"png","width":1200,"height":600,"_type":"image-file","sha256":"3b17a40d3c0003481150ce3cd5e234db4ef06f1019885019f6a3fed9b4772b2e","size":23873},"_timestamp":1.7415631074094946e+09,"epoch":9,"_runtime":57.7766356,"loss":0.07863494015539123,"accuracy":0.8930370370370371,"test_accuracy":0.867,"confusion_matrix":{"size":61095,"path":"media/images/confusion_matrix_11_5799c4ce8c8933486907.png","format":"png","width":1000,"height":800,"_type":"image-file","sha256":"5799c4ce8c89334869071d08467169e6ac6f49626cb8d2bbdc506f932d9b7a0d"},"val_loss":0.0861598839811898,"_step":12,"test_loss":0.09487621682714441,"_wandb":{"runtime":57},"val_accuracy":0.8808333333333334}