{"loss":0.07276403557116126,"confusion_matrix":{"height":800,"_type":"image-file","sha256":"f0028a8e8d57b12eab4c1f6bedb46fcc2a7fed2b71992416b8832e36616b9ef3","size":61914,"path":"media/images/confusion_matrix_11_f0028a8e8d57b12eab4c.png","format":"png","width":1000},"_step":12,"val_accuracy":0.8785,"_runtime":87.1327477,"_timestamp":1.741553943658964e+09,"test_accuracy":0.869,"accuracy":0.9007824842022116,"test_loss":0.0950950941759346,"_wandb":{"runtime":87},"epoch":9,"val_loss":0.0889678493166666,"examples":{"path":"media/images/examples_12_3b17a40d3c0003481150.png","format":"png","width":1200,"height":600,"_type":"image-file","sha256":"3b17a40d3c0003481150ce3cd5e234db4ef06f1019885019f6a3fed9b4772b2e","size":23873}}