{"accuracy":0.8988888888888888,"test_accuracy":0.8532,"_timestamp":1.7420705001063554e+09,"examples":{"width":1200,"height":600,"_type":"image-file","sha256":"75cf3f2d6042056b9d89df460d23ed8f265f2d2a3c6eed2b5cf3bc7f22904ecc","size":29574,"path":"media/images/examples_22_75cf3f2d6042056b9d89.png","format":"png"},"_wandb":{"runtime":314},"test_loss":0.10249649816737537,"_runtime":314.6347527,"epoch":19,"loss":0.07459902890679823,"val_loss":0.09382715594364766,"confusion_matrix":{"format":"png","width":1000,"height":800,"_type":"image-file","sha256":"0d6ceea8fd04c614f918f3b95a43c50d8dc3038bfc662e42173e08180b8d21b6","size":62082,"path":"media/images/confusion_matrix_21_0d6ceea8fd04c614f918.png"},"val_accuracy":0.8671666666666666,"_step":22}