{"confusion_matrix":{"width":1000,"height":800,"_type":"image-file","sha256":"4f2e51ff0b7f9e159c6580d2c04566f0bfa82384866670f52741ff93adda9154","size":60745,"path":"media/images/confusion_matrix_21_4f2e51ff0b7f9e159c65.png","format":"png"},"accuracy":0.8967407407407407,"_wandb":{"runtime":333},"loss":0.31701769738614144,"examples":{"path":"media/images/examples_22_75cf3f2d6042056b9d89.png","format":"png","width":1200,"height":600,"_type":"image-file","sha256":"75cf3f2d6042056b9d89df460d23ed8f265f2d2a3c6eed2b5cf3bc7f22904ecc","size":29574},"val_loss":0.35785643271712214,"epoch":19,"test_accuracy":0.8679,"_step":22,"val_accuracy":0.8803333333333333,"test_loss":0.39311035775201275,"_timestamp":1.7421205012153096e+09,"_runtime":333.3483288}