{"val_loss":0.3726288073249443,"_timestamp":1.7415324957473307e+09,"accuracy":0.8880270043443917,"loss":0.3438557387889379,"_step":12,"val_accuracy":0.8703333333333333,"_runtime":48.6479537,"_wandb":{"runtime":48},"epoch":9,"test_accuracy":0.8556,"confusion_matrix":{"path":"media/images/confusion_matrix_11_696dc643f3fffcb4a8db.png","format":"png","width":1000,"height":800,"_type":"image-file","sha256":"696dc643f3fffcb4a8db981805fd56e4eff31270bf11f0dead33b40e7cb70864","size":60880},"examples":{"width":1200,"height":600,"_type":"image-file","sha256":"3b17a40d3c0003481150ce3cd5e234db4ef06f1019885019f6a3fed9b4772b2e","size":23873,"path":"media/images/examples_12_3b17a40d3c0003481150.png","format":"png"},"test_loss":0.4142085759871249}