{"val_accuracy":0.793,"_timestamp":1.7422055834535804e+09,"epoch":0,"test_loss":0.6390160285160347,"predictions":{"width":2250,"height":900,"_type":"image-file","sha256":"f84e75f49c2c97a2b80137ff6334ad5ab36077a639927b0a3276646a15fe61a0","size":53743,"path":"media/images/predictions_3_f84e75f49c2c97a2b801.png","format":"png"},"_runtime":11.8012079,"loss":0.9080878945738272,"_wandb":{"runtime":12},"_step":3,"accuracy":0.6782187993680884,"test_accuracy":0.7873,"val_loss":0.6295154167097676,"confusion_matrix":{"path":"media/images/confusion_matrix_2_9b2b88a38f37bd1f7c4e.png","format":"png","width":3367,"height":2963,"_type":"image-file","sha256":"9b2b88a38f37bd1f7c4e36dfc29b64b41c7ed9b369d99a07a1ef595b73e7ffce","size":334566}}