{"confusion_matrix":{"size":44800,"path":"media/images/confusion_matrix_11_24a617a8756e9b2d6168.png","format":"png","width":1000,"height":800,"_type":"image-file","sha256":"24a617a8756e9b2d61681d6508f31a83b306fcb5703888b5b2a122aba43d688d"},"loss":2.3026271120059554,"_wandb":{"runtime":79},"accuracy":0.1007540975513428,"val_loss":2.3027259795101362,"test_accuracy":0.1,"_runtime":79.4305228,"examples":{"width":1200,"height":600,"_type":"image-file","sha256":"3b17a40d3c0003481150ce3cd5e234db4ef06f1019885019f6a3fed9b4772b2e","size":23873,"path":"media/images/examples_12_3b17a40d3c0003481150.png","format":"png"},"test_loss":2.3025930659796257,"_step":12,"val_accuracy":0.09333333333333334,"epoch":9,"_timestamp":1.7415805977656193e+09}