{"test_loss":0.3835758215997892,"val_accuracy":0.8788333333333334,"val_loss":0.36306611548027506,"_timestamp":1.7421437713890846e+09,"_runtime":135.4227141,"confusion_matrix":{"height":800,"_type":"image-file","sha256":"982d5a6eab69230967bab78dabb9881d155f7e542273f80ad11dfc934f05e390","size":61242,"path":"media/images/confusion_matrix_16_982d5a6eab69230967ba.png","format":"png","width":1000},"epoch":14,"_step":17,"_wandb":{"runtime":135},"accuracy":0.9070213763823064,"loss":0.2907507547535632,"test_accuracy":0.8754,"examples":{"size":29574,"path":"media/images/examples_17_75cf3f2d6042056b9d89.png","format":"png","width":1200,"height":600,"_type":"image-file","sha256":"75cf3f2d6042056b9d89df460d23ed8f265f2d2a3c6eed2b5cf3bc7f22904ecc"}}