{"val_accuracy":0.8708333333333333,"test_accuracy":0.8602,"loss":0.09033592169253792,"_wandb":{"runtime":271},"_runtime":271.667565,"_step":22,"test_loss":0.10254650471118726,"val_loss":0.09443725857272822,"epoch":19,"accuracy":0.8782582938388626,"confusion_matrix":{"_type":"image-file","sha256":"3dd3e49c7aeb925f7b8f439fbf29f3df00cd4145f5537d5ff3117af4f7c39252","size":62594,"path":"media/images/confusion_matrix_21_3dd3e49c7aeb925f7b8f.png","format":"png","width":1000,"height":800},"examples":{"path":"media/images/examples_22_75cf3f2d6042056b9d89.png","format":"png","width":1200,"height":600,"_type":"image-file","sha256":"75cf3f2d6042056b9d89df460d23ed8f265f2d2a3c6eed2b5cf3bc7f22904ecc","size":29574},"_timestamp":1.742069272114666e+09}