{"_wandb":{"runtime":122},"_runtime":122.9011193,"val_loss":0.37734042888647157,"examples":{"height":600,"_type":"image-file","sha256":"75cf3f2d6042056b9d89df460d23ed8f265f2d2a3c6eed2b5cf3bc7f22904ecc","size":29574,"path":"media/images/examples_17_75cf3f2d6042056b9d89.png","format":"png","width":1200},"_step":17,"test_loss":0.393093103076992,"_timestamp":1.7421415364787698e+09,"test_accuracy":0.8685,"confusion_matrix":{"path":"media/images/confusion_matrix_16_289a1fa165ddb327cf4d.png","format":"png","width":1000,"height":800,"_type":"image-file","sha256":"289a1fa165ddb327cf4dadd457550bc4e3482e839fb211daacf658c7161e139f","size":61408},"accuracy":0.9043986966824644,"loss":0.2907658372937712,"val_accuracy":0.873,"epoch":14}