{"_runtime":29.8431556,"epoch":4,"loss":0.3914940554407355,"_step":7,"val_accuracy":0.8623333333333333,"examples":{"path":"media/images/examples_7_3b17a40d3c0003481150.png","format":"png","width":1200,"height":600,"_type":"image-file","sha256":"3b17a40d3c0003481150ce3cd5e234db4ef06f1019885019f6a3fed9b4772b2e","size":23873},"val_loss":0.41425481207339615,"_timestamp":1.741554941921313e+09,"accuracy":0.8686666666666667,"test_loss":0.4503070117361384,"test_accuracy":0.8485,"confusion_matrix":{"format":"png","width":1000,"height":800,"_type":"image-file","sha256":"2dbd7414a98c23a8351925eb3c4a46c7bc4cb55731e86c97f61510a776267b12","size":62734,"path":"media/images/confusion_matrix_6_2dbd7414a98c23a83519.png"},"_wandb":{"runtime":29}}