{"examples":{"height":600,"_type":"image-file","sha256":"3b17a40d3c0003481150ce3cd5e234db4ef06f1019885019f6a3fed9b4772b2e","size":23873,"path":"media/images/examples_7_3b17a40d3c0003481150.png","format":"png","width":1200},"epoch":4,"_runtime":42.0359106,"test_loss":2.0634203376490174,"confusion_matrix":{"_type":"image-file","sha256":"61101523b5e3053e2c88fb4fc9675937f9132e5a9cc0c6132d288f17848cd59a","size":58408,"path":"media/images/confusion_matrix_6_61101523b5e3053e2c88.png","format":"png","width":1000,"height":800},"val_accuracy":0.35583333333333333,"loss":2.0983809213259477,"val_loss":2.06131955529669,"_wandb":{"runtime":42},"test_accuracy":0.3531,"accuracy":0.33038359004739337,"_timestamp":1.741540013071293e+09,"_step":7}