{"loss":0.25476727814305106,"val_accuracy":0.8805,"epoch":19,"_timestamp":1.7422243741545663e+09,"confusion_matrix":{"_type":"image-file","sha256":"4ed3c9f90ce46d5dc601be1b2495a9f3c861b1eaf59a34218740866c25aac065","size":397743,"path":"media/images/confusion_matrix_21_4ed3c9f90ce46d5dc601.png","format":"png","width":4447,"height":4163},"_wandb":{"runtime":199},"accuracy":0.9206778238546603,"test_accuracy":0.8772,"predictions":{"_type":"image-file","sha256":"4cddfca3106170778dd62bd2b36e2255f6660e8bb20aa23de9fea521cdb5760d","size":51675,"path":"media/images/predictions_22_4cddfca3106170778dd6.png","format":"png","width":2250,"height":900},"_runtime":198.8498547,"val_loss":0.34947148741541084,"test_loss":0.3779173527936913,"_step":22}