{"epoch":14,"test_loss":0.37719373069465806,"_wandb":{"runtime":149},"accuracy":0.8972711789099526,"_step":17,"confusion_matrix":{"_type":"image-file","sha256":"ca53dcb362e67111cfe9ded470897df3ad94215cd8956ae1d60843c7a52ca67d","size":61930,"path":"media/images/confusion_matrix_16_ca53dcb362e67111cfe9.png","format":"png","width":1000,"height":800},"test_accuracy":0.8723,"examples":{"path":"media/images/examples_17_75cf3f2d6042056b9d89.png","format":"png","width":1200,"height":600,"_type":"image-file","sha256":"75cf3f2d6042056b9d89df460d23ed8f265f2d2a3c6eed2b5cf3bc7f22904ecc","size":29574},"_runtime":149.6253066,"loss":0.3185949324047708,"val_accuracy":0.8828333333333334,"val_loss":0.3488909925242579,"_timestamp":1.7421154464650006e+09}