{"test_accuracy":0.8659,"test_loss":0.42731862484884,"_runtime":231.5785375,"accuracy":0.9002888033175356,"_wandb":{"runtime":231},"confusion_matrix":{"height":800,"_type":"image-file","sha256":"e4b0a84f13111fdfcee39bac62bf5aa943edfb957f0b60edc199d5dd89770cbb","size":60007,"path":"media/images/confusion_matrix_11_e4b0a84f13111fdfcee3.png","format":"png","width":1000},"_timestamp":1.742073359167072e+09,"val_loss":0.3751998757353151,"examples":{"sha256":"75cf3f2d6042056b9d89df460d23ed8f265f2d2a3c6eed2b5cf3bc7f22904ecc","size":29574,"path":"media/images/examples_12_75cf3f2d6042056b9d89.png","format":"png","width":1200,"height":600,"_type":"image-file"},"loss":0.3109234943074871,"val_accuracy":0.878,"_step":12,"epoch":9}