{"test_loss":0.11035419261751092,"val_accuracy":0.8616666666666667,"_runtime":17.3263916,"examples":{"_type":"image-file","sha256":"3b17a40d3c0003481150ce3cd5e234db4ef06f1019885019f6a3fed9b4772b2e","size":23873,"path":"media/images/examples_7_3b17a40d3c0003481150.png","format":"png","width":1200,"height":600},"test_accuracy":0.8498,"loss":0.1040129507154322,"_wandb":{"runtime":17},"val_loss":0.10017248454493481,"accuracy":0.8575236966824644,"_timestamp":1.7415533376731548e+09,"_step":7,"confusion_matrix":{"format":"png","width":1000,"height":800,"_type":"image-file","sha256":"f9f6589fb9da17900519bb76cb73e48a78de0852f141a1424516cacce5f2f6be","size":62305,"path":"media/images/confusion_matrix_6_f9f6589fb9da17900519.png"},"epoch":4}