{"test_accuracy":0.8725,"val_accuracy":0.8853333333333333,"test_loss":0.0945350089857823,"confusion_matrix":{"format":"png","width":1000,"height":800,"_type":"image-file","sha256":"7a2e3df5ed96676386af65a2afac784d533368c244b37de09139ee1528993e18","size":61807,"path":"media/images/confusion_matrix_11_7a2e3df5ed96676386af.png"},"_wandb":{"runtime":52},"epoch":9,"val_loss":0.0874952138775523,"_runtime":52.216032,"loss":0.080667776198581,"_timestamp":1.7415696588203762e+09,"accuracy":0.8917172689573459,"_step":12,"examples":{"path":"media/images/examples_12_3b17a40d3c0003481150.png","format":"png","width":1200,"height":600,"_type":"image-file","sha256":"3b17a40d3c0003481150ce3cd5e234db4ef06f1019885019f6a3fed9b4772b2e","size":23873}}