{"val_accuracy":0.10133333333333333,"epoch":14,"examples":{"size":29574,"path":"media/images/examples_17_75cf3f2d6042056b9d89.png","format":"png","width":1200,"height":600,"_type":"image-file","sha256":"75cf3f2d6042056b9d89df460d23ed8f265f2d2a3c6eed2b5cf3bc7f22904ecc"},"val_loss":0.45000137328388023,"_wandb":{"runtime":98},"_runtime":98.5707892,"test_loss":0.4500000624963198,"_timestamp":1.742068392503551e+09,"accuracy":0.09924074074074074,"loss":0.4500010928767465,"_step":17,"confusion_matrix":{"_type":"image-file","sha256":"2427d176970b250ea52db84f8c761c5d9a75de7caa18e81a9bd96540be910880","size":45245,"path":"media/images/confusion_matrix_16_2427d176970b250ea52d.png","format":"png","width":1000,"height":800},"test_accuracy":0.1}