{"loss":0.08773828055548827,"_runtime":86.6734446,"val_loss":0.08886686453716434,"confusion_matrix":{"sha256":"c313bcefbb83dfe8dc804437e27dcf7e3c5ddc580e7dffc439f8f848a39ba846","size":60577,"path":"media/images/confusion_matrix_6_c313bcefbb83dfe8dc80.png","format":"png","width":1000,"height":800,"_type":"image-file"},"_wandb":{"runtime":86},"val_accuracy":0.88,"_step":7,"test_accuracy":0.8656,"test_loss":0.0972024754103621,"examples":{"sha256":"3b17a40d3c0003481150ce3cd5e234db4ef06f1019885019f6a3fed9b4772b2e","size":23873,"path":"media/images/examples_7_3b17a40d3c0003481150.png","format":"png","width":1200,"height":600,"_type":"image-file"},"epoch":4,"accuracy":0.8802037037037037,"_timestamp":1.741545520530479e+09}