{"_timestamp":1.7415838138015225e+09,"accuracy":0.11084987164296999,"epoch":9,"test_accuracy":0.1406,"loss":0.4499982602280114,"test_loss":0.44986238437982795,"val_loss":0.4498351364226435,"_runtime":41.536904,"_step":12,"examples":{"format":"png","width":1200,"height":600,"_type":"image-file","sha256":"75cf3f2d6042056b9d89df460d23ed8f265f2d2a3c6eed2b5cf3bc7f22904ecc","size":29574,"path":"media/images/examples_12_75cf3f2d6042056b9d89.png"},"_wandb":{"runtime":41},"val_accuracy":0.1365,"confusion_matrix":{"_type":"image-file","sha256":"1dc414a7546778ca5d78403a58ece7f43338d16911fc3ff81ef6d49b1f33f15e","size":50360,"path":"media/images/confusion_matrix_11_1dc414a7546778ca5d78.png","format":"png","width":1000,"height":800}}