{"_timestamp":1.7415310348541384e+09,"accuracy":0.8893599427330173,"test_loss":0.40592824791122567,"loss":0.34482860731064724,"_runtime":42.5320812,"val_accuracy":0.874,"test_accuracy":0.8673,"epoch":9,"_wandb":{"runtime":42},"val_loss":0.3760295692727981,"_step":12,"confusion_matrix":{"_type":"image-file","sha256":"81088037d396936d7d22c2c332f2f33b18564bd7fc3267b97ded87edffcf1ed9","size":60007,"path":"media/images/confusion_matrix_11_81088037d396936d7d22.png","format":"png","width":1000,"height":800},"examples":{"path":"media/images/examples_12_3b17a40d3c0003481150.png","format":"png","width":1200,"height":600,"_type":"image-file","sha256":"3b17a40d3c0003481150ce3cd5e234db4ef06f1019885019f6a3fed9b4772b2e","size":23873}}