{"loss":0.40640379485884665,"_timestamp":1.7415406572761264e+09,"_step":12,"test_accuracy":0.8534,"val_accuracy":0.8671666666666666,"epoch":9,"accuracy":0.8675555555555555,"val_loss":0.4057429450003695,"_wandb":{"runtime":283},"_runtime":283.3105486,"test_loss":0.44306166059687857,"confusion_matrix":{"size":63802,"path":"media/images/confusion_matrix_11_90bae3ab428df4be1845.png","format":"png","width":1000,"height":800,"_type":"image-file","sha256":"90bae3ab428df4be18450b94eb385ef3fe966374f1e52faad484a6bf201ede96"},"examples":{"_type":"image-file","sha256":"3b17a40d3c0003481150ce3cd5e234db4ef06f1019885019f6a3fed9b4772b2e","size":23873,"path":"media/images/examples_12_3b17a40d3c0003481150.png","format":"png","width":1200,"height":600}}