{"test_accuracy":0.8253,"confusion_matrix":{"path":"media/images/confusion_matrix_11_7c57a582f040585eb57b.png","format":"png","width":1000,"height":800,"_type":"image-file","sha256":"7c57a582f040585eb57b2929ee10510f89f204c2ffafaf3cb91b1b3fab6a96c1","size":63629},"loss":0.12426965092012805,"val_loss":0.12054646379870015,"val_accuracy":0.8373333333333334,"_timestamp":1.741547431939729e+09,"_wandb":{"runtime":86},"epoch":9,"examples":{"width":1200,"height":600,"_type":"image-file","sha256":"3b17a40d3c0003481150ce3cd5e234db4ef06f1019885019f6a3fed9b4772b2e","size":23873,"path":"media/images/examples_12_3b17a40d3c0003481150.png","format":"png"},"_runtime":86.5322487,"_step":12,"test_loss":0.12930551072460145,"accuracy":0.8286927330173776}