{"confusion_matrix":{"width":1000,"height":800,"_type":"image-file","sha256":"f461860c97409cb311afc2c745a0b444ea5bfd60596844f2b65f1873180e9b14","size":61580,"path":"media/images/confusion_matrix_11_f461860c97409cb311af.png","format":"png"},"epoch":9,"val_loss":0.08184246683539698,"examples":{"format":"png","width":1200,"height":600,"_type":"image-file","sha256":"3b17a40d3c0003481150ce3cd5e234db4ef06f1019885019f6a3fed9b4772b2e","size":23873,"path":"media/images/examples_12_3b17a40d3c0003481150.png"},"test_loss":0.09040225252768296,"_timestamp":1.7415552386427603e+09,"_runtime":91.4773914,"val_accuracy":0.8893333333333333,"accuracy":0.9027633787519747,"_wandb":{"runtime":91},"_step":12,"loss":0.07164937274642934,"test_accuracy":0.8759}