{"_timestamp":1.7415695281324108e+09,"val_loss":0.08857099463257613,"val_accuracy":0.8758333333333334,"_runtime":108.6622366,"_wandb":{"runtime":108},"test_loss":0.0953184590472043,"epoch":9,"examples":{"sha256":"3b17a40d3c0003481150ce3cd5e234db4ef06f1019885019f6a3fed9b4772b2e","size":23873,"path":"media/images/examples_12_3b17a40d3c0003481150.png","format":"png","width":1200,"height":600,"_type":"image-file"},"_step":12,"confusion_matrix":{"size":61067,"path":"media/images/confusion_matrix_11_e4777d97604111c40d21.png","format":"png","width":1000,"height":800,"_type":"image-file","sha256":"e4777d97604111c40d21ceb609a2521e52e78f4cadbef1aad1358cb31c0a2252"},"loss":0.07873655079867824,"accuracy":0.8921986078199052,"test_accuracy":0.868}