{"examples":{"size":23873,"path":"media/images/examples_12_3b17a40d3c0003481150.png","format":"png","width":1200,"height":600,"_type":"image-file","sha256":"3b17a40d3c0003481150ce3cd5e234db4ef06f1019885019f6a3fed9b4772b2e"},"val_accuracy":0.25016666666666665,"accuracy":0.22575409755134282,"confusion_matrix":{"width":1000,"height":800,"_type":"image-file","sha256":"3625f8a6ee12f9fa09fe4e5031a5e2b3f073da8cd5b8c6485932ee5ee2380c15","size":63216,"path":"media/images/confusion_matrix_11_3625f8a6ee12f9fa09fe.png","format":"png"},"_runtime":35.4000916,"loss":0.4250977169693561,"test_accuracy":0.2498,"_timestamp":1.7415483650675108e+09,"epoch":9,"val_loss":0.4229378595291485,"test_loss":0.42308703050311797,"_step":12,"_wandb":{"runtime":35}}