{"_timestamp":1.7415398910024676e+09,"test_loss":0.4633678330267151,"_wandb":{"runtime":52},"test_accuracy":0.8538,"examples":{"path":"media/images/examples_12_3b17a40d3c0003481150.png","format":"png","width":1200,"height":600,"_type":"image-file","sha256":"3b17a40d3c0003481150ce3cd5e234db4ef06f1019885019f6a3fed9b4772b2e","size":23873},"loss":0.43077336884450845,"_step":12,"val_accuracy":0.8641666666666666,"_runtime":52.8192783,"confusion_matrix":{"height":800,"_type":"image-file","sha256":"487ba87bffdecd103317a4d2f51a5bb7a33da1e9a0af6a17e1dad44c6e77238b","size":63412,"path":"media/images/confusion_matrix_11_487ba87bffdecd103317.png","format":"png","width":1000},"epoch":9,"val_loss":0.427654062227082,"accuracy":0.8584814814814815}