{"_timestamp":1.741531473136683e+09,"_runtime":66.379664,"val_accuracy":0.871,"epoch":9,"loss":0.3899951822577439,"_wandb":{"runtime":66},"accuracy":0.8758269154818324,"test_loss":0.4303011199359699,"test_accuracy":0.8616,"confusion_matrix":{"format":"png","width":1000,"height":800,"_type":"image-file","sha256":"1ee5c5e5e901b2f1723113ca07e55a30e6981f28fca66a4b777bb0799764e98c","size":62393,"path":"media/images/confusion_matrix_11_1ee5c5e5e901b2f17231.png"},"val_loss":0.4052469706830201,"_step":12,"examples":{"height":600,"_type":"image-file","sha256":"3b17a40d3c0003481150ce3cd5e234db4ef06f1019885019f6a3fed9b4772b2e","size":23873,"path":"media/images/examples_12_3b17a40d3c0003481150.png","format":"png","width":1200}}