{"_step":7,"test_loss":0.10303632559491879,"epoch":4,"examples":{"_type":"image-file","sha256":"3b17a40d3c0003481150ce3cd5e234db4ef06f1019885019f6a3fed9b4772b2e","size":23873,"path":"media/images/examples_7_3b17a40d3c0003481150.png","format":"png","width":1200,"height":600},"_wandb":{"runtime":17},"loss":0.09068797893908183,"accuracy":0.8744814814814815,"val_accuracy":0.8708333333333333,"_timestamp":1.741550413717636e+09,"test_accuracy":0.8583,"confusion_matrix":{"size":61664,"path":"media/images/confusion_matrix_6_e265bcc0e351dae478a3.png","format":"png","width":1000,"height":800,"_type":"image-file","sha256":"e265bcc0e351dae478a31e815e7413883dc132b68741f14da029c98d9739c70a"},"_runtime":17.1809552,"val_loss":0.09526189043838046}