{"val_loss":0.09908983392913273,"val_accuracy":0.864,"_timestamp":1.74156914952924e+09,"test_accuracy":0.8483,"examples":{"_type":"image-file","sha256":"3b17a40d3c0003481150ce3cd5e234db4ef06f1019885019f6a3fed9b4772b2e","size":23873,"path":"media/images/examples_7_3b17a40d3c0003481150.png","format":"png","width":1200,"height":600},"_runtime":17.2054516,"confusion_matrix":{"_type":"image-file","sha256":"be1c47252378e9637569dacaaaefaa2dd963b86f8121763edf511bf0c3eceef3","size":62630,"path":"media/images/confusion_matrix_6_be1c47252378e9637569.png","format":"png","width":1000,"height":800},"test_loss":0.10817320402568871,"epoch":4,"loss":0.09442568104656061,"accuracy":0.8706988052922591,"_step":7,"_wandb":{"runtime":17}}