{"_runtime":76.3679711,"test_loss":0.09141682518465148,"val_loss":0.08529886308624791,"epoch":9,"_timestamp":1.742071243805262e+09,"accuracy":0.8944386848341233,"loss":0.07678912014305163,"test_accuracy":0.8763,"val_accuracy":0.8861666666666667,"_step":12,"examples":{"sha256":"75cf3f2d6042056b9d89df460d23ed8f265f2d2a3c6eed2b5cf3bc7f22904ecc","size":29574,"path":"media/images/examples_12_75cf3f2d6042056b9d89.png","format":"png","width":1200,"height":600,"_type":"image-file"},"_wandb":{"runtime":76},"confusion_matrix":{"path":"media/images/confusion_matrix_11_c944224d50a8f93c2c1f.png","format":"png","width":1000,"height":800,"_type":"image-file","sha256":"c944224d50a8f93c2c1f6168b392eff9ef120c287186219011ca288e137e0c10","size":61299}}