{"test_loss":0.15368995434377875,"test_accuracy":0.7778,"accuracy":0.7870075533175356,"_timestamp":1.7415452585527933e+09,"confusion_matrix":{"path":"media/images/confusion_matrix_6_e2db0efa45ce6c50e83c.png","format":"png","width":1000,"height":800,"_type":"image-file","sha256":"e2db0efa45ce6c50e83cb13f202376a022c6b012457aa87e534f4c8aa4cd744d","size":64473},"_wandb":{"runtime":48},"epoch":4,"val_accuracy":0.7941666666666667,"examples":{"width":1200,"height":600,"_type":"image-file","sha256":"3b17a40d3c0003481150ce3cd5e234db4ef06f1019885019f6a3fed9b4772b2e","size":23873,"path":"media/images/examples_7_3b17a40d3c0003481150.png","format":"png"},"val_loss":0.14404274927649163,"_runtime":48.0277799,"_step":7,"loss":0.14597206486080846}