{"val_loss":0.39038000410998436,"_runtime":15.7972496,"test_accuracy":0.8573,"confusion_matrix":{"sha256":"00b49dd9de14097de3b35f4a3aa123f4ae923e78309b6b93d6ea033874e261ca","size":61877,"path":"media/images/confusion_matrix_6_00b49dd9de14097de3b3.png","format":"png","width":1000,"height":800,"_type":"image-file"},"_wandb":{"runtime":15},"examples":{"path":"media/images/examples_7_3b17a40d3c0003481150.png","format":"png","width":1200,"height":600,"_type":"image-file","sha256":"3b17a40d3c0003481150ce3cd5e234db4ef06f1019885019f6a3fed9b4772b2e","size":23873},"loss":0.3578929798636096,"test_loss":0.42097114321019324,"epoch":4,"_timestamp":1.741550546685182e+09,"_step":7,"accuracy":0.8808439474723538,"val_accuracy":0.8718333333333333}