{"_step":12,"examples":{"_type":"image-file","sha256":"75cf3f2d6042056b9d89df460d23ed8f265f2d2a3c6eed2b5cf3bc7f22904ecc","size":29574,"path":"media/images/examples_12_75cf3f2d6042056b9d89.png","format":"png","width":1200,"height":600},"_timestamp":1.742071668213896e+09,"test_loss":0.40083306347736636,"test_accuracy":0.8617,"loss":0.3333333563606441,"val_loss":0.3694199570761452,"epoch":9,"_wandb":{"runtime":128},"confusion_matrix":{"format":"png","width":1000,"height":800,"_type":"image-file","sha256":"dc78782d8f3520bba324d738a8ca7e79491df4514db3fee6e85e8de8d4c5c753","size":61551,"path":"media/images/confusion_matrix_11_dc78782d8f3520bba324.png"},"accuracy":0.8907360781990521,"val_accuracy":0.8733333333333333,"_runtime":128.94026589999999}