{"epoch":4,"test_accuracy":0.0939,"confusion_matrix":{"width":1000,"height":800,"_type":"image-file","sha256":"b27d4a38f6019f96c00aec288a13a7d18f820a0004deca96fe0311e479f674a0","size":60480,"path":"media/images/confusion_matrix_6_b27d4a38f6019f96c00a.png","format":"png"},"_wandb":{"runtime":40},"accuracy":0.0893068720379147,"_runtime":40.6460667,"_step":7,"val_accuracy":0.09066666666666667,"_timestamp":1.7415292576690524e+09,"loss":2.303842996795267,"examples":{"format":"png","width":1200,"height":600,"_type":"image-file","sha256":"3b17a40d3c0003481150ce3cd5e234db4ef06f1019885019f6a3fed9b4772b2e","size":23873,"path":"media/images/examples_7_3b17a40d3c0003481150.png"},"val_loss":2.303678570503974,"test_loss":2.3034517217460717}