{"test_loss":0.09533503143123913,"confusion_matrix":{"width":1000,"height":800,"_type":"image-file","sha256":"bf02679408149508c98952a37f1b0b5222fe428d63d70c4c979cdbdab546a48a","size":61062,"path":"media/images/confusion_matrix_11_bf02679408149508c989.png","format":"png"},"examples":{"_type":"image-file","sha256":"3b17a40d3c0003481150ce3cd5e234db4ef06f1019885019f6a3fed9b4772b2e","size":23873,"path":"media/images/examples_12_3b17a40d3c0003481150.png","format":"png","width":1200,"height":600},"_step":12,"val_accuracy":0.878,"accuracy":0.8886255924170616,"_wandb":{"runtime":80},"_timestamp":1.7415456889383845e+09,"epoch":9,"_runtime":80.2994448,"loss":0.08211082151276645,"test_accuracy":0.8698,"val_loss":0.08681609528290554}