{"test_loss":0.4190740829911102,"epoch":9,"_timestamp":1.7415548717151046e+09,"examples":{"height":600,"_type":"image-file","sha256":"3b17a40d3c0003481150ce3cd5e234db4ef06f1019885019f6a3fed9b4772b2e","size":23873,"path":"media/images/examples_12_3b17a40d3c0003481150.png","format":"png","width":1200},"_wandb":{"runtime":34},"confusion_matrix":{"sha256":"b81afb6da19a209f6e91ffdf1d3212212d7c08bb12f867855bededa9900b095e","size":62185,"path":"media/images/confusion_matrix_11_b81afb6da19a209f6e91.png","format":"png","width":1000,"height":800,"_type":"image-file"},"val_accuracy":0.8716666666666667,"_step":12,"val_loss":0.39019214313991885,"test_accuracy":0.8601,"_runtime":34.6682324,"loss":0.3834776471647738,"accuracy":0.8752283274091628}