{"val_loss":2.3027132258570067,"val_accuracy":0.09833333333333333,"_timestamp":1.7415372278064938e+09,"_runtime":64.1012843,"_wandb":{"runtime":64},"loss":2.302934627420381,"epoch":9,"accuracy":0.09692189968404423,"examples":{"_type":"image-file","sha256":"3b17a40d3c0003481150ce3cd5e234db4ef06f1019885019f6a3fed9b4772b2e","size":23873,"path":"media/images/examples_12_3b17a40d3c0003481150.png","format":"png","width":1200,"height":600},"test_accuracy":0.1,"confusion_matrix":{"_type":"image-file","sha256":"678dbf882bb444178ce8d74ee29d67ca68cce3b26ffefff6003501f2be5d4808","size":45059,"path":"media/images/confusion_matrix_11_678dbf882bb444178ce8.png","format":"png","width":1000,"height":800},"test_loss":2.3027335818372365,"_step":12}