{"test_accuracy":0.7903,"accuracy":0.824925925925926,"examples":{"path":"media/images/examples_17_75cf3f2d6042056b9d89.png","format":"png","width":1200,"height":600,"_type":"image-file","sha256":"75cf3f2d6042056b9d89df460d23ed8f265f2d2a3c6eed2b5cf3bc7f22904ecc","size":29574},"_wandb":{"runtime":729},"epoch":14,"loss":0.12750590757853242,"val_loss":0.1414261897332083,"_timestamp":1.7420692586725106e+09,"test_loss":0.14678092592767297,"_runtime":729.6080738,"confusion_matrix":{"format":"png","width":1000,"height":800,"_type":"image-file","sha256":"cb27c72d52af530a2219f93706b17808465a8b91628e6593a2d9d7343062a90d","size":63215,"path":"media/images/confusion_matrix_16_cb27c72d52af530a2219.png"},"_step":17,"val_accuracy":0.7971666666666667}