{"accuracy":0.09985185185185186,"_runtime":35.9862405,"epoch":9,"val_loss":2.302574539970384,"confusion_matrix":{"_type":"image-file","sha256":"2b3a05ec871c33689ee911aab8ce77044427c04bbb582f962239aca311c9a1be","size":45099,"path":"media/images/confusion_matrix_11_2b3a05ec871c33689ee9.png","format":"png","width":1000,"height":800},"_wandb":{"runtime":36},"loss":2.3026032516054333,"examples":{"_type":"image-file","sha256":"3b17a40d3c0003481150ce3cd5e234db4ef06f1019885019f6a3fed9b4772b2e","size":23873,"path":"media/images/examples_12_3b17a40d3c0003481150.png","format":"png","width":1200,"height":600},"_step":12,"test_loss":2.3025868803764844,"test_accuracy":0.1,"val_accuracy":0.099,"_timestamp":1.741539963793212e+09}