{"examples":{"width":1200,"height":600,"_type":"image-file","sha256":"75cf3f2d6042056b9d89df460d23ed8f265f2d2a3c6eed2b5cf3bc7f22904ecc","size":29574,"path":"media/images/examples_12_75cf3f2d6042056b9d89.png","format":"png"},"_timestamp":1.7420748564118419e+09,"_step":12,"test_loss":0.09567359487417566,"epoch":9,"val_accuracy":0.8768333333333334,"_runtime":213.5096907,"confusion_matrix":{"_type":"image-file","sha256":"5c5b9edbcadd060bb39946dfe2fe8764a5151d2ca46b01fe72bbb0b5402295d4","size":60460,"path":"media/images/confusion_matrix_11_5c5b9edbcadd060bb399.png","format":"png","width":1000,"height":800},"accuracy":0.9042505924170616,"test_accuracy":0.8692,"loss":0.07021904286197253,"_wandb":{"runtime":213},"val_loss":0.08877648455847217}