{"test_loss":0.44995624610041013,"loss":0.44996444440434896,"_wandb":{"runtime":102},"_step":22,"confusion_matrix":{"format":"png","width":1000,"height":800,"_type":"image-file","sha256":"24a617a8756e9b2d61681d6508f31a83b306fcb5703888b5b2a122aba43d688d","size":44800,"path":"media/images/confusion_matrix_21_24a617a8756e9b2d6168.png"},"_timestamp":1.7420653910708761e+09,"_runtime":102.3518778,"epoch":19,"val_accuracy":0.09333333333333334,"accuracy":0.10641291469194313,"val_loss":0.44997094663670956,"test_accuracy":0.1,"examples":{"sha256":"75cf3f2d6042056b9d89df460d23ed8f265f2d2a3c6eed2b5cf3bc7f22904ecc","size":29574,"path":"media/images/examples_22_75cf3f2d6042056b9d89.png","format":"png","width":1200,"height":600,"_type":"image-file"}}