{"_step":12,"examples":{"size":23873,"path":"media/images/examples_12_3b17a40d3c0003481150.png","format":"png","width":1200,"height":600,"_type":"image-file","sha256":"3b17a40d3c0003481150ce3cd5e234db4ef06f1019885019f6a3fed9b4772b2e"},"test_accuracy":0.8642,"_timestamp":1.7415698788847058e+09,"test_loss":0.09835195752142684,"val_accuracy":0.873,"_runtime":66.8860221,"accuracy":0.8850340639810427,"loss":0.08483227572906453,"epoch":9,"_wandb":{"runtime":66},"val_loss":0.09127407162606667,"confusion_matrix":{"_type":"image-file","sha256":"de06e9e273a6fb5135f7b4cd5220016b292dab27ce51fe18a0f6154232287e33","size":62463,"path":"media/images/confusion_matrix_11_de06e9e273a6fb5135f7.png","format":"png","width":1000,"height":800}}