{"epoch":14,"_runtime":167.7687999,"test_accuracy":0.8751,"_wandb":{"runtime":167},"loss":0.302344593733767,"val_accuracy":0.8816666666666667,"examples":{"size":29574,"path":"media/images/examples_17_75cf3f2d6042056b9d89.png","format":"png","width":1200,"height":600,"_type":"image-file","sha256":"75cf3f2d6042056b9d89df460d23ed8f265f2d2a3c6eed2b5cf3bc7f22904ecc"},"_step":17,"accuracy":0.9012514810426541,"confusion_matrix":{"height":800,"_type":"image-file","sha256":"8ffd1d907184e429318a8227cf931e7d3ad923f19347cc45aadf606e736886e7","size":61164,"path":"media/images/confusion_matrix_16_8ffd1d907184e429318a.png","format":"png","width":1000},"test_loss":0.3692154892462468,"val_loss":0.3473163862448522,"_timestamp":1.7421359841838827e+09}