{"val_loss":0.33826872836492017,"test_loss":0.3655722423275815,"test_accuracy":0.8828,"val_accuracy":0.889,"_wandb":{"runtime":159},"confusion_matrix":{"_type":"image-file","sha256":"d8f95a3cbf7e0e200ce3b8c4b4767682019f00655bf08e8cb8cb8f4ae8d3e0ff","size":61602,"path":"media/images/confusion_matrix_21_d8f95a3cbf7e0e200ce3.png","format":"png","width":1000,"height":800},"examples":{"path":"media/images/examples_22_75cf3f2d6042056b9d89.png","format":"png","width":1200,"height":600,"_type":"image-file","sha256":"75cf3f2d6042056b9d89df460d23ed8f265f2d2a3c6eed2b5cf3bc7f22904ecc","size":29574},"epoch":19,"loss":0.28124646201500486,"accuracy":0.9127295616113744,"_runtime":159.923328,"_step":22,"_timestamp":1.74211952501985e+09}