{"_wandb":{"runtime":62},"test_accuracy":0.8728,"confusion_matrix":{"path":"media/images/confusion_matrix_6_12ba6f91bc9a2078245f.png","format":"png","width":1000,"height":800,"_type":"image-file","sha256":"12ba6f91bc9a2078245f86431613f082f6dc5e014f4b73addcbd78a6c4274361","size":60799},"_runtime":62.5078316,"accuracy":0.8823867002369669,"test_loss":0.3729092196186207,"loss":0.35180691043385237,"val_loss":0.3457939352789608,"epoch":4,"_timestamp":1.7415629589776251e+09,"examples":{"format":"png","width":1200,"height":600,"_type":"image-file","sha256":"3b17a40d3c0003481150ce3cd5e234db4ef06f1019885019f6a3fed9b4772b2e","size":23873,"path":"media/images/examples_7_3b17a40d3c0003481150.png"},"_step":7,"val_accuracy":0.88}