{"_timestamp":1.7420725924804304e+09,"loss":0.07154262821049749,"test_loss":0.0989332774121751,"_step":22,"test_accuracy":0.8644,"confusion_matrix":{"_type":"image-file","sha256":"0f97c22175e50de3de124d5061a32128f60d545e07711a5c4cfb6530091964c5","size":60618,"path":"media/images/confusion_matrix_21_0f97c22175e50de3de12.png","format":"png","width":1000,"height":800},"val_accuracy":0.8705,"_wandb":{"runtime":179},"_runtime":179.8843798,"val_loss":0.09479434493030661,"examples":{"format":"png","width":1200,"height":600,"_type":"image-file","sha256":"75cf3f2d6042056b9d89df460d23ed8f265f2d2a3c6eed2b5cf3bc7f22904ecc","size":29574,"path":"media/images/examples_22_75cf3f2d6042056b9d89.png"},"accuracy":0.9022777777777777,"epoch":19}