{"_step":7,"_timestamp":1.7415380535055559e+09,"test_loss":0.42885294484149117,"test_accuracy":0.859,"val_accuracy":0.8706666666666667,"examples":{"size":23873,"path":"media/images/examples_7_3b17a40d3c0003481150.png","format":"png","width":1200,"height":600,"_type":"image-file","sha256":"3b17a40d3c0003481150ce3cd5e234db4ef06f1019885019f6a3fed9b4772b2e"},"loss":0.39231884102805764,"val_loss":0.4051036855162398,"_wandb":{"runtime":91},"_runtime":91.3537975,"confusion_matrix":{"path":"media/images/confusion_matrix_6_76b272e3b2700f20d039.png","format":"png","width":1000,"height":800,"_type":"image-file","sha256":"76b272e3b2700f20d03971976af0d4b4cc9349f80b4c4b3b23fede9c89b2b382","size":61585},"epoch":4,"accuracy":0.8722970971563981}