{"examples":{"height":600,"_type":"image-file","sha256":"3b17a40d3c0003481150ce3cd5e234db4ef06f1019885019f6a3fed9b4772b2e","size":23873,"path":"media/images/examples_12_3b17a40d3c0003481150.png","format":"png","width":1200},"_wandb":{"runtime":44},"val_accuracy":0.8821666666666667,"_runtime":44.5413724,"val_loss":0.3606905835337528,"_step":12,"test_loss":0.40363998615070007,"test_accuracy":0.8689,"loss":0.32560501568962125,"epoch":9,"_timestamp":1.741532434567887e+09,"accuracy":0.8923405410742495,"confusion_matrix":{"path":"media/images/confusion_matrix_11_ebe9e172d3020922bfb5.png","format":"png","width":1000,"height":800,"_type":"image-file","sha256":"ebe9e172d3020922bfb5afe61383468c7435d374cba47aeeaba987238cfa3ffa","size":61190}}