{"test_loss":0.450709283669417,"_step":12,"accuracy":0.09939647511848342,"_runtime":143.816394,"epoch":9,"_wandb":{"runtime":143},"_timestamp":1.7420680501797085e+09,"test_accuracy":0.1,"val_loss":0.4507638184880101,"val_accuracy":0.09733333333333333,"confusion_matrix":{"size":45097,"path":"media/images/confusion_matrix_11_91eb09b754bbe0d0ea4d.png","format":"png","width":1000,"height":800,"_type":"image-file","sha256":"91eb09b754bbe0d0ea4dedd12a6ec44170e69fad5ffdc1b05864d80bdbfee956"},"examples":{"format":"png","width":1200,"height":600,"_type":"image-file","sha256":"75cf3f2d6042056b9d89df460d23ed8f265f2d2a3c6eed2b5cf3bc7f22904ecc","size":29574,"path":"media/images/examples_12_75cf3f2d6042056b9d89.png"},"loss":0.45071131671974735}