{"_runtime":246.8487742,"_wandb":{"runtime":246},"_step":12,"test_loss":0.11530861109709888,"test_accuracy":0.8357,"val_loss":0.10452562791542079,"val_accuracy":0.855,"examples":{"format":"png","width":1200,"height":600,"_type":"image-file","sha256":"3b17a40d3c0003481150ce3cd5e234db4ef06f1019885019f6a3fed9b4772b2e","size":23873,"path":"media/images/examples_12_3b17a40d3c0003481150.png"},"epoch":9,"loss":0.10507807029958163,"accuracy":0.8553703703703703,"confusion_matrix":{"height":800,"_type":"image-file","sha256":"961b526d5aa7ff373ac93c69a0fb513979566b88327bcd29a122d04d6ba4836f","size":62826,"path":"media/images/confusion_matrix_11_961b526d5aa7ff373ac9.png","format":"png","width":1000},"_timestamp":1.7415683182390795e+09}