{"examples":{"path":"media/images/examples_22_75cf3f2d6042056b9d89.png","format":"png","width":1200,"height":600,"_type":"image-file","sha256":"75cf3f2d6042056b9d89df460d23ed8f265f2d2a3c6eed2b5cf3bc7f22904ecc","size":29574},"val_accuracy":0.8905,"epoch":19,"loss":0.26168098776608484,"val_loss":0.3577061369745296,"test_accuracy":0.8859,"confusion_matrix":{"_type":"image-file","sha256":"2e3d109992509560287a3fdf416cb7ae7f25a93caec229cbd58016ae6ad316fe","size":60337,"path":"media/images/confusion_matrix_21_2e3d109992509560287a.png","format":"png","width":1000,"height":800},"_timestamp":1.742120905966709e+09,"test_loss":0.36546534932689656,"_wandb":{"runtime":398},"accuracy":0.9190795319905213,"_runtime":398.0874789,"_step":22}