{"examples":{"width":1200,"height":600,"_type":"image-file","sha256":"75cf3f2d6042056b9d89df460d23ed8f265f2d2a3c6eed2b5cf3bc7f22904ecc","size":29574,"path":"media/images/examples_17_75cf3f2d6042056b9d89.png","format":"png"},"loss":0.06994770033451361,"test_loss":0.09029245059239521,"epoch":14,"val_loss":0.08438576455697062,"val_accuracy":0.8855,"_timestamp":1.7420698301296506e+09,"_runtime":226.2552783,"_step":17,"accuracy":0.9044542357819905,"confusion_matrix":{"_type":"image-file","sha256":"8d1bf05c2a99c9e98baead1fe68532edf9885113660aba1206a561f63f5f2f39","size":59372,"path":"media/images/confusion_matrix_16_8d1bf05c2a99c9e98bae.png","format":"png","width":1000,"height":800},"_wandb":{"runtime":226},"test_accuracy":0.8777}