{"_step":17,"_wandb":{"runtime":134},"examples":{"_type":"image-file","sha256":"75cf3f2d6042056b9d89df460d23ed8f265f2d2a3c6eed2b5cf3bc7f22904ecc","size":29574,"path":"media/images/examples_17_75cf3f2d6042056b9d89.png","format":"png","width":1200,"height":600},"test_loss":0.4111814805404908,"confusion_matrix":{"format":"png","width":1000,"height":800,"_type":"image-file","sha256":"baba7217fb0a2886425b5dc9d1ee75b522736b026dc5910be6483d6cb172c4ae","size":61261,"path":"media/images/confusion_matrix_16_baba7217fb0a2886425b.png"},"_timestamp":1.7421335783113441e+09,"loss":0.3548004423579385,"val_loss":0.37577183189757646,"val_accuracy":0.8761666666666666,"_runtime":134.6291639,"test_accuracy":0.8621,"epoch":14,"accuracy":0.8854968898104265}