{"accuracy":0.9897962962962963,"test_loss":0.1245839210417839,"test_accuracy":0.971,"_runtime":334.2882797,"val_loss":0.11470194286330036,"epoch":14,"predictions":{"_type":"image-file","sha256":"8c0d738014a7f9df56295c66b95a6887159ea25548b077d62bafc7578c893240","size":25985,"path":"media/images/predictions_17_8c0d738014a7f9df5629.png","format":"png","width":2250,"height":900},"_wandb":{"runtime":334},"_timestamp":1.7422294621133318e+09,"val_accuracy":0.9726666666666667,"_step":17,"loss":0.047999841560535585,"confusion_matrix":{"format":"png","width":4425,"height":4164,"_type":"image-file","sha256":"e56153b3a3be7c2e92cec69b35a1406ce9c50799105545149bcb29a02278879c","size":298831,"path":"media/images/confusion_matrix_16_e56153b3a3be7c2e92ce.png"}}