{"examples":{"width":1200,"height":600,"_type":"image-file","sha256":"3b17a40d3c0003481150ce3cd5e234db4ef06f1019885019f6a3fed9b4772b2e","size":23873,"path":"media/images/examples_12_3b17a40d3c0003481150.png","format":"png"},"_step":12,"loss":0.37241002529042827,"_wandb":{"runtime":43},"accuracy":0.440764464849921,"epoch":9,"test_accuracy":0.4526,"val_loss":0.3662188000336428,"_runtime":43.0663301,"test_loss":0.36848217987798326,"confusion_matrix":{"path":"media/images/confusion_matrix_11_17b4df11b7aed55176ae.png","format":"png","width":1000,"height":800,"_type":"image-file","sha256":"17b4df11b7aed55176ae7c635f2016c7fdaec1c2027c0a8a167c266fbc64fd9b","size":63699},"_timestamp":1.7415325442948635e+09,"val_accuracy":0.4605}