{"_runtime":48.8432916,"_step":12,"confusion_matrix":{"size":61797,"path":"media/images/confusion_matrix_11_8f91b0d99c069435429d.png","format":"png","width":1000,"height":800,"_type":"image-file","sha256":"8f91b0d99c069435429d839ab29d2e8a2ed8a08716283bf2b33349706eb75746"},"accuracy":0.8871322077409163,"loss":0.08232974765739187,"val_accuracy":0.8758333333333334,"test_loss":0.09958841935488588,"examples":{"width":1200,"height":600,"_type":"image-file","sha256":"75cf3f2d6042056b9d89df460d23ed8f265f2d2a3c6eed2b5cf3bc7f22904ecc","size":29574,"path":"media/images/examples_12_75cf3f2d6042056b9d89.png","format":"png"},"val_loss":0.09147317355315243,"_wandb":{"runtime":48},"epoch":9,"_timestamp":1.7420688973210194e+09,"test_accuracy":0.8626}