{"test_accuracy":0.8697,"_wandb":{"runtime":41},"test_loss":0.09381747281011539,"confusion_matrix":{"format":"png","width":1000,"height":800,"_type":"image-file","sha256":"f23b87e082d020c07ebe02e50b45127a3b97f5e5de007d35fe24370ba8f8316b","size":61185,"path":"media/images/confusion_matrix_6_f23b87e082d020c07ebe.png"},"epoch":4,"_step":7,"examples":{"width":1200,"height":600,"_type":"image-file","sha256":"3b17a40d3c0003481150ce3cd5e234db4ef06f1019885019f6a3fed9b4772b2e","size":23873,"path":"media/images/examples_7_3b17a40d3c0003481150.png","format":"png"},"accuracy":0.8838862559241706,"_runtime":41.4036317,"val_loss":0.08545226022154934,"val_accuracy":0.8803333333333333,"loss":0.08299265277346382,"_timestamp":1.741565908860197e+09}