{"accuracy":0.9017222222222222,"_timestamp":1.7421338314116921e+09,"_step":22,"examples":{"_type":"image-file","sha256":"75cf3f2d6042056b9d89df460d23ed8f265f2d2a3c6eed2b5cf3bc7f22904ecc","size":29574,"path":"media/images/examples_22_75cf3f2d6042056b9d89.png","format":"png","width":1200,"height":600},"val_accuracy":0.8733333333333333,"test_accuracy":0.8677,"_wandb":{"runtime":240},"val_loss":0.3925314376969784,"_runtime":240.421921,"epoch":19,"confusion_matrix":{"path":"media/images/confusion_matrix_21_306367c90be6cdd37990.png","format":"png","width":1000,"height":800,"_type":"image-file","sha256":"306367c90be6cdd379909208423fe68bd7e294f92abe549bf5506c621168ab7c","size":61440},"test_loss":0.41668744046292605,"loss":0.3185052723116871}