{"val_loss":2.2520173717147434,"val_accuracy":0.2996666666666667,"_runtime":138.9964076,"test_loss":2.2515116718949377,"examples":{"format":"png","width":1200,"height":600,"_type":"image-file","sha256":"75cf3f2d6042056b9d89df460d23ed8f265f2d2a3c6eed2b5cf3bc7f22904ecc","size":29574,"path":"media/images/examples_12_75cf3f2d6042056b9d89.png"},"epoch":9,"confusion_matrix":{"height":800,"_type":"image-file","sha256":"7b5068c8b6906be6f1e78431600ce57b8cc44889dec3e0378e9b58c060804a70","size":66963,"path":"media/images/confusion_matrix_11_7b5068c8b6906be6f1e7.png","format":"png","width":1000},"_timestamp":1.7421190974985623e+09,"_step":12,"accuracy":0.29305555555555557,"loss":2.254201212224784,"test_accuracy":0.2959,"_wandb":{"runtime":139}}