{"epoch":9,"accuracy":0.8621149289099526,"test_accuracy":0.8287,"_wandb":{"runtime":74},"confusion_matrix":{"width":1000,"height":800,"_type":"image-file","sha256":"0f3e59242dbbdbdb798de6b16e2b636b174b3931bdce30a1c78ec0d576d85139","size":63037,"path":"media/images/confusion_matrix_11_0f3e59242dbbdbdb798d.png","format":"png"},"val_loss":0.6197211193265024,"val_accuracy":0.839,"_timestamp":1.7415417941773164e+09,"_runtime":74.4907734,"examples":{"sha256":"3b17a40d3c0003481150ce3cd5e234db4ef06f1019885019f6a3fed9b4772b2e","size":23873,"path":"media/images/examples_12_3b17a40d3c0003481150.png","format":"png","width":1200,"height":600,"_type":"image-file"},"test_loss":0.6651903242443324,"loss":0.531520812755275,"_step":12}