{"epoch":14,"val_loss":2.3028064473248073,"_timestamp":1.7421098313353379e+09,"test_accuracy":0.1,"val_accuracy":0.09333333333333334,"_step":17,"_wandb":{"runtime":39},"loss":2.302717526334893,"confusion_matrix":{"size":44800,"path":"media/images/confusion_matrix_16_24a617a8756e9b2d6168.png","format":"png","width":1000,"height":800,"_type":"image-file","sha256":"24a617a8756e9b2d61681d6508f31a83b306fcb5703888b5b2a122aba43d688d"},"accuracy":0.09890279423380727,"examples":{"path":"media/images/examples_17_75cf3f2d6042056b9d89.png","format":"png","width":1200,"height":600,"_type":"image-file","sha256":"75cf3f2d6042056b9d89df460d23ed8f265f2d2a3c6eed2b5cf3bc7f22904ecc","size":29574},"test_loss":2.3026333151978555,"_runtime":39.3947764}