{"val_loss":1.047586637146675,"loss":1.0710421965657608,"_step":17,"epoch":14,"confusion_matrix":{"_type":"image-file","sha256":"8ba8c5a6078736060f433885e666a6cc7958fe951bfa621fd3f7164b626a35a9","size":62539,"path":"media/images/confusion_matrix_16_8ba8c5a6078736060f43.png","format":"png","width":1000,"height":800},"_wandb":{"runtime":82},"examples":{"path":"media/images/examples_17_75cf3f2d6042056b9d89.png","format":"png","width":1200,"height":600,"_type":"image-file","sha256":"75cf3f2d6042056b9d89df460d23ed8f265f2d2a3c6eed2b5cf3bc7f22904ecc","size":29574},"test_accuracy":0.6747,"test_loss":1.0609933329611596,"_runtime":82.2043468,"_timestamp":1.7421105349215739e+09,"accuracy":0.6798541172985783,"val_accuracy":0.6841666666666667}