{"test_accuracy":0.8659,"epoch":9,"_step":12,"confusion_matrix":{"height":800,"_type":"image-file","sha256":"31b94e2c91e69de5f24ab26b9503ec1f472cf6f82b78d317d3b74e20e1e9bde8","size":61528,"path":"media/images/confusion_matrix_11_31b94e2c91e69de5f24a.png","format":"png","width":1000},"test_loss":0.09739352948830372,"_wandb":{"runtime":363},"accuracy":0.8986296296296297,"val_loss":0.0903812071179383,"_runtime":363.4038535,"loss":0.07479805108758468,"_timestamp":1.7415672612581682e+09,"val_accuracy":0.8728333333333333,"examples":{"format":"png","width":1200,"height":600,"_type":"image-file","sha256":"3b17a40d3c0003481150ce3cd5e234db4ef06f1019885019f6a3fed9b4772b2e","size":23873,"path":"media/images/examples_12_3b17a40d3c0003481150.png"}}