{"test_accuracy":0.8537,"_step":17,"accuracy":0.869462962962963,"test_loss":0.4691017115855117,"confusion_matrix":{"height":800,"_type":"image-file","sha256":"8ca434e7b732941493b03529ef06d2566c7dd8623d22deb9fd4c4049cdd6035f","size":61692,"path":"media/images/confusion_matrix_16_8ca434e7b732941493b0.png","format":"png","width":1000},"_wandb":{"runtime":359},"epoch":14,"val_accuracy":0.8648333333333333,"_runtime":359.4781612,"loss":0.4178802208100689,"val_loss":0.44014394232402637,"examples":{"height":600,"_type":"image-file","sha256":"75cf3f2d6042056b9d89df460d23ed8f265f2d2a3c6eed2b5cf3bc7f22904ecc","size":29574,"path":"media/images/examples_17_75cf3f2d6042056b9d89.png","format":"png","width":1200},"_timestamp":1.7421346577973907e+09}