{"accuracy":0.9031666666666667,"examples":{"format":"png","width":1200,"height":600,"_type":"image-file","sha256":"75cf3f2d6042056b9d89df460d23ed8f265f2d2a3c6eed2b5cf3bc7f22904ecc","size":29574,"path":"media/images/examples_17_75cf3f2d6042056b9d89.png"},"val_accuracy":0.8858333333333334,"_timestamp":1.7421198833397162e+09,"epoch":14,"test_loss":0.3836485789881787,"loss":0.30908908717388084,"val_loss":0.35960801623237904,"test_accuracy":0.8784,"confusion_matrix":{"width":1000,"height":800,"_type":"image-file","sha256":"0a672f58a80b24b19459a515c7ecde60b1e7ada36793faa0f1d0116b0f3b32d3","size":60379,"path":"media/images/confusion_matrix_16_0a672f58a80b24b19459.png","format":"png"},"_wandb":{"runtime":300},"_runtime":300.0575907,"_step":17}