{"_step":7,"epoch":4,"_runtime":42.0128929,"test_loss":0.09397919148796693,"loss":0.08249047360090292,"val_loss":0.0855118885117384,"val_accuracy":0.8818333333333334,"_timestamp":1.7415653743512402e+09,"confusion_matrix":{"sha256":"0cc7aee2ad104110e49eb5cbf3f9a0dcda911b90585aec4590043bc23297ab75","size":61440,"path":"media/images/confusion_matrix_6_0cc7aee2ad104110e49e.png","format":"png","width":1000,"height":800,"_type":"image-file"},"_wandb":{"runtime":42},"accuracy":0.8863423183254344,"test_accuracy":0.8707,"examples":{"format":"png","width":1200,"height":600,"_type":"image-file","sha256":"3b17a40d3c0003481150ce3cd5e234db4ef06f1019885019f6a3fed9b4772b2e","size":23873,"path":"media/images/examples_7_3b17a40d3c0003481150.png"}}