{"_wandb":{"runtime":83},"test_accuracy":0.8757,"test_loss":0.09099696941393964,"_timestamp":1.7420737305726697e+09,"_runtime":83.8820861,"val_loss":0.08491622800590812,"loss":0.07481206947740891,"epoch":9,"accuracy":0.897221810821485,"confusion_matrix":{"size":60645,"path":"media/images/confusion_matrix_11_663385775f1e65ebc25e.png","format":"png","width":1000,"height":800,"_type":"image-file","sha256":"663385775f1e65ebc25e88608a6e7de04716be369529fbb950c066265e7c627a"},"examples":{"height":600,"_type":"image-file","sha256":"75cf3f2d6042056b9d89df460d23ed8f265f2d2a3c6eed2b5cf3bc7f22904ecc","size":29574,"path":"media/images/examples_12_75cf3f2d6042056b9d89.png","format":"png","width":1200},"val_accuracy":0.8833333333333333,"_step":12}