{"_step":7,"examples":{"width":1200,"height":600,"_type":"image-file","sha256":"3b17a40d3c0003481150ce3cd5e234db4ef06f1019885019f6a3fed9b4772b2e","size":23873,"path":"media/images/examples_7_3b17a40d3c0003481150.png","format":"png"},"test_loss":0.4590485019977447,"confusion_matrix":{"path":"media/images/confusion_matrix_6_f14a9af4f0d45c6ac57d.png","format":"png","width":1000,"height":800,"_type":"image-file","sha256":"f14a9af4f0d45c6ac57d13e859cef2fa5eab488f3854babdf639d573af3afc06","size":45125},"_timestamp":1.7414975129879744e+09,"_runtime":17.4895948,"val_accuracy":0.09833333333333333,"loss":0.45959383830853234,"test_accuracy":0.1,"_wandb":{"runtime":17},"epoch":4,"accuracy":0.1001678515007899,"val_loss":0.45923171842009175}