{"epoch":14,"val_loss":0.3169382222083395,"_step":17,"confusion_matrix":{"width":1000,"height":800,"_type":"image-file","sha256":"b2d60c550e7a5276f6461de568b1b732607612c97fa9a05d41762caaa5ed71f1","size":60689,"path":"media/images/confusion_matrix_16_b2d60c550e7a5276f646.png","format":"png"},"loss":0.26464351301409095,"_runtime":500.9476649,"val_accuracy":0.8953333333333333,"test_accuracy":0.8846,"accuracy":0.9137407407407407,"examples":{"size":29574,"path":"media/images/examples_17_75cf3f2d6042056b9d89.png","format":"png","width":1200,"height":600,"_type":"image-file","sha256":"75cf3f2d6042056b9d89df460d23ed8f265f2d2a3c6eed2b5cf3bc7f22904ecc"},"_timestamp":1.742119202568014e+09,"test_loss":0.3467930018200892,"_wandb":{"runtime":500}}