{"test_loss":0.4500122541163787,"test_accuracy":0.1,"val_accuracy":0.10133333333333333,"epoch":14,"loss":0.4500059632374651,"examples":{"_type":"image-file","sha256":"75cf3f2d6042056b9d89df460d23ed8f265f2d2a3c6eed2b5cf3bc7f22904ecc","size":29574,"path":"media/images/examples_17_75cf3f2d6042056b9d89.png","format":"png","width":1200,"height":600},"val_loss":0.4500065516502737,"_step":17,"_runtime":51.9076226,"accuracy":0.10084666271721958,"confusion_matrix":{"format":"png","width":1000,"height":800,"_type":"image-file","sha256":"2427d176970b250ea52db84f8c761c5d9a75de7caa18e81a9bd96540be910880","size":45245,"path":"media/images/confusion_matrix_16_2427d176970b250ea52d.png"},"_wandb":{"runtime":51},"_timestamp":1.7420645997845774e+09}