{"confusion_matrix":{"width":1000,"height":800,"_type":"image-file","sha256":"24a617a8756e9b2d61681d6508f31a83b306fcb5703888b5b2a122aba43d688d","size":44800,"path":"media/images/confusion_matrix_11_24a617a8756e9b2d6168.png","format":"png"},"val_accuracy":0.09333333333333334,"test_loss":0.4500000001276188,"examples":{"width":1200,"height":600,"_type":"image-file","sha256":"75cf3f2d6042056b9d89df460d23ed8f265f2d2a3c6eed2b5cf3bc7f22904ecc","size":29574,"path":"media/images/examples_12_75cf3f2d6042056b9d89.png","format":"png"},"accuracy":0.10059982227488151,"_step":12,"_wandb":{"runtime":36},"val_loss":0.4500001584192298,"_runtime":36.55281,"epoch":9,"_timestamp":1.7420678829613328e+09,"loss":0.44999999713327143,"test_accuracy":0.1}