{"val_accuracy":0.8916666666666667,"test_accuracy":0.8801,"epoch":19,"test_loss":0.3582585408513083,"confusion_matrix":{"height":800,"_type":"image-file","sha256":"87e89babf5ae68f3adfff0c03e6be73d1bb5797fd017925f01f744787ca430b0","size":60064,"path":"media/images/confusion_matrix_21_87e89babf5ae68f3adff.png","format":"png","width":1000},"_wandb":{"runtime":128},"examples":{"format":"png","width":1200,"height":600,"_type":"image-file","sha256":"75cf3f2d6042056b9d89df460d23ed8f265f2d2a3c6eed2b5cf3bc7f22904ecc","size":29574,"path":"media/images/examples_22_75cf3f2d6042056b9d89.png"},"val_loss":0.3372623788146658,"accuracy":0.9057501481042654,"_runtime":128.9575539,"loss":0.299277448332792,"_step":22,"_timestamp":1.742073566686506e+09}