{"val_loss":0.09374625024323391,"confusion_matrix":{"height":800,"_type":"image-file","sha256":"3e2163294292f615c70c29716b18e0c84b42944ea8381edf215ec09feccc2613","size":61870,"path":"media/images/confusion_matrix_6_3e2163294292f615c70c.png","format":"png","width":1000},"_wandb":{"runtime":79},"_timestamp":1.741555141082988e+09,"loss":0.08859234535098164,"val_accuracy":0.8716666666666667,"test_loss":0.09996414276122197,"_step":7,"epoch":4,"examples":{"_type":"image-file","sha256":"3b17a40d3c0003481150ce3cd5e234db4ef06f1019885019f6a3fed9b4772b2e","size":23873,"path":"media/images/examples_7_3b17a40d3c0003481150.png","format":"png","width":1200,"height":600},"test_accuracy":0.859,"_runtime":79.5908601,"accuracy":0.8780185185185185}