{"_step":17,"test_loss":2.3004884823373533,"val_accuracy":0.17133333333333334,"_wandb":{"runtime":70},"_runtime":70.615496,"loss":2.3002369534032137,"confusion_matrix":{"path":"media/images/confusion_matrix_16_c656c5bcfe070878a602.png","format":"png","width":1000,"height":800,"_type":"image-file","sha256":"c656c5bcfe070878a602ad4f6f8abdf0c6d5f2f8a8caa22393a55b6a8bd81b8f","size":69234},"val_loss":2.300605885026666,"_timestamp":1.7421107197185845e+09,"test_accuracy":0.1647,"epoch":14,"accuracy":0.16764168641390206,"examples":{"_type":"image-file","sha256":"75cf3f2d6042056b9d89df460d23ed8f265f2d2a3c6eed2b5cf3bc7f22904ecc","size":29574,"path":"media/images/examples_17_75cf3f2d6042056b9d89.png","format":"png","width":1200,"height":600}}