{"val_loss":0.3373100735195247,"val_accuracy":0.8901666666666667,"epoch":9,"_runtime":110.9600792,"examples":{"_type":"image-file","sha256":"3b17a40d3c0003481150ce3cd5e234db4ef06f1019885019f6a3fed9b4772b2e","size":23873,"path":"media/images/examples_12_3b17a40d3c0003481150.png","format":"png","width":1200,"height":600},"test_loss":0.38236665381358964,"test_accuracy":0.8788,"confusion_matrix":{"width":1000,"height":800,"_type":"image-file","sha256":"6fdc6b6812bdba8249d905877a103e15fc4cb78e632c95ec4a0046033cc72158","size":60767,"path":"media/images/confusion_matrix_11_6fdc6b6812bdba8249d9.png","format":"png"},"_wandb":{"runtime":110},"accuracy":0.8989003258293838,"_step":12,"loss":0.31404514342918904,"_timestamp":1.7415520817425442e+09}