{"accuracy":0.8872222222222222,"_wandb":{"runtime":248},"val_loss":0.3665836017199538,"test_accuracy":0.8692,"examples":{"_type":"image-file","sha256":"75cf3f2d6042056b9d89df460d23ed8f265f2d2a3c6eed2b5cf3bc7f22904ecc","size":29574,"path":"media/images/examples_22_75cf3f2d6042056b9d89.png","format":"png","width":1200,"height":600},"_timestamp":1.7421193518155105e+09,"loss":0.3464757760067883,"epoch":19,"_step":22,"val_accuracy":0.8801666666666667,"test_loss":0.39338048996284697,"confusion_matrix":{"height":800,"_type":"image-file","sha256":"6d610e297088a176669db3d5faa34d61bb4e70928ab5c2d690d944db1ed78690","size":63033,"path":"media/images/confusion_matrix_21_6d610e297088a176669d.png","format":"png","width":1000},"_runtime":248.9006569}