{"loss":0.0803416517972042,"test_loss":0.09418704012462809,"_runtime":33.031087,"accuracy":0.8892858906003159,"val_loss":0.08477523671987242,"epoch":4,"val_accuracy":0.8818333333333334,"_timestamp":1.741547181908965e+09,"confusion_matrix":{"sha256":"7ec66f4fdd0e311fbb48da356e72d24d3245ab7d0af4c248974be4d9fe5df00b","size":60292,"path":"media/images/confusion_matrix_6_7ec66f4fdd0e311fbb48.png","format":"png","width":1000,"height":800,"_type":"image-file"},"_step":7,"_wandb":{"runtime":33},"test_accuracy":0.8674,"examples":{"format":"png","width":1200,"height":600,"_type":"image-file","sha256":"3b17a40d3c0003481150ce3cd5e234db4ef06f1019885019f6a3fed9b4772b2e","size":23873,"path":"media/images/examples_7_3b17a40d3c0003481150.png"}}