{"loss":0.5476678552592231,"epoch":14,"_wandb":{"runtime":161},"_timestamp":1.7421111015080347e+09,"_step":17,"accuracy":0.8229783767772512,"test_loss":0.58206673825711,"examples":{"height":600,"_type":"image-file","sha256":"75cf3f2d6042056b9d89df460d23ed8f265f2d2a3c6eed2b5cf3bc7f22904ecc","size":29574,"path":"media/images/examples_17_75cf3f2d6042056b9d89.png","format":"png","width":1200},"test_accuracy":0.8162,"_runtime":161.0305883,"confusion_matrix":{"format":"png","width":1000,"height":800,"_type":"image-file","sha256":"375a7e4a9c5a096d6b28a91b9920b226d979a6d6caae04f3274f0e7faa8423ea","size":62875,"path":"media/images/confusion_matrix_16_375a7e4a9c5a096d6b28.png"},"val_loss":0.5600489398654016,"val_accuracy":0.825}