{"accuracy":0.9012329680094787,"confusion_matrix":{"_type":"image-file","sha256":"84f296ecbc631ae4162faca5b3d80522b3b17bc6974a43f2d905b7d7a77da1e2","size":60693,"path":"media/images/confusion_matrix_11_84f296ecbc631ae4162f.png","format":"png","width":1000,"height":800},"_runtime":111.9232268,"_timestamp":1.741561018683459e+09,"val_accuracy":0.8868333333333334,"test_loss":0.08659104833020609,"examples":{"width":1200,"height":600,"_type":"image-file","sha256":"3b17a40d3c0003481150ce3cd5e234db4ef06f1019885019f6a3fed9b4772b2e","size":23873,"path":"media/images/examples_12_3b17a40d3c0003481150.png","format":"png"},"epoch":9,"loss":0.07173394294999307,"_step":12,"val_loss":0.0816291688923661,"test_accuracy":0.8799,"_wandb":{"runtime":111}}