{"_timestamp":1.7420735832651176e+09,"val_loss":0.09257625480907465,"test_loss":0.09831265848391015,"examples":{"format":"png","width":1200,"height":600,"_type":"image-file","sha256":"75cf3f2d6042056b9d89df460d23ed8f265f2d2a3c6eed2b5cf3bc7f22904ecc","size":29574,"path":"media/images/examples_17_75cf3f2d6042056b9d89.png"},"test_accuracy":0.8667,"val_accuracy":0.8746666666666667,"_step":17,"epoch":14,"confusion_matrix":{"format":"png","width":1000,"height":800,"_type":"image-file","sha256":"06e3623ad65998d4aeb657d1d6c13166fe89ac62f084d7a10e406ed1675d2ab3","size":62057,"path":"media/images/confusion_matrix_16_06e3623ad65998d4aeb6.png"},"_runtime":131.8264413,"_wandb":{"runtime":131},"loss":0.07577886615855882,"accuracy":0.8985740740740741}