{"_step":12,"val_accuracy":0.8596666666666667,"loss":0.10478813773321949,"val_loss":0.1038580862562931,"epoch":9,"confusion_matrix":{"width":1000,"height":800,"_type":"image-file","sha256":"80f8709d4836ff568bf4d8b08ed2ab95d5ef026816c00a1e7c7bb4fd241a2621","size":63085,"path":"media/images/confusion_matrix_11_80f8709d4836ff568bf4.png","format":"png"},"test_loss":0.11205539401859674,"_timestamp":1.7415492627275343e+09,"test_accuracy":0.8481,"examples":{"format":"png","width":1200,"height":600,"_type":"image-file","sha256":"3b17a40d3c0003481150ce3cd5e234db4ef06f1019885019f6a3fed9b4772b2e","size":23873,"path":"media/images/examples_12_3b17a40d3c0003481150.png"},"accuracy":0.8579556674565562,"_runtime":40.2232636,"_wandb":{"runtime":40}}