{"_timestamp":1.7415304709806848e+09,"_wandb":{"runtime":125},"val_loss":0.08984688595758146,"epoch":9,"_step":12,"confusion_matrix":{"format":"png","width":1000,"height":800,"_type":"image-file","sha256":"90cbe4476f3d647b11301b773f539019a263c13d6f2289396313dafb15ee43f0","size":62384,"path":"media/images/confusion_matrix_11_90cbe4476f3d647b1130.png"},"loss":0.08779446193119858,"accuracy":0.8816091528436019,"examples":{"_type":"image-file","sha256":"3b17a40d3c0003481150ce3cd5e234db4ef06f1019885019f6a3fed9b4772b2e","size":23873,"path":"media/images/examples_12_3b17a40d3c0003481150.png","format":"png","width":1200,"height":600},"test_accuracy":0.8665,"val_accuracy":0.8748333333333334,"test_loss":0.0978004465456213,"_runtime":125.4136817}