{"_runtime":44.9404377,"accuracy":0.25279546800947866,"confusion_matrix":{"sha256":"052efdb3d8f77515f478983374c9533dc967d1e74e4f38640036fe4e629e0f6e","size":61620,"path":"media/images/confusion_matrix_11_052efdb3d8f77515f478.png","format":"png","width":1000,"height":800,"_type":"image-file"},"_step":12,"test_accuracy":0.2688,"val_loss":0.43612185395066594,"_timestamp":1.7415484172021692e+09,"examples":{"_type":"image-file","sha256":"3b17a40d3c0003481150ce3cd5e234db4ef06f1019885019f6a3fed9b4772b2e","size":23873,"path":"media/images/examples_12_3b17a40d3c0003481150.png","format":"png","width":1200,"height":600},"_wandb":{"runtime":44},"test_loss":0.4359960057241865,"epoch":9,"loss":0.437098804222694,"val_accuracy":0.2695}