{"test_accuracy":0.8727,"examples":{"format":"png","width":1200,"height":600,"_type":"image-file","sha256":"75cf3f2d6042056b9d89df460d23ed8f265f2d2a3c6eed2b5cf3bc7f22904ecc","size":29574,"path":"media/images/examples_12_75cf3f2d6042056b9d89.png"},"confusion_matrix":{"sha256":"7c14cbdd45757fcebbc0ddd16ed34b92f7697bb77eab1ba6273b46212b7b0b77","size":61310,"path":"media/images/confusion_matrix_11_7c14cbdd45757fcebbc0.png","format":"png","width":1000,"height":800,"_type":"image-file"},"epoch":9,"accuracy":0.9045591429699842,"test_loss":0.3708071448877574,"val_accuracy":0.8815,"_timestamp":1.7421290459203289e+09,"_wandb":{"runtime":97},"_runtime":97.0228139,"loss":0.2840106269845894,"val_loss":0.34347631954670055,"_step":12}