{"accuracy":0.9082000394944708,"val_loss":0.3354709529937417,"val_accuracy":0.8891666666666667,"_runtime":241.4790175,"test_loss":0.3691833078818827,"_timestamp":1.742116750201851e+09,"_wandb":{"runtime":241},"confusion_matrix":{"format":"png","width":1000,"height":800,"_type":"image-file","sha256":"0c01d8f0c7f3672252513040ecdc3c76482377db137af6be59b2203a30100d83","size":62839,"path":"media/images/confusion_matrix_21_0c01d8f0c7f367225251.png"},"loss":0.28971499074570223,"epoch":19,"test_accuracy":0.8754,"_step":22,"examples":{"height":600,"_type":"image-file","sha256":"75cf3f2d6042056b9d89df460d23ed8f265f2d2a3c6eed2b5cf3bc7f22904ecc","size":29574,"path":"media/images/examples_22_75cf3f2d6042056b9d89.png","format":"png","width":1200}}