{"val_accuracy":0.8736666666666667,"val_loss":0.09271514771504356,"_wandb":{"runtime":46},"loss":0.0950158167759279,"_runtime":46.0735904,"_timestamp":1.7415550547149467e+09,"test_loss":0.10122234749530792,"examples":{"format":"png","width":1200,"height":600,"_type":"image-file","sha256":"3b17a40d3c0003481150ce3cd5e234db4ef06f1019885019f6a3fed9b4772b2e","size":23873,"path":"media/images/examples_7_3b17a40d3c0003481150.png"},"_step":7,"epoch":4,"test_accuracy":0.8604,"confusion_matrix":{"height":800,"_type":"image-file","sha256":"4edf81fce27f7ebce840872d69aa391e1aef09ed1ae5d075774502ec3927fb3f","size":61913,"path":"media/images/confusion_matrix_6_4edf81fce27f7ebce840.png","format":"png","width":1000},"accuracy":0.8697114435229069}