{"_step":12,"val_loss":0.3274957016205616,"examples":{"width":1200,"height":600,"_type":"image-file","sha256":"3b17a40d3c0003481150ce3cd5e234db4ef06f1019885019f6a3fed9b4772b2e","size":23873,"path":"media/images/examples_12_3b17a40d3c0003481150.png","format":"png"},"_runtime":86.0297542,"test_loss":0.3697009241802767,"accuracy":0.9015600315955766,"epoch":9,"val_accuracy":0.8936666666666667,"confusion_matrix":{"sha256":"016e742ebe08363cdccdf41c726f9855194fc01a985d633c5f8f3a9dbe1e3d50","size":61269,"path":"media/images/confusion_matrix_11_016e742ebe08363cdccd.png","format":"png","width":1000,"height":800,"_type":"image-file"},"_wandb":{"runtime":86},"_timestamp":1.74155988904311e+09,"test_accuracy":0.8769,"loss":0.29696851199213065}