{"_timestamp":1.742109562307632e+09,"test_accuracy":0.8796,"_step":22,"epoch":19,"val_accuracy":0.8895,"val_loss":0.33598224222258477,"_wandb":{"runtime":33286},"test_loss":0.3637025690691052,"confusion_matrix":{"path":"media/images/confusion_matrix_21_1fbbcac0cb81a15edef0.png","format":"png","width":1000,"height":800,"_type":"image-file","sha256":"1fbbcac0cb81a15edef0c24d15e3c1bd8b6b674d5634936fefa743b4617716e8","size":60873},"examples":{"height":600,"_type":"image-file","sha256":"75cf3f2d6042056b9d89df460d23ed8f265f2d2a3c6eed2b5cf3bc7f22904ecc","size":29574,"path":"media/images/examples_22_75cf3f2d6042056b9d89.png","format":"png","width":1200},"_runtime":33286.5009772,"loss":0.2891449372401809,"accuracy":0.9096070300157978}