{"test_accuracy":0.1553,"confusion_matrix":{"width":1000,"height":800,"_type":"image-file","sha256":"46944f4aaafdfc2a953887dc3e21bf819637d29e3f2efb298a0f559131dca251","size":52067,"path":"media/images/confusion_matrix_6_46944f4aaafdfc2a9538.png","format":"png"},"_step":7,"_timestamp":1.7413662243537412e+09,"_runtime":29.553512,"accuracy":0.15647215639810427,"val_accuracy":0.1515,"epoch":4,"_wandb":{"runtime":29},"val_loss":3.4138754675223493e-09,"loss":2.0170823290572838e-08,"examples":{"height":600,"_type":"image-file","sha256":"3b17a40d3c0003481150ce3cd5e234db4ef06f1019885019f6a3fed9b4772b2e","size":23873,"path":"media/images/examples_7_3b17a40d3c0003481150.png","format":"png","width":1200},"test_loss":1.520669222486027e-08}