{"val_accuracy":0.8735,"examples":{"height":600,"_type":"image-file","sha256":"3b17a40d3c0003481150ce3cd5e234db4ef06f1019885019f6a3fed9b4772b2e","size":23873,"path":"media/images/examples_7_3b17a40d3c0003481150.png","format":"png","width":1200},"loss":0.08270316748190727,"_timestamp":1.7415538437028613e+09,"epoch":4,"confusion_matrix":{"_type":"image-file","sha256":"e79644bb405d1a472b55410d36ebe5a1f2b276bbffab1d46c509256fcfe641b5","size":61162,"path":"media/images/confusion_matrix_6_e79644bb405d1a472b55.png","format":"png","width":1000,"height":800},"_wandb":{"runtime":45},"_runtime":45.2653503,"_step":7,"test_accuracy":0.864,"test_loss":0.099214451785484,"accuracy":0.8846329482622434,"val_loss":0.09111906595863709}