{"_timestamp":1.7420739038714135e+09,"_runtime":98.398808,"_step":12,"val_accuracy":0.8816666666666667,"_wandb":{"runtime":98},"loss":0.33570069389440066,"confusion_matrix":{"height":800,"_type":"image-file","sha256":"9244e47e3a950cabbe9d58f163a412f92c23a53a51fce1baf484f5faccbc8e6c","size":61669,"path":"media/images/confusion_matrix_11_9244e47e3a950cabbe9d.png","format":"png","width":1000},"epoch":9,"accuracy":0.8896851851851851,"examples":{"_type":"image-file","sha256":"75cf3f2d6042056b9d89df460d23ed8f265f2d2a3c6eed2b5cf3bc7f22904ecc","size":29574,"path":"media/images/examples_12_75cf3f2d6042056b9d89.png","format":"png","width":1200,"height":600},"test_loss":0.3965545108244336,"test_accuracy":0.8711,"val_loss":0.3657840735767107}