{"epoch":4,"_runtime":134.3776343,"examples":{"size":23873,"path":"media/images/examples_7_3b17a40d3c0003481150.png","format":"png","width":1200,"height":600,"_type":"image-file","sha256":"3b17a40d3c0003481150ce3cd5e234db4ef06f1019885019f6a3fed9b4772b2e"},"confusion_matrix":{"size":61375,"path":"media/images/confusion_matrix_6_8eb224f453fb3fd121e1.png","format":"png","width":1000,"height":800,"_type":"image-file","sha256":"8eb224f453fb3fd121e11fa62a52d748d4b061b8af6cce88a74553cb4220fa3e"},"_wandb":{"runtime":134},"accuracy":0.8795555555555555,"test_loss":0.4003205129431442,"loss":0.3673524473336769,"test_accuracy":0.8719,"_step":7,"val_loss":0.3649666122104049,"val_accuracy":0.8821666666666667,"_timestamp":1.7415502645185614e+09}