{"_runtime":180.5276283,"_step":17,"confusion_matrix":{"size":61224,"path":"media/images/confusion_matrix_16_943e759d0df45b9d4a23.png","format":"png","width":1000,"height":800,"_type":"image-file","sha256":"943e759d0df45b9d4a23113cb1f4d490d2b9fca86d556c50719e979cebbcd8b8"},"accuracy":0.9098785545023697,"epoch":14,"test_accuracy":0.8807,"_wandb":{"runtime":180},"val_loss":0.08445628453034396,"val_accuracy":0.8856666666666667,"_timestamp":1.7420724993848364e+09,"examples":{"height":600,"_type":"image-file","sha256":"75cf3f2d6042056b9d89df460d23ed8f265f2d2a3c6eed2b5cf3bc7f22904ecc","size":29574,"path":"media/images/examples_17_75cf3f2d6042056b9d89.png","format":"png","width":1200},"test_loss":0.0891390914623821,"loss":0.06710057681777665}