{"test_loss":0.10283077588282553,"_timestamp":1.7415623174414952e+09,"confusion_matrix":{"path":"media/images/confusion_matrix_6_c45647d7f69af6120ddb.png","format":"png","width":1000,"height":800,"_type":"image-file","sha256":"c45647d7f69af6120ddb676527d5e6aed11a0194558e95e13fb534e1a29bdfb4","size":61151},"accuracy":0.8819979265402843,"examples":{"path":"media/images/examples_7_3b17a40d3c0003481150.png","format":"png","width":1200,"height":600,"_type":"image-file","sha256":"3b17a40d3c0003481150ce3cd5e234db4ef06f1019885019f6a3fed9b4772b2e","size":23873},"test_accuracy":0.8621,"_runtime":63.5693299,"epoch":4,"_step":7,"loss":0.08561998716237709,"val_loss":0.093621418224047,"val_accuracy":0.8745,"_wandb":{"runtime":63}}