{"test_loss":0.10065163479725972,"_wandb":{"runtime":35},"val_accuracy":0.871,"_timestamp":1.7415580914081433e+09,"loss":0.08816569205675215,"_runtime":35.4905074,"accuracy":0.8790555555555556,"_step":7,"test_accuracy":0.861,"epoch":4,"val_loss":0.09533808524527362,"examples":{"_type":"image-file","sha256":"3b17a40d3c0003481150ce3cd5e234db4ef06f1019885019f6a3fed9b4772b2e","size":23873,"path":"media/images/examples_7_3b17a40d3c0003481150.png","format":"png","width":1200,"height":600},"confusion_matrix":{"format":"png","width":1000,"height":800,"_type":"image-file","sha256":"d7b212d502b50c84f7a15e922dae74340989b0cb5087131ecb268c2aadb51dd5","size":61793,"path":"media/images/confusion_matrix_6_d7b212d502b50c84f7a1.png"}}