{"loss":0.07170523995057104,"val_loss":0.08561513763615214,"val_accuracy":0.8798333333333334,"_runtime":244.3234358,"_step":12,"_wandb":{"runtime":244},"epoch":9,"test_loss":0.09374667498474457,"test_accuracy":0.8715,"accuracy":0.9018703703703703,"_timestamp":1.7420742452303247e+09,"confusion_matrix":{"sha256":"34fd422f2526a9029e04628448e84aec1ffccebf99d2215cbd72757c14a42f26","size":61106,"path":"media/images/confusion_matrix_11_34fd422f2526a9029e04.png","format":"png","width":1000,"height":800,"_type":"image-file"},"examples":{"path":"media/images/examples_12_75cf3f2d6042056b9d89.png","format":"png","width":1200,"height":600,"_type":"image-file","sha256":"75cf3f2d6042056b9d89df460d23ed8f265f2d2a3c6eed2b5cf3bc7f22904ecc","size":29574}}