{"val_accuracy":0.885,"epoch":19,"val_loss":0.08425544274872239,"test_loss":0.09041719655435083,"examples":{"width":1200,"height":600,"_type":"image-file","sha256":"75cf3f2d6042056b9d89df460d23ed8f265f2d2a3c6eed2b5cf3bc7f22904ecc","size":29574,"path":"media/images/examples_22_75cf3f2d6042056b9d89.png","format":"png"},"test_accuracy":0.8748,"_runtime":327.966173,"_timestamp":1.742074563270329e+09,"_wandb":{"runtime":327},"loss":0.07110687885915817,"confusion_matrix":{"sha256":"9258bebbfbd8a1facb9bfbce92f9e353e524c3b1dd56368bfd3e9e0233d61a30","size":61498,"path":"media/images/confusion_matrix_21_9258bebbfbd8a1facb9b.png","format":"png","width":1000,"height":800,"_type":"image-file"},"_step":22,"accuracy":0.905425925925926}