{"_timestamp":1.742072639346573e+09,"_runtime":40.761248,"loss":0.40531952637481833,"test_loss":0.4409363663709274,"test_accuracy":0.8575,"confusion_matrix":{"size":63292,"path":"media/images/confusion_matrix_11_8d6086d351608b90e73e.png","format":"png","width":1000,"height":800,"_type":"image-file","sha256":"8d6086d351608b90e73e526c4d26f48d93230f8d7b2db4ebcef14b6fd23afdde"},"examples":{"path":"media/images/examples_12_75cf3f2d6042056b9d89.png","format":"png","width":1200,"height":600,"_type":"image-file","sha256":"75cf3f2d6042056b9d89df460d23ed8f265f2d2a3c6eed2b5cf3bc7f22904ecc","size":29574},"accuracy":0.8681296296296296,"_wandb":{"runtime":40},"val_loss":0.4162745165116253,"_step":12,"val_accuracy":0.867,"epoch":9}