{"_step":7,"test_accuracy":0.861,"_timestamp":1.7415599359550521e+09,"val_loss":0.3888938392250571,"val_accuracy":0.8736666666666667,"test_loss":0.43089674000166445,"_runtime":40.826342,"accuracy":0.881010564770932,"loss":0.3691449714221195,"examples":{"format":"png","width":1200,"height":600,"_type":"image-file","sha256":"3b17a40d3c0003481150ce3cd5e234db4ef06f1019885019f6a3fed9b4772b2e","size":23873,"path":"media/images/examples_7_3b17a40d3c0003481150.png"},"confusion_matrix":{"height":800,"_type":"image-file","sha256":"65c569aa1117f87d0a5ac0e810e59a73e5a3dc97f37ddde6d53eaf7966260366","size":60813,"path":"media/images/confusion_matrix_6_65c569aa1117f87d0a5a.png","format":"png","width":1000},"_wandb":{"runtime":40},"epoch":4}