{"epoch":9,"test_accuracy":0.864,"_wandb":{"runtime":695},"val_accuracy":0.8696666666666667,"_timestamp":1.7420726313572404e+09,"_runtime":695.8691975,"_step":12,"loss":0.07502494055858491,"test_loss":0.09755408415520514,"accuracy":0.8972037037037037,"val_loss":0.09273107163543576,"confusion_matrix":{"width":1000,"height":800,"_type":"image-file","sha256":"da15fa0c8cff93299feafd1305f27a5c9f90684550156f18e9bd8980330500ff","size":60013,"path":"media/images/confusion_matrix_11_da15fa0c8cff93299fea.png","format":"png"},"examples":{"size":29574,"path":"media/images/examples_12_75cf3f2d6042056b9d89.png","format":"png","width":1200,"height":600,"_type":"image-file","sha256":"75cf3f2d6042056b9d89df460d23ed8f265f2d2a3c6eed2b5cf3bc7f22904ecc"}}