{"test_accuracy":0.8714,"examples":{"size":23873,"path":"media/images/examples_7_3b17a40d3c0003481150.png","format":"png","width":1200,"height":600,"_type":"image-file","sha256":"3b17a40d3c0003481150ce3cd5e234db4ef06f1019885019f6a3fed9b4772b2e"},"_runtime":105.6633249,"epoch":4,"_wandb":{"runtime":105},"test_loss":0.3989344986653767,"val_accuracy":0.8838333333333334,"confusion_matrix":{"format":"png","width":1000,"height":800,"_type":"image-file","sha256":"e1e6f289ae7f9225a2c105c8c625e51f85151ff41d9bf9748a9ba02ea990852e","size":60306,"path":"media/images/confusion_matrix_6_e1e6f289ae7f9225a2c1.png"},"loss":0.37207376730794395,"_timestamp":1.74157065325414e+09,"accuracy":0.8810555555555556,"val_loss":0.36446904853482714,"_step":7}