{"val_accuracy":0.5075,"_step":17,"test_loss":0.3570429065007511,"confusion_matrix":{"size":61938,"path":"media/images/confusion_matrix_16_fe70d4c1bf19d680ef8e.png","format":"png","width":1000,"height":800,"_type":"image-file","sha256":"fe70d4c1bf19d680ef8e9b7d4c2eee88b98ca8220c324f71b8f810537ce50d9d"},"_runtime":105.1786974,"loss":0.3637368993921826,"accuracy":0.46902769549763035,"examples":{"width":1200,"height":600,"_type":"image-file","sha256":"75cf3f2d6042056b9d89df460d23ed8f265f2d2a3c6eed2b5cf3bc7f22904ecc","size":29574,"path":"media/images/examples_17_75cf3f2d6042056b9d89.png","format":"png"},"epoch":14,"test_accuracy":0.4999,"_timestamp":1.7420673301130245e+09,"_wandb":{"runtime":105},"val_loss":0.3546728161525159}