{"confusion_matrix":{"format":"png","width":3367,"height":2963,"_type":"image-file","sha256":"2319a04786ebf4597a36f4fc8619844a45d93d34571daeab4a4c617406023d60","size":327860,"path":"media/images/confusion_matrix_2_2319a04786ebf4597a36.png"},"_step":3,"_wandb":{"runtime":12},"predictions":{"_type":"image-file","sha256":"d0e5ec608b86ce09a34705da15f3083e442e67c169abfb4eea8c676cec47d5b1","size":54299,"path":"media/images/predictions_3_d0e5ec608b86ce09a347.png","format":"png","width":2250,"height":900},"test_accuracy":0.7966,"epoch":0,"_runtime":12.944995800000001,"val_loss":0.5873273583015048,"accuracy":0.6596255430489731,"test_loss":0.6114035279178525,"_timestamp":1.7422055085112052e+09,"val_accuracy":0.8016666666666666,"loss":0.9463311635857032}