{"test_loss":0.429350505603621,"_runtime":67.536603,"_wandb":{"runtime":67},"_timestamp":1.7420702165431664e+09,"examples":{"path":"media/images/examples_12_75cf3f2d6042056b9d89.png","format":"png","width":1200,"height":600,"_type":"image-file","sha256":"75cf3f2d6042056b9d89df460d23ed8f265f2d2a3c6eed2b5cf3bc7f22904ecc","size":29574},"val_accuracy":0.8678333333333333,"_step":12,"epoch":9,"loss":0.39525164719546363,"accuracy":0.8715936018957346,"val_loss":0.4053326961203596,"test_accuracy":0.8529,"confusion_matrix":{"width":1000,"height":800,"_type":"image-file","sha256":"9cde43eabada289eb208dbe51b57ffb5e55d3d35e23bcb93edfa5315abc015dc","size":63015,"path":"media/images/confusion_matrix_11_9cde43eabada289eb208.png","format":"png"}}