{"_step":3,"loss":0.894480626954543,"_wandb":{"runtime":20},"val_accuracy":0.8283333333333334,"accuracy":0.6865496642969984,"predictions":{"path":"media/images/predictions_3_5f6964b5adfef40f7fbe.png","format":"png","width":2250,"height":900,"_type":"image-file","sha256":"5f6964b5adfef40f7fbe190843dbe788fe37033b45c9023d90446a64b9c3f23c","size":52752},"_timestamp":1.742205619978637e+09,"confusion_matrix":{"size":327427,"path":"media/images/confusion_matrix_2_65e3d271e8444badb776.png","format":"png","width":3367,"height":2963,"_type":"image-file","sha256":"65e3d271e8444badb776667a3c36d675ad753c126c6dc64b8663f74649a43bcc"},"test_accuracy":0.8175,"val_loss":0.5357131781912675,"epoch":0,"test_loss":0.5565845190030431,"_runtime":19.5397744}