{"accuracy":0.8814425355450237,"val_accuracy":0.8733333333333333,"_wandb":{"runtime":67},"_step":12,"test_accuracy":0.8638,"confusion_matrix":{"path":"media/images/confusion_matrix_11_0a574f352bf93fcd5ee7.png","format":"png","width":1000,"height":800,"_type":"image-file","sha256":"0a574f352bf93fcd5ee74aab713cb1c487f02bb985e1a0fc4a095b88f393ce48","size":61132},"examples":{"path":"media/images/examples_12_3b17a40d3c0003481150.png","format":"png","width":1200,"height":600,"_type":"image-file","sha256":"3b17a40d3c0003481150ce3cd5e234db4ef06f1019885019f6a3fed9b4772b2e","size":23873},"_runtime":67.0627521,"epoch":9,"val_loss":0.380508939791544,"loss":0.36146440390176815,"test_loss":0.4092100683772186,"_timestamp":1.741549962210507e+09}