{"confusion_matrix":{"sha256":"87a2276f3c14563351233b37e91e9402f7743395ddb62ea17bd2fa5a9a8265d1","size":61103,"path":"media/images/confusion_matrix_11_87a2276f3c1456335123.png","format":"png","width":1000,"height":800,"_type":"image-file"},"_wandb":{"runtime":205},"_step":12,"loss":0.07817384521477487,"test_accuracy":0.8769,"examples":{"format":"png","width":1200,"height":600,"_type":"image-file","sha256":"3b17a40d3c0003481150ce3cd5e234db4ef06f1019885019f6a3fed9b4772b2e","size":23873,"path":"media/images/examples_12_3b17a40d3c0003481150.png"},"val_accuracy":0.8916666666666667,"test_loss":0.08963985292041553,"_timestamp":1.7415303393913162e+09,"epoch":9,"accuracy":0.8932908767772512,"_runtime":205.4072184,"val_loss":0.08107080752803794}