{"test_loss":0.3980463288009201,"_wandb":{"runtime":235},"_runtime":235.6996535,"accuracy":0.8956851851851851,"val_loss":0.36880773403714073,"val_accuracy":0.8826666666666667,"_step":12,"loss":0.3359231652316635,"test_accuracy":0.876,"_timestamp":1.7415554784065564e+09,"confusion_matrix":{"height":800,"_type":"image-file","sha256":"6d556e3c3bc5adf9051bcedbc050112c235865767a7c91b728b8a996da40fb0a","size":61460,"path":"media/images/confusion_matrix_11_6d556e3c3bc5adf9051b.png","format":"png","width":1000},"epoch":9,"examples":{"format":"png","width":1200,"height":600,"_type":"image-file","sha256":"3b17a40d3c0003481150ce3cd5e234db4ef06f1019885019f6a3fed9b4772b2e","size":23873,"path":"media/images/examples_12_3b17a40d3c0003481150.png"}}