{"loss":0.08369440862240488,"epoch":19,"test_accuracy":0.8614,"val_loss":0.09397371717590729,"test_loss":0.10055876722621473,"examples":{"size":29574,"path":"media/images/examples_22_75cf3f2d6042056b9d89.png","format":"png","width":1200,"height":600,"_type":"image-file","sha256":"75cf3f2d6042056b9d89df460d23ed8f265f2d2a3c6eed2b5cf3bc7f22904ecc"},"val_accuracy":0.871,"_step":22,"_wandb":{"runtime":144},"_timestamp":1.742072790681066e+09,"accuracy":0.8873703703703704,"_runtime":144.3124511,"confusion_matrix":{"format":"png","width":1000,"height":800,"_type":"image-file","sha256":"56927c715789a56a3e7e344f4396782b6f2e5682e34c7447c00c32690cad9ea0","size":61492,"path":"media/images/confusion_matrix_21_56927c715789a56a3e7e.png"}}