{"_step":12,"epoch":9,"_wandb":{"runtime":53},"loss":0.08230713044624414,"test_loss":0.0993857712711085,"val_accuracy":0.8726666666666667,"examples":{"width":1200,"height":600,"_type":"image-file","sha256":"3b17a40d3c0003481150ce3cd5e234db4ef06f1019885019f6a3fed9b4772b2e","size":23873,"path":"media/images/examples_12_3b17a40d3c0003481150.png","format":"png"},"_timestamp":1.7415664155299726e+09,"test_accuracy":0.8609,"confusion_matrix":{"sha256":"99126814945719d79b3cbf0d9cab5a12968a520292d148ff6235fb39df5bf786","size":61005,"path":"media/images/confusion_matrix_11_99126814945719d79b3c.png","format":"png","width":1000,"height":800,"_type":"image-file"},"accuracy":0.8876111111111111,"val_loss":0.09242950542954977,"_runtime":53.1898405}