{"accuracy":0.09877937401263824,"val_loss":2.302591985728021,"_step":7,"_wandb":{"runtime":18},"confusion_matrix":{"width":1000,"height":800,"_type":"image-file","sha256":"24a617a8756e9b2d61681d6508f31a83b306fcb5703888b5b2a122aba43d688d","size":44800,"path":"media/images/confusion_matrix_6_24a617a8756e9b2d6168.png","format":"png"},"epoch":4,"_timestamp":1.7415448006858678e+09,"loss":2.302586383709803,"examples":{"_type":"image-file","sha256":"3b17a40d3c0003481150ce3cd5e234db4ef06f1019885019f6a3fed9b4772b2e","size":23873,"path":"media/images/examples_7_3b17a40d3c0003481150.png","format":"png","width":1200,"height":600},"val_accuracy":0.09333333333333334,"test_loss":2.302585161207302,"test_accuracy":0.1,"_runtime":18.3395498}