{"test_loss":0.4436256829787395,"confusion_matrix":{"path":"media/images/confusion_matrix_21_5093f5fd618b64a5993f.png","format":"png","width":1000,"height":800,"_type":"image-file","sha256":"5093f5fd618b64a5993fcd8a10e8143eeaebf894e33be6a4efd730a1b7a74c0a","size":61998},"test_accuracy":0.8595,"_wandb":{"runtime":300},"val_loss":0.41634094557183093,"_step":22,"accuracy":0.8797763625592417,"_runtime":300.1684523,"epoch":19,"loss":0.38561204856664477,"examples":{"height":600,"_type":"image-file","sha256":"75cf3f2d6042056b9d89df460d23ed8f265f2d2a3c6eed2b5cf3bc7f22904ecc","size":29574,"path":"media/images/examples_22_75cf3f2d6042056b9d89.png","format":"png","width":1200},"_timestamp":1.742143296998353e+09,"val_accuracy":0.8706666666666667}