{"val_accuracy":0.102,"_wandb":{"runtime":43},"accuracy":0.09994569510268562,"_runtime":43.5731102,"test_accuracy":0.1,"confusion_matrix":{"sha256":"3ef7f6662e931db033869ffed0cbb0de5417f0cd712e3c31b12b58e814e01d4a","size":45130,"path":"media/images/confusion_matrix_11_3ef7f6662e931db03386.png","format":"png","width":1000,"height":800,"_type":"image-file"},"_step":12,"test_loss":2.3026050837384364,"examples":{"format":"png","width":1200,"height":600,"_type":"image-file","sha256":"3b17a40d3c0003481150ce3cd5e234db4ef06f1019885019f6a3fed9b4772b2e","size":23873,"path":"media/images/examples_12_3b17a40d3c0003481150.png"},"_timestamp":1.7415480136755183e+09,"val_loss":2.302493363227966,"epoch":9,"loss":2.302622317525365}