{"_step":7,"test_accuracy":0.8479,"confusion_matrix":{"format":"png","width":1000,"height":800,"_type":"image-file","sha256":"52f2da94c815ff9721de942d6d38ecf4befd0fda214423ade14088ccf6c7060d","size":63325,"path":"media/images/confusion_matrix_6_52f2da94c815ff9721de.png"},"_wandb":{"runtime":24},"_timestamp":1.7415803179872012e+09,"val_loss":0.10369765233239565,"val_accuracy":0.8576666666666667,"accuracy":0.861355894549763,"test_loss":0.11069953650835755,"_runtime":24.2736085,"loss":0.10281250220243314,"epoch":4,"examples":{"sha256":"3b17a40d3c0003481150ce3cd5e234db4ef06f1019885019f6a3fed9b4772b2e","size":23873,"path":"media/images/examples_7_3b17a40d3c0003481150.png","format":"png","width":1200,"height":600,"_type":"image-file"}}