{"test_accuracy":0.8551,"val_loss":0.3938592794921254,"accuracy":0.8824607523696683,"confusion_matrix":{"size":61205,"path":"media/images/confusion_matrix_11_adb152055b82a3e004a4.png","format":"png","width":1000,"height":800,"_type":"image-file","sha256":"adb152055b82a3e004a4523e940feb091212fc43e36c2b42218f754e74ae55f9"},"val_accuracy":0.8688333333333333,"_timestamp":1.7421106434871392e+09,"_step":12,"loss":0.3690726737124784,"_runtime":31.4991876,"epoch":9,"test_loss":0.42915938540201076,"examples":{"sha256":"75cf3f2d6042056b9d89df460d23ed8f265f2d2a3c6eed2b5cf3bc7f22904ecc","size":29574,"path":"media/images/examples_12_75cf3f2d6042056b9d89.png","format":"png","width":1200,"height":600,"_type":"image-file"},"_wandb":{"runtime":31}}