{"_wandb":{"runtime":157},"val_loss":0.36898546008261013,"epoch":14,"examples":{"format":"png","width":1200,"height":600,"_type":"image-file","sha256":"75cf3f2d6042056b9d89df460d23ed8f265f2d2a3c6eed2b5cf3bc7f22904ecc","size":29574,"path":"media/images/examples_17_75cf3f2d6042056b9d89.png"},"_runtime":157.2438825,"val_accuracy":0.8785,"_step":17,"loss":0.36077817726321004,"test_accuracy":0.8694,"_timestamp":1.7420737321970682e+09,"accuracy":0.884342910742496,"test_loss":0.3969071279968788,"confusion_matrix":{"height":800,"_type":"image-file","sha256":"3bf0b3ebe0d2a1b2f35c6823be31ef3f132a8c6b7d2a19c976f9fa986f557909","size":62377,"path":"media/images/confusion_matrix_16_3bf0b3ebe0d2a1b2f35c.png","format":"png","width":1000}}