{"val_accuracy":0.8806666666666667,"test_loss":0.09246549697801433,"epoch":9,"_wandb":{"runtime":110},"_timestamp":1.7415712313158739e+09,"_step":12,"val_loss":0.08570809708373417,"_runtime":110.7639871,"loss":0.07873586235004414,"accuracy":0.8921060426540285,"test_accuracy":0.8752,"confusion_matrix":{"height":800,"_type":"image-file","sha256":"5b150868e4a2d7db5971515eef8c714f0db011bdc4e764196ef4a9d8daaa7fba","size":61815,"path":"media/images/confusion_matrix_11_5b150868e4a2d7db5971.png","format":"png","width":1000},"examples":{"format":"png","width":1200,"height":600,"_type":"image-file","sha256":"3b17a40d3c0003481150ce3cd5e234db4ef06f1019885019f6a3fed9b4772b2e","size":23873,"path":"media/images/examples_12_3b17a40d3c0003481150.png"}}