{"confusion_matrix":{"height":800,"_type":"image-file","sha256":"7dd19869d9a70a5689d9a8bf1614513ba78b44746c1791ee6767fa196c62cc4c","size":64688,"path":"media/images/confusion_matrix_6_7dd19869d9a70a5689d9.png","format":"png","width":1000},"accuracy":0.8456198163507109,"val_loss":0.4959852732427776,"test_loss":0.5204026770521993,"epoch":4,"_runtime":16.3018342,"_timestamp":1.7415492868247461e+09,"_step":7,"_wandb":{"runtime":16},"examples":{"format":"png","width":1200,"height":600,"_type":"image-file","sha256":"3b17a40d3c0003481150ce3cd5e234db4ef06f1019885019f6a3fed9b4772b2e","size":23873,"path":"media/images/examples_7_3b17a40d3c0003481150.png"},"loss":0.4902976481003668,"test_accuracy":0.8313,"val_accuracy":0.8411666666666666}