{"_wandb":{"runtime":1048},"val_accuracy":0.9745,"test_loss":0.21994074156698643,"predictions":{"size":28613,"path":"media/images/predictions_22_4bd748a4da292be77d8f.png","format":"png","width":2250,"height":900,"_type":"image-file","sha256":"4bd748a4da292be77d8f2c56b1a85af5f67598b6f7ba5d15dadfdeab2677b5a4"},"loss":0.08763914337139804,"confusion_matrix":{"sha256":"effabc908f97f74dde2df67c9bfd70b4a745ff17958df941d96e49a62e5a0fa0","size":297617,"path":"media/images/confusion_matrix_21_effabc908f97f74dde2d.png","format":"png","width":4425,"height":4164,"_type":"image-file"},"_runtime":1048.8245466,"val_loss":0.21661972600026222,"epoch":19,"_step":22,"_timestamp":1.7422324214134612e+09,"accuracy":0.9870555555555556,"test_accuracy":0.9725}