{"val_accuracy":0.8911666666666667,"_wandb":{"runtime":786},"_runtime":786.1070278,"_timestamp":1.7421273986058073e+09,"epoch":19,"accuracy":0.9118888888888889,"loss":0.2944890730377308,"test_accuracy":0.8816,"examples":{"height":600,"_type":"image-file","sha256":"75cf3f2d6042056b9d89df460d23ed8f265f2d2a3c6eed2b5cf3bc7f22904ecc","size":29574,"path":"media/images/examples_22_75cf3f2d6042056b9d89.png","format":"png","width":1200},"_step":22,"test_loss":0.4569599666378071,"val_loss":0.42602622334437834,"confusion_matrix":{"format":"png","width":1000,"height":800,"_type":"image-file","sha256":"88b104c80595cacc7ebd1008fb72ffb2e14d2c3ad698fcb6649a66a1fff1e608","size":60116,"path":"media/images/confusion_matrix_21_88b104c80595cacc7ebd.png"}}