{"confusion_matrix":{"path":"media/images/confusion_matrix_11_eed4c5148289f00d6ee5.png","format":"png","width":1000,"height":800,"_type":"image-file","sha256":"eed4c5148289f00d6ee5db9243bc5ad2c77194f87a298d26654df3cbe9d9531d","size":60909},"_wandb":{"runtime":252},"_timestamp":1.7415412778157656e+09,"_runtime":252.1715591,"test_loss":0.37712071579338347,"_step":12,"test_accuracy":0.8789,"val_loss":0.33566323868310055,"loss":0.30946867755693847,"examples":{"width":1200,"height":600,"_type":"image-file","sha256":"3b17a40d3c0003481150ce3cd5e234db4ef06f1019885019f6a3fed9b4772b2e","size":23873,"path":"media/images/examples_12_3b17a40d3c0003481150.png","format":"png"},"val_accuracy":0.8891666666666667,"accuracy":0.8999370556872038,"epoch":9}