{"confusion_matrix":{"size":60758,"path":"media/images/confusion_matrix_11_f919141f9dad3c2d5588.png","format":"png","width":1000,"height":800,"_type":"image-file","sha256":"f919141f9dad3c2d5588af62c804a8ad2ef9b4294553a56f40c71bd396e7a826"},"examples":{"size":29574,"path":"media/images/examples_12_75cf3f2d6042056b9d89.png","format":"png","width":1200,"height":600,"_type":"image-file","sha256":"75cf3f2d6042056b9d89df460d23ed8f265f2d2a3c6eed2b5cf3bc7f22904ecc"},"_step":12,"test_loss":0.458689398435002,"_timestamp":1.7421257342715142e+09,"loss":0.39552538596841536,"val_loss":0.4371014203438439,"test_accuracy":0.8683,"val_accuracy":0.8743333333333333,"accuracy":0.8910555555555556,"_runtime":247.2159037,"epoch":9,"_wandb":{"runtime":247}}