{"_runtime":88.2290208,"confusion_matrix":{"format":"png","width":1000,"height":800,"_type":"image-file","sha256":"a108424866ecaa0b91c61c7d383a223cf84c54155b43d4a6c7af6dc75556bf41","size":63858,"path":"media/images/confusion_matrix_11_a108424866ecaa0b91c6.png"},"loss":0.10376058067929353,"accuracy":0.8591528436018957,"examples":{"path":"media/images/examples_12_3b17a40d3c0003481150.png","format":"png","width":1200,"height":600,"_type":"image-file","sha256":"3b17a40d3c0003481150ce3cd5e234db4ef06f1019885019f6a3fed9b4772b2e","size":23873},"val_loss":0.10301752769550991,"_timestamp":1.7415813848021376e+09,"_wandb":{"runtime":88},"epoch":9,"test_accuracy":0.8493,"val_accuracy":0.8616666666666667,"_step":12,"test_loss":0.11062602572154703}