{"accuracy":0.8720008886255924,"val_accuracy":0.8565,"_timestamp":1.7415719348074632e+09,"epoch":4,"val_loss":0.10071151456108934,"test_accuracy":0.8511,"confusion_matrix":{"width":1000,"height":800,"_type":"image-file","sha256":"5fefe1bfeac6bd41b2b93da324b2560af178407a1f9a12366761ead1cd088e2d","size":61070,"path":"media/images/confusion_matrix_6_5fefe1bfeac6bd41b2b9.png","format":"png"},"_runtime":41.2256662,"loss":0.09271845701353161,"_step":7,"test_loss":0.10789012634315977,"examples":{"_type":"image-file","sha256":"3b17a40d3c0003481150ce3cd5e234db4ef06f1019885019f6a3fed9b4772b2e","size":23873,"path":"media/images/examples_7_3b17a40d3c0003481150.png","format":"png","width":1200,"height":600},"_wandb":{"runtime":41}}