{"examples":{"size":23873,"path":"media/images/examples_7_3b17a40d3c0003481150.png","format":"png","width":1200,"height":600,"_type":"image-file","sha256":"3b17a40d3c0003481150ce3cd5e234db4ef06f1019885019f6a3fed9b4772b2e"},"_timestamp":1.741558746661713e+09,"val_accuracy":0.8726666666666667,"loss":0.09526737085920374,"epoch":4,"_runtime":43.6074508,"_step":7,"test_loss":0.10361175362359162,"confusion_matrix":{"format":"png","width":1000,"height":800,"_type":"image-file","sha256":"66e036130c212a44de14d688ced92629d43815eb4e96384f4b14c54bdf165b23","size":62205,"path":"media/images/confusion_matrix_6_66e036130c212a44de14.png"},"_wandb":{"runtime":43},"test_accuracy":0.8595,"val_loss":0.09450382381109992,"accuracy":0.869372037914692}