{"confusion_matrix":{"path":"media/images/confusion_matrix_11_39d34c1db0f3991b1f6c.png","format":"png","width":1000,"height":800,"_type":"image-file","sha256":"39d34c1db0f3991b1f6c6ae528670ed15a892926b1d2e4dfa0cfc45213e8f9b5","size":59363},"val_accuracy":0.886,"_runtime":99.1893227,"epoch":9,"_step":12,"test_accuracy":0.8803,"test_loss":0.08697355385411189,"examples":{"path":"media/images/examples_12_75cf3f2d6042056b9d89.png","format":"png","width":1200,"height":600,"_type":"image-file","sha256":"75cf3f2d6042056b9d89df460d23ed8f265f2d2a3c6eed2b5cf3bc7f22904ecc","size":29574},"accuracy":0.9035100710900474,"loss":0.0703068367526295,"_timestamp":1.742071262756149e+09,"_wandb":{"runtime":99},"val_loss":0.08215130273516114}