{"_wandb":{"runtime":347},"loss":2.302589085064914,"test_loss":2.3025851223573564,"val_accuracy":0.099,"confusion_matrix":{"path":"media/images/confusion_matrix_16_2b3a05ec871c33689ee9.png","format":"png","width":1000,"height":800,"_type":"image-file","sha256":"2b3a05ec871c33689ee911aab8ce77044427c04bbb582f962239aca311c9a1be","size":45099},"examples":{"_type":"image-file","sha256":"75cf3f2d6042056b9d89df460d23ed8f265f2d2a3c6eed2b5cf3bc7f22904ecc","size":29574,"path":"media/images/examples_17_75cf3f2d6042056b9d89.png","format":"png","width":1200,"height":600},"epoch":14,"val_loss":2.30258537847041,"test_accuracy":0.1,"_step":17,"accuracy":0.09787037037037037,"_runtime":347.2776358,"_timestamp":1.7420696345104156e+09}