{"_step":12,"accuracy":0.8900555555555556,"test_loss":0.09811968829803598,"examples":{"_type":"image-file","sha256":"3b17a40d3c0003481150ce3cd5e234db4ef06f1019885019f6a3fed9b4772b2e","size":23873,"path":"media/images/examples_12_3b17a40d3c0003481150.png","format":"png","width":1200,"height":600},"epoch":9,"loss":0.08175932168642516,"_timestamp":1.741570016215801e+09,"val_loss":0.09231024137575679,"val_accuracy":0.875,"_runtime":124.1570433,"test_accuracy":0.8674,"_wandb":{"runtime":124},"confusion_matrix":{"_type":"image-file","sha256":"592c3bdd4b39ccf676496498fb51cf115fd5ac6f85704f38da07d7b8241c5a15","size":60590,"path":"media/images/confusion_matrix_11_592c3bdd4b39ccf67649.png","format":"png","width":1000,"height":800}}