{"_timestamp":1.7415512035910456e+09,"loss":0.08772024995898844,"test_accuracy":0.8659,"accuracy":0.87838788507109,"val_loss":0.09013873983193046,"_runtime":33.4085418,"examples":{"path":"media/images/examples_7_3b17a40d3c0003481150.png","format":"png","width":1200,"height":600,"_type":"image-file","sha256":"3b17a40d3c0003481150ce3cd5e234db4ef06f1019885019f6a3fed9b4772b2e","size":23873},"test_loss":0.09555191658059886,"val_accuracy":0.8711666666666666,"_step":7,"epoch":4,"confusion_matrix":{"size":61992,"path":"media/images/confusion_matrix_6_7ea1be58c70b96c32a07.png","format":"png","width":1000,"height":800,"_type":"image-file","sha256":"7ea1be58c70b96c32a07bed01be3a6a9012a056279c39c340fecb280737e745f"},"_wandb":{"runtime":33}}