{"_timestamp":1.7420717934085002e+09,"examples":{"height":600,"_type":"image-file","sha256":"75cf3f2d6042056b9d89df460d23ed8f265f2d2a3c6eed2b5cf3bc7f22904ecc","size":29574,"path":"media/images/examples_22_75cf3f2d6042056b9d89.png","format":"png","width":1200},"test_loss":0.3872653158765969,"confusion_matrix":{"path":"media/images/confusion_matrix_21_8a69157b00313084e0bd.png","format":"png","width":1000,"height":800,"_type":"image-file","sha256":"8a69157b00313084e0bdc06ad52de01b22107d89fe5f340227663ec01d78346b","size":61029},"_wandb":{"runtime":144},"val_loss":0.3605449297847024,"epoch":19,"loss":0.33068853568379886,"_runtime":144.9650138,"accuracy":0.8946053021327014,"val_accuracy":0.8776666666666667,"test_accuracy":0.869,"_step":22}