{"accuracy":0.886663210900474,"examples":{"_type":"image-file","sha256":"3b17a40d3c0003481150ce3cd5e234db4ef06f1019885019f6a3fed9b4772b2e","size":23873,"path":"media/images/examples_7_3b17a40d3c0003481150.png","format":"png","width":1200,"height":600},"val_accuracy":0.8815,"epoch":4,"confusion_matrix":{"format":"png","width":1000,"height":800,"_type":"image-file","sha256":"2c35dc7fa72da0ea7b583b50d8869eb9b5e8f80bb6d91a548486033efb5fea5a","size":60815,"path":"media/images/confusion_matrix_6_2c35dc7fa72da0ea7b58.png"},"test_accuracy":0.8709,"loss":0.08232325770147593,"test_loss":0.0930985347624263,"_wandb":{"runtime":43},"_timestamp":1.7415634436785536e+09,"_runtime":43.7046095,"val_loss":0.08470982029426034,"_step":7}