{"test_loss":0.41564579348501973,"val_loss":0.37914385332324496,"val_accuracy":0.873,"confusion_matrix":{"width":1000,"height":800,"_type":"image-file","sha256":"dc28e4a9931d4762003fe11ff677ab28f99c051965b3ce3d385f5c290055f3ce","size":61426,"path":"media/images/confusion_matrix_21_dc28e4a9931d4762003f.png","format":"png"},"examples":{"format":"png","width":1200,"height":600,"_type":"image-file","sha256":"75cf3f2d6042056b9d89df460d23ed8f265f2d2a3c6eed2b5cf3bc7f22904ecc","size":29574,"path":"media/images/examples_22_75cf3f2d6042056b9d89.png"},"_runtime":514.0411884,"accuracy":0.8912037037037037,"_step":22,"epoch":19,"_wandb":{"runtime":514},"loss":0.33166389029184973,"test_accuracy":0.8659,"_timestamp":1.7421366861337914e+09}