{"accuracy":0.8659444444444444,"_step":7,"val_loss":0.09460122654443273,"_runtime":29.1775822,"examples":{"path":"media/images/examples_7_3b17a40d3c0003481150.png","format":"png","width":1200,"height":600,"_type":"image-file","sha256":"3b17a40d3c0003481150ce3cd5e234db4ef06f1019885019f6a3fed9b4772b2e","size":23873},"test_loss":0.1034193704699062,"epoch":4,"test_accuracy":0.8568,"val_accuracy":0.8685,"_wandb":{"runtime":29},"loss":0.09596353447946664,"confusion_matrix":{"_type":"image-file","sha256":"44a51028f73d64ecf6c516b74775c09c1ac51f4b2f302343d3a8ac99aaa8d907","size":60847,"path":"media/images/confusion_matrix_6_44a51028f73d64ecf6c5.png","format":"png","width":1000,"height":800},"_timestamp":1.741554377330808e+09}