{"test_loss":0.0932382664479549,"_runtime":120.2488761,"epoch":9,"loss":0.08247590704537348,"_wandb":{"runtime":120},"test_accuracy":0.8727,"examples":{"width":1200,"height":600,"_type":"image-file","sha256":"75cf3f2d6042056b9d89df460d23ed8f265f2d2a3c6eed2b5cf3bc7f22904ecc","size":29574,"path":"media/images/examples_12_75cf3f2d6042056b9d89.png","format":"png"},"_timestamp":1.7420688417708037e+09,"_step":12,"accuracy":0.8877061117693523,"confusion_matrix":{"_type":"image-file","sha256":"b3c311deb3e5f4cc8de0bf7d557d14435d0a83b8e4851533d8b108cd423fe1e1","size":61347,"path":"media/images/confusion_matrix_11_b3c311deb3e5f4cc8de0.png","format":"png","width":1000,"height":800},"val_accuracy":0.882,"val_loss":0.08601115753915459}