{"val_loss":0.08132600122663813,"_timestamp":1.741571482226956e+09,"test_accuracy":0.8764,"_runtime":243.6696764,"val_accuracy":0.8913333333333333,"_step":12,"epoch":9,"accuracy":0.8977592592592593,"examples":{"size":23873,"path":"media/images/examples_12_3b17a40d3c0003481150.png","format":"png","width":1200,"height":600,"_type":"image-file","sha256":"3b17a40d3c0003481150ce3cd5e234db4ef06f1019885019f6a3fed9b4772b2e"},"confusion_matrix":{"width":1000,"height":800,"_type":"image-file","sha256":"bf3581164641cf5c5c1820ac3926740d0f51a0bdc095edc9f44248c882221d5e","size":60702,"path":"media/images/confusion_matrix_11_bf3581164641cf5c5c18.png","format":"png"},"_wandb":{"runtime":243},"loss":0.07538154576292723,"test_loss":0.08987844290200261}