{"_wandb":{"runtime":111},"val_accuracy":0.876,"loss":0.07892895838286271,"test_accuracy":0.8655,"confusion_matrix":{"format":"png","width":1000,"height":800,"_type":"image-file","sha256":"dd7c262eecd0d11ca0d19a586c0ed919153ec5df5d83e70a423012a0be7eab4f","size":60681,"path":"media/images/confusion_matrix_11_dd7c262eecd0d11ca0d1.png"},"examples":{"width":1200,"height":600,"_type":"image-file","sha256":"3b17a40d3c0003481150ce3cd5e234db4ef06f1019885019f6a3fed9b4772b2e","size":23873,"path":"media/images/examples_12_3b17a40d3c0003481150.png","format":"png"},"accuracy":0.8917592592592593,"val_loss":0.09261412459408981,"_runtime":111.031594,"test_loss":0.10101188909692306,"_timestamp":1.741556274936173e+09,"_step":12,"epoch":9}