{"_wandb":{"runtime":96},"val_loss":0.33457669761312187,"_runtime":96.5909475,"accuracy":0.9033989928909952,"_timestamp":1.7415568597647867e+09,"examples":{"size":23873,"path":"media/images/examples_12_3b17a40d3c0003481150.png","format":"png","width":1200,"height":600,"_type":"image-file","sha256":"3b17a40d3c0003481150ce3cd5e234db4ef06f1019885019f6a3fed9b4772b2e"},"_step":12,"epoch":9,"loss":0.29194813522043095,"confusion_matrix":{"height":800,"_type":"image-file","sha256":"3eb5de8ee002ba39988adca6c8f815938928324684e7c72553f69b5c8c4af4f1","size":59688,"path":"media/images/confusion_matrix_11_3eb5de8ee002ba39988a.png","format":"png","width":1000},"val_accuracy":0.8881666666666667,"test_loss":0.35861849767899906,"test_accuracy":0.8811}