{"epoch":9,"loss":0.4500003798250378,"_timestamp":1.742070143158304e+09,"_step":12,"test_loss":0.4500000283589982,"val_accuracy":0.102,"_runtime":52.4545998,"accuracy":0.09830420616113744,"confusion_matrix":{"height":800,"_type":"image-file","sha256":"3ef7f6662e931db033869ffed0cbb0de5417f0cd712e3c31b12b58e814e01d4a","size":45130,"path":"media/images/confusion_matrix_11_3ef7f6662e931db03386.png","format":"png","width":1000},"_wandb":{"runtime":52},"test_accuracy":0.1,"val_loss":0.4499998870900542,"examples":{"format":"png","width":1200,"height":600,"_type":"image-file","sha256":"75cf3f2d6042056b9d89df460d23ed8f265f2d2a3c6eed2b5cf3bc7f22904ecc","size":29574,"path":"media/images/examples_12_75cf3f2d6042056b9d89.png"}}