{"val_loss":0.10011013759106362,"val_accuracy":0.8671666666666666,"test_accuracy":0.8563,"_wandb":{"runtime":50},"loss":0.09297322767778461,"test_loss":0.10851027520963746,"examples":{"width":1200,"height":600,"_type":"image-file","sha256":"3b17a40d3c0003481150ce3cd5e234db4ef06f1019885019f6a3fed9b4772b2e","size":23873,"path":"media/images/examples_12_3b17a40d3c0003481150.png","format":"png"},"accuracy":0.878462962962963,"confusion_matrix":{"format":"png","width":1000,"height":800,"_type":"image-file","sha256":"9756b5e9a58bc4761bde07f001eec418bb997cbd5b4dc16603e5bafd67ab8284","size":61902,"path":"media/images/confusion_matrix_11_9756b5e9a58bc4761bde.png"},"_runtime":50.2316618,"_step":12,"_timestamp":1.7415576137010558e+09,"epoch":9}