{"_timestamp":1.7420669369182503e+09,"_runtime":77.5529653,"confusion_matrix":{"path":"media/images/confusion_matrix_21_00c3f2b111ff85db3848.png","format":"png","width":1000,"height":800,"_type":"image-file","sha256":"00c3f2b111ff85db3848120b322511640ccb7c32b950493c71f4a6f016055071","size":65042},"examples":{"format":"png","width":1200,"height":600,"_type":"image-file","sha256":"75cf3f2d6042056b9d89df460d23ed8f265f2d2a3c6eed2b5cf3bc7f22904ecc","size":29574,"path":"media/images/examples_22_75cf3f2d6042056b9d89.png"},"val_loss":0.18221140109917644,"test_accuracy":0.7435,"accuracy":0.7493705568720379,"epoch":19,"_step":22,"loss":0.18802924372660745,"val_accuracy":0.7558333333333334,"test_loss":0.18910897516190506,"_wandb":{"runtime":77}}