{"test_loss":0.3643390819852159,"_timestamp":1.7421194055293303e+09,"_runtime":196.5756976,"_step":22,"epoch":19,"examples":{"path":"media/images/examples_22_75cf3f2d6042056b9d89.png","format":"png","width":1200,"height":600,"_type":"image-file","sha256":"75cf3f2d6042056b9d89df460d23ed8f265f2d2a3c6eed2b5cf3bc7f22904ecc","size":29574},"loss":0.2952455801534981,"val_accuracy":0.8911666666666667,"test_accuracy":0.8772,"accuracy":0.9073546109794628,"confusion_matrix":{"size":61505,"path":"media/images/confusion_matrix_21_16ae67d8753467b77acd.png","format":"png","width":1000,"height":800,"_type":"image-file","sha256":"16ae67d8753467b77acd3b2cedf362619e39d130e3447350e5fd63b7a17ef38d"},"_wandb":{"runtime":196},"val_loss":0.3442759056254302}