{"confusion_matrix":{"format":"png","width":1000,"height":800,"_type":"image-file","sha256":"f14a9af4f0d45c6ac57d13e859cef2fa5eab488f3854babdf639d573af3afc06","size":45125,"path":"media/images/confusion_matrix_6_f14a9af4f0d45c6ac57d.png"},"val_loss":2.302730702052367,"test_loss":2.302987062651791,"_step":7,"_timestamp":1.7415448166885962e+09,"_runtime":12.8324202,"epoch":4,"val_accuracy":0.09833333333333333,"_wandb":{"runtime":12},"test_accuracy":0.1,"examples":{"format":"png","width":1200,"height":600,"_type":"image-file","sha256":"3b17a40d3c0003481150ce3cd5e234db4ef06f1019885019f6a3fed9b4772b2e","size":23873,"path":"media/images/examples_7_3b17a40d3c0003481150.png"},"loss":2.3030424190337135,"accuracy":0.09962962962962962}