{"accuracy":0.916,"_timestamp":1.7421408204620247e+09,"test_accuracy":0.8684,"_runtime":652.1961807,"epoch":19,"confusion_matrix":{"format":"png","width":1000,"height":800,"_type":"image-file","sha256":"519a051777dcf234fad890dc1e97bfe9b2afa680a6fe8d96a80421549562ec83","size":60224,"path":"media/images/confusion_matrix_21_519a051777dcf234fad8.png"},"_wandb":{"runtime":652},"_step":22,"test_loss":0.43483437001259845,"val_loss":0.3957914928760249,"val_accuracy":0.8815,"examples":{"width":1200,"height":600,"_type":"image-file","sha256":"75cf3f2d6042056b9d89df460d23ed8f265f2d2a3c6eed2b5cf3bc7f22904ecc","size":29574,"path":"media/images/examples_22_75cf3f2d6042056b9d89.png","format":"png"},"loss":0.2884712978471624}