{"loss":0.07782197921606784,"val_loss":0.09363918704890116,"_runtime":93.5643091,"_step":12,"test_loss":0.09935251152378982,"confusion_matrix":{"path":"media/images/confusion_matrix_11_65f3da22c03b8a9824b6.png","format":"png","width":1000,"height":800,"_type":"image-file","sha256":"65f3da22c03b8a9824b6cce54440ecd35a0b9fc38fcb7d614248d5cd98a2e92c","size":61778},"_wandb":{"runtime":93},"examples":{"height":600,"_type":"image-file","sha256":"3b17a40d3c0003481150ce3cd5e234db4ef06f1019885019f6a3fed9b4772b2e","size":23873,"path":"media/images/examples_12_3b17a40d3c0003481150.png","format":"png","width":1200},"accuracy":0.8943090936018957,"_timestamp":1.7415461423269026e+09,"val_accuracy":0.8711666666666666,"epoch":9,"test_accuracy":0.8636}