{"val_loss":0.09204833135620921,"epoch":9,"confusion_matrix":{"height":800,"_type":"image-file","sha256":"8a88763ea71f811425a9625d47cba8bfcc687340b103c137919b69b28d79bdd0","size":62079,"path":"media/images/confusion_matrix_11_8a88763ea71f811425a9.png","format":"png","width":1000},"accuracy":0.8786223834913112,"_step":12,"test_loss":0.09914580626914969,"_timestamp":1.7415311418747637e+09,"_wandb":{"runtime":58},"val_accuracy":0.8725,"examples":{"format":"png","width":1200,"height":600,"_type":"image-file","sha256":"3b17a40d3c0003481150ce3cd5e234db4ef06f1019885019f6a3fed9b4772b2e","size":23873,"path":"media/images/examples_12_3b17a40d3c0003481150.png"},"test_accuracy":0.8664,"_runtime":58.7023393,"loss":0.09033332337261338}