{"val_accuracy":0.875,"_step":7,"_wandb":{"runtime":63},"test_accuracy":0.8672,"epoch":4,"loss":0.09412802887966229,"examples":{"size":23873,"path":"media/images/examples_7_3b17a40d3c0003481150.png","format":"png","width":1200,"height":600,"_type":"image-file","sha256":"3b17a40d3c0003481150ce3cd5e234db4ef06f1019885019f6a3fed9b4772b2e"},"_runtime":63.9532266,"val_loss":0.09340019998692425,"test_loss":0.09961157261408439,"accuracy":0.8717592592592592,"_timestamp":1.7415570281663494e+09,"confusion_matrix":{"_type":"image-file","sha256":"925ef3250e3953f585e252bfc8dc029fbfa593fdfc5be48d4b29a9e2db1e0492","size":62106,"path":"media/images/confusion_matrix_6_925ef3250e3953f585e2.png","format":"png","width":1000,"height":800}}