{"_runtime":71.0775346,"accuracy":0.13489830173775672,"confusion_matrix":{"width":1000,"height":800,"_type":"image-file","sha256":"24f444d8110084d4f4bc39eceafe34a8c168d846bb89df136d7d909d2321bf03","size":51330,"path":"media/images/confusion_matrix_21_24f444d8110084d4f4bc.png","format":"png"},"_timestamp":1.741365433340465e+09,"_step":22,"loss":1.1098845324014791e-05,"epoch":19,"val_loss":1.0122104561812468e-05,"val_accuracy":0.13,"test_loss":9.736493901006574e-06,"test_accuracy":0.1362,"examples":{"format":"png","width":1200,"height":600,"_type":"image-file","sha256":"3b17a40d3c0003481150ce3cd5e234db4ef06f1019885019f6a3fed9b4772b2e","size":23873,"path":"media/images/examples_22_3b17a40d3c0003481150.png"},"_wandb":{"runtime":71}}