{"confusion_matrix":{"height":800,"_type":"image-file","sha256":"c97c2e9753a5814f992ccdea9bee17eb2f42617ae05afe68ac25bab85ffb7432","size":61052,"path":"media/images/confusion_matrix_16_c97c2e9753a5814f992c.png","format":"png","width":1000},"_timestamp":1.7421277863918269e+09,"loss":0.35581487798489314,"val_accuracy":0.878,"val_loss":0.420877189757664,"_wandb":{"runtime":154},"_runtime":154.5403006,"test_loss":0.4507865817761885,"test_accuracy":0.8701,"_step":17,"examples":{"height":600,"_type":"image-file","sha256":"75cf3f2d6042056b9d89df460d23ed8f265f2d2a3c6eed2b5cf3bc7f22904ecc","size":29574,"path":"media/images/examples_17_75cf3f2d6042056b9d89.png","format":"png","width":1200},"epoch":14,"accuracy":0.8986041172985783}