{"val_accuracy":0.8816666666666667,"test_accuracy":0.8728,"_step":12,"epoch":9,"accuracy":0.8879961492890995,"_timestamp":1.7415467036702778e+09,"_wandb":{"runtime":98},"confusion_matrix":{"width":1000,"height":800,"_type":"image-file","sha256":"cdce7cf02c84ff9d193750bb129fa9cad2f9f1bdfdbff67c9db09c37cde0e26c","size":62554,"path":"media/images/confusion_matrix_11_cdce7cf02c84ff9d1937.png","format":"png"},"loss":0.08165932240661176,"examples":{"path":"media/images/examples_12_3b17a40d3c0003481150.png","format":"png","width":1200,"height":600,"_type":"image-file","sha256":"3b17a40d3c0003481150ce3cd5e234db4ef06f1019885019f6a3fed9b4772b2e","size":23873},"val_loss":0.087280664603862,"_runtime":98.9746568,"test_loss":0.09429229702613665}