{"val_loss":0.45001305029182653,"confusion_matrix":{"format":"png","width":1000,"height":800,"_type":"image-file","sha256":"24a617a8756e9b2d61681d6508f31a83b306fcb5703888b5b2a122aba43d688d","size":44800,"path":"media/images/confusion_matrix_16_24a617a8756e9b2d6168.png"},"examples":{"sha256":"75cf3f2d6042056b9d89df460d23ed8f265f2d2a3c6eed2b5cf3bc7f22904ecc","size":29574,"path":"media/images/examples_17_75cf3f2d6042056b9d89.png","format":"png","width":1200,"height":600,"_type":"image-file"},"_timestamp":1.742070082537414e+09,"test_accuracy":0.1,"_step":17,"epoch":14,"accuracy":0.10012962962962962,"_runtime":820.3450358,"_wandb":{"runtime":820},"loss":0.4500027239637878,"test_loss":0.45000063491253994,"val_accuracy":0.09333333333333334}