{"test_loss":0.09755560235808235,"_runtime":17.6766892,"confusion_matrix":{"width":1000,"height":800,"_type":"image-file","sha256":"53f7750df2e5547fa19967d41afed66138cd0a4eb0024246d6782ce81d62ab9e","size":62242,"path":"media/images/confusion_matrix_6_53f7750df2e5547fa199.png","format":"png"},"test_accuracy":0.8672,"loss":0.08699088771971039,"val_loss":0.09103042316066869,"val_accuracy":0.8756666666666667,"accuracy":0.8806403041074249,"_timestamp":1.7415643193516133e+09,"_wandb":{"runtime":17},"epoch":4,"_step":7,"examples":{"_type":"image-file","sha256":"3b17a40d3c0003481150ce3cd5e234db4ef06f1019885019f6a3fed9b4772b2e","size":23873,"path":"media/images/examples_7_3b17a40d3c0003481150.png","format":"png","width":1200,"height":600}}