{"test_accuracy":0.8792,"examples":{"path":"media/images/examples_17_75cf3f2d6042056b9d89.png","format":"png","width":1200,"height":600,"_type":"image-file","sha256":"75cf3f2d6042056b9d89df460d23ed8f265f2d2a3c6eed2b5cf3bc7f22904ecc","size":29574},"val_loss":0.08342472220851886,"val_accuracy":0.8883333333333333,"_step":17,"_runtime":263.1121046,"confusion_matrix":{"path":"media/images/confusion_matrix_16_c2c65bbe4706d1785d1e.png","format":"png","width":1000,"height":800,"_type":"image-file","sha256":"c2c65bbe4706d1785d1ee7239905db5ee23baaa4cebc516fb9966a13382f0bd2","size":60893},"epoch":14,"loss":0.06283538408954888,"_wandb":{"runtime":263},"accuracy":0.9152967022116903,"_timestamp":1.7420748315571575e+09,"test_loss":0.09103998079882207}