{"confusion_matrix":{"_type":"image-file","sha256":"d99b83813cfa84b509c69ab83287c4f57cddf7daa14a9fe97ce4e90df4be6fb7","size":61289,"path":"media/images/confusion_matrix_21_d99b83813cfa84b509c6.png","format":"png","width":1000,"height":800},"test_loss":0.08906477448714605,"loss":0.059305939357181446,"_timestamp":1.7420708903107846e+09,"examples":{"path":"media/images/examples_22_75cf3f2d6042056b9d89.png","format":"png","width":1200,"height":600,"_type":"image-file","sha256":"75cf3f2d6042056b9d89df460d23ed8f265f2d2a3c6eed2b5cf3bc7f22904ecc","size":29574},"_runtime":597.2740272,"test_accuracy":0.8808,"_step":22,"val_loss":0.08170270959500843,"_wandb":{"runtime":597},"accuracy":0.9197645142180095,"epoch":19,"val_accuracy":0.8885}