{"_wandb":{"runtime":29},"accuracy":0.10074074074074074,"confusion_matrix":{"size":44800,"path":"media/images/confusion_matrix_11_24a617a8756e9b2d6168.png","format":"png","width":1000,"height":800,"_type":"image-file","sha256":"24a617a8756e9b2d61681d6508f31a83b306fcb5703888b5b2a122aba43d688d"},"_runtime":29.84043,"test_accuracy":0.1,"val_accuracy":0.09333333333333334,"_step":12,"val_loss":0.4500029156693488,"test_loss":0.4499990271317509,"_timestamp":1.742066682226061e+09,"loss":0.4499988991831714,"examples":{"width":1200,"height":600,"_type":"image-file","sha256":"75cf3f2d6042056b9d89df460d23ed8f265f2d2a3c6eed2b5cf3bc7f22904ecc","size":29574,"path":"media/images/examples_12_75cf3f2d6042056b9d89.png","format":"png"},"epoch":9}