{"_runtime":64.677793,"examples":{"sha256":"3b17a40d3c0003481150ce3cd5e234db4ef06f1019885019f6a3fed9b4772b2e","size":23873,"path":"media/images/examples_7_3b17a40d3c0003481150.png","format":"png","width":1200,"height":600,"_type":"image-file"},"loss":0.08969029602205081,"accuracy":0.8762033471563981,"val_loss":0.09556098619680362,"_wandb":{"runtime":64},"_timestamp":1.741551442840352e+09,"test_loss":0.10422898713168356,"val_accuracy":0.8658333333333333,"epoch":4,"confusion_matrix":{"path":"media/images/confusion_matrix_6_10fa879eb8a3391fdf68.png","format":"png","width":1000,"height":800,"_type":"image-file","sha256":"10fa879eb8a3391fdf681b2cf851488cc7f2527ae48a08aecffd2088381bac02","size":61536},"test_accuracy":0.8555,"_step":7}