{"_timestamp":1.7415536003058498e+09,"_step":7,"examples":{"height":600,"_type":"image-file","sha256":"3b17a40d3c0003481150ce3cd5e234db4ef06f1019885019f6a3fed9b4772b2e","size":23873,"path":"media/images/examples_7_3b17a40d3c0003481150.png","format":"png","width":1200},"accuracy":0.8650276461295419,"confusion_matrix":{"width":1000,"height":800,"_type":"image-file","sha256":"aa500a8bbda75d90340c3e722248d4afbf2dcf928952d49b8960b3564298995b","size":61455,"path":"media/images/confusion_matrix_6_aa500a8bbda75d90340c.png","format":"png"},"test_loss":0.501917235186525,"test_accuracy":0.8443,"val_loss":0.4817043489968891,"_runtime":18.5604001,"epoch":4,"val_accuracy":0.8503333333333334,"loss":0.4375965969693131,"_wandb":{"runtime":18}}