{"_wandb":{"runtime":93},"epoch":14,"loss":0.3665640883174647,"test_accuracy":0.854,"_step":17,"confusion_matrix":{"sha256":"6fbbd0a072a7e7ebc69e8ac8b1b57b59f14fb483939f65b0f6c58257dade8f72","size":61965,"path":"media/images/confusion_matrix_16_6fbbd0a072a7e7ebc69e.png","format":"png","width":1000,"height":800,"_type":"image-file"},"val_accuracy":0.8651666666666666,"test_loss":0.4254433415589069,"val_loss":0.3955992804764101,"_timestamp":1.7420716399979105e+09,"accuracy":0.8815165876777251,"_runtime":93.0925745,"examples":{"_type":"image-file","sha256":"75cf3f2d6042056b9d89df460d23ed8f265f2d2a3c6eed2b5cf3bc7f22904ecc","size":29574,"path":"media/images/examples_17_75cf3f2d6042056b9d89.png","format":"png","width":1200,"height":600}}