{"_step":7,"test_accuracy":0.549,"loss":1.6482243510735655,"_runtime":404.0410421,"confusion_matrix":{"width":1000,"height":800,"_type":"image-file","sha256":"cf99483c5f413f693acde1c703bd8aa5bd52048242008f314eeb2b9a76017437","size":65135,"path":"media/images/confusion_matrix_6_cf99483c5f413f693acd.png","format":"png"},"_wandb":{"runtime":404},"accuracy":0.5342222222222223,"epoch":4,"test_loss":1.5147906291703412,"examples":{"format":"png","width":1200,"height":600,"_type":"image-file","sha256":"3b17a40d3c0003481150ce3cd5e234db4ef06f1019885019f6a3fed9b4772b2e","size":23873,"path":"media/images/examples_7_3b17a40d3c0003481150.png"},"val_accuracy":0.554,"_timestamp":1.7415272889138868e+09,"val_loss":1.5025598710588446}