{"_wandb":{"runtime":38},"_step":7,"confusion_matrix":{"sha256":"09a54d505db9aa19e1dfbdf56644d2bc5813a19b63b010f9920a1c5ffcb7189e","size":62261,"path":"media/images/confusion_matrix_6_09a54d505db9aa19e1df.png","format":"png","width":1000,"height":800,"_type":"image-file"},"_runtime":38.4290252,"val_accuracy":0.869,"test_accuracy":0.8579,"accuracy":0.8690511453396524,"examples":{"format":"png","width":1200,"height":600,"_type":"image-file","sha256":"3b17a40d3c0003481150ce3cd5e234db4ef06f1019885019f6a3fed9b4772b2e","size":23873,"path":"media/images/examples_7_3b17a40d3c0003481150.png"},"val_loss":0.09557161882852114,"epoch":4,"loss":0.09609532884172049,"_timestamp":1.74156572492309e+09,"test_loss":0.10316967635337958}