{"_wandb":{"runtime":99},"accuracy":0.9026523005529226,"_timestamp":1.74155159902632e+09,"_runtime":99.2692239,"_step":12,"loss":0.07105691411821013,"examples":{"format":"png","width":1200,"height":600,"_type":"image-file","sha256":"3b17a40d3c0003481150ce3cd5e234db4ef06f1019885019f6a3fed9b4772b2e","size":23873,"path":"media/images/examples_12_3b17a40d3c0003481150.png"},"val_loss":0.08490280356702586,"test_accuracy":0.8743,"val_accuracy":0.8843333333333333,"confusion_matrix":{"path":"media/images/confusion_matrix_11_008fcd4b333e258e6913.png","format":"png","width":1000,"height":800,"_type":"image-file","sha256":"008fcd4b333e258e69134af937574cacc4d72d6ddbd4ed33e583767252b7f82e","size":60734},"epoch":9,"test_loss":0.09204636123343339}