{"test_accuracy":0.2012,"test_loss":1.7118526066268351,"epoch":9,"val_loss":1.7186809207189955,"examples":{"path":"media/images/examples_12_75cf3f2d6042056b9d89.png","format":"png","width":1200,"height":600,"_type":"image-file","sha256":"75cf3f2d6042056b9d89df460d23ed8f265f2d2a3c6eed2b5cf3bc7f22904ecc","size":29574},"_step":12,"_runtime":182.3822483,"confusion_matrix":{"path":"media/images/confusion_matrix_11_9b149ed292d2d91bc5de.png","format":"png","width":1000,"height":800,"_type":"image-file","sha256":"9b149ed292d2d91bc5deeed1e414332c2544edc84bdf4ef401e5abff3caa9440","size":46781},"_wandb":{"runtime":182},"loss":1.7135160338128366,"accuracy":0.20244001777251186,"_timestamp":1.7421259222832978e+09,"val_accuracy":0.1955}