{"test_accuracy":0.8724,"_step":12,"epoch":9,"_wandb":{"runtime":128},"val_loss":0.08523010522814461,"accuracy":0.8967777777777778,"confusion_matrix":{"path":"media/images/confusion_matrix_11_a0a893e2f9007bee4d4c.png","format":"png","width":1000,"height":800,"_type":"image-file","sha256":"a0a893e2f9007bee4d4c37d6cbf84849f2dec9a9655d3f5e2674ca249b41293c","size":62738},"val_accuracy":0.884,"test_loss":0.09370452736973361,"_timestamp":1.7420730129731555e+09,"loss":0.07539796555794476,"examples":{"path":"media/images/examples_12_75cf3f2d6042056b9d89.png","format":"png","width":1200,"height":600,"_type":"image-file","sha256":"75cf3f2d6042056b9d89df460d23ed8f265f2d2a3c6eed2b5cf3bc7f22904ecc","size":29574},"_runtime":128.0134802}