{"_timestamp":1.7421446357631304e+09,"val_accuracy":0.8823333333333333,"loss":0.34464833691687824,"confusion_matrix":{"width":1000,"height":800,"_type":"image-file","sha256":"29f313a84036564cc1805f3ab6135f3ab6f76d61f973d1f485073201377503a8","size":61441,"path":"media/images/confusion_matrix_16_29f313a84036564cc180.png","format":"png"},"val_loss":0.37518057100340974,"epoch":14,"test_loss":0.407782953360732,"examples":{"_type":"image-file","sha256":"75cf3f2d6042056b9d89df460d23ed8f265f2d2a3c6eed2b5cf3bc7f22904ecc","size":29574,"path":"media/images/examples_17_75cf3f2d6042056b9d89.png","format":"png","width":1200,"height":600},"_runtime":184.8116899,"_step":17,"accuracy":0.8916247037914692,"_wandb":{"runtime":184},"test_accuracy":0.8755}