{"_runtime":13.6776271,"test_accuracy":0.8076,"loss":0.567463896944137,"confusion_matrix":{"_type":"image-file","sha256":"3add8466ee7b70eb437f7c8879afdaeb1c150f7235f288ad0beb48c5d366bb84","size":64019,"path":"media/images/confusion_matrix_6_3add8466ee7b70eb437f.png","format":"png","width":1000,"height":800},"examples":{"path":"media/images/examples_7_3b17a40d3c0003481150.png","format":"png","width":1200,"height":600,"_type":"image-file","sha256":"3b17a40d3c0003481150ce3cd5e234db4ef06f1019885019f6a3fed9b4772b2e","size":23873},"_wandb":{"runtime":13},"accuracy":0.8135185185185185,"val_accuracy":0.822,"_timestamp":1.741550389698262e+09,"val_loss":0.5534448615938783,"_step":7,"test_loss":0.5839008892289235,"epoch":4}