{"test_loss":0.3828649797743028,"test_accuracy":0.8659,"accuracy":0.9054724526066351,"_wandb":{"runtime":233},"_step":17,"examples":{"path":"media/images/examples_17_75cf3f2d6042056b9d89.png","format":"png","width":1200,"height":600,"_type":"image-file","sha256":"75cf3f2d6042056b9d89df460d23ed8f265f2d2a3c6eed2b5cf3bc7f22904ecc","size":29574},"val_accuracy":0.8761666666666666,"_timestamp":1.7421429918025112e+09,"_runtime":233.8105112,"loss":0.293176513610168,"epoch":14,"val_loss":0.354625735418699,"confusion_matrix":{"height":800,"_type":"image-file","sha256":"a76071557e35bdf05104b634bcb5f50417db3886966f5d11f0d9e927ade559a3","size":60378,"path":"media/images/confusion_matrix_16_a76071557e35bdf05104.png","format":"png","width":1000}}