{"_runtime":100.7015255,"examples":{"sha256":"3b17a40d3c0003481150ce3cd5e234db4ef06f1019885019f6a3fed9b4772b2e","size":23873,"path":"media/images/examples_12_3b17a40d3c0003481150.png","format":"png","width":1200,"height":600,"_type":"image-file"},"_wandb":{"runtime":100},"_step":12,"val_accuracy":0.874,"confusion_matrix":{"path":"media/images/confusion_matrix_11_4c777aaab67e8719bd98.png","format":"png","width":1000,"height":800,"_type":"image-file","sha256":"4c777aaab67e8719bd98db3b170644f2a7cd77ca0f051e8ff19b4cfd63f34216","size":61734},"_timestamp":1.7415465995549347e+09,"val_loss":0.09246320127810535,"test_loss":0.10077331633575627,"epoch":9,"test_accuracy":0.8636,"loss":0.07956013361867988,"accuracy":0.8927169727488151}