{"_runtime":146.2442583,"test_loss":0.0953167992625848,"test_accuracy":0.8725,"_wandb":{"runtime":146},"_step":21,"accuracy":0.9212270438388626,"epoch":19,"val_loss":0.08571881622630335,"confusion_matrix":{"sha256":"803bea3a1db0251a6a883c7817a11de1b55c9a36971a880d9000a0d888ad46d2","size":405377,"path":"media/images/confusion_matrix_21_803bea3a1db0251a6a88.png","format":"png","width":4447,"height":4163,"_type":"image-file"},"val_accuracy":0.8838333333333334,"loss":0.05966481284495732,"_timestamp":1.7422212767680533e+09}