{"accuracy":0.913803317535545,"test_loss":0.3572421195004504,"_step":22,"confusion_matrix":{"size":59980,"path":"media/images/confusion_matrix_21_da937aefd3d0579590a3.png","format":"png","width":1000,"height":800,"_type":"image-file","sha256":"da937aefd3d0579590a30fcbd1cdcbeaf1da0c94211f3234af07312397d63e82"},"examples":{"height":600,"_type":"image-file","sha256":"75cf3f2d6042056b9d89df460d23ed8f265f2d2a3c6eed2b5cf3bc7f22904ecc","size":29574,"path":"media/images/examples_22_75cf3f2d6042056b9d89.png","format":"png","width":1200},"test_accuracy":0.882,"_runtime":325.9894392,"epoch":19,"val_accuracy":0.8875,"_wandb":{"runtime":326},"loss":0.2738720351426725,"_timestamp":1.7421170837478864e+09,"val_loss":0.32734814583689653}