{"epoch":9,"test_loss":0.09745317341912203,"confusion_matrix":{"size":61247,"path":"media/images/confusion_matrix_11_c9dc748a369bfd4b13bf.png","format":"png","width":1000,"height":800,"_type":"image-file","sha256":"c9dc748a369bfd4b13bf6ba901eba7ac30b38b1dba5d6a90c213f29a8752213b"},"_runtime":67.9813483,"_step":12,"accuracy":0.8921296296296296,"_wandb":{"runtime":68},"val_accuracy":0.8781666666666667,"val_loss":0.08923293139517581,"test_accuracy":0.8657,"loss":0.07965715689015765,"examples":{"height":600,"_type":"image-file","sha256":"75cf3f2d6042056b9d89df460d23ed8f265f2d2a3c6eed2b5cf3bc7f22904ecc","size":29574,"path":"media/images/examples_12_75cf3f2d6042056b9d89.png","format":"png","width":1200},"_timestamp":1.7420734449066334e+09}