{"examples":{"height":600,"_type":"image-file","sha256":"75cf3f2d6042056b9d89df460d23ed8f265f2d2a3c6eed2b5cf3bc7f22904ecc","size":29574,"path":"media/images/examples_22_75cf3f2d6042056b9d89.png","format":"png","width":1200},"_timestamp":1.7420754431473465e+09,"_step":22,"val_accuracy":0.886,"accuracy":0.9002777777777777,"test_loss":0.09196579962520961,"val_loss":0.08457017925938062,"confusion_matrix":{"height":800,"_type":"image-file","sha256":"41ed382c0e83035c4ceed46d8ff5c2d4644c23658b4b654d05a4c2b6b0221dd9","size":60969,"path":"media/images/confusion_matrix_21_41ed382c0e83035c4cee.png","format":"png","width":1000},"loss":0.07337322150723165,"epoch":19,"test_accuracy":0.8737,"_wandb":{"runtime":486},"_runtime":486.2407138}