{"examples":{"sha256":"3b17a40d3c0003481150ce3cd5e234db4ef06f1019885019f6a3fed9b4772b2e","size":23873,"path":"media/images/examples_12_3b17a40d3c0003481150.png","format":"png","width":1200,"height":600,"_type":"image-file"},"confusion_matrix":{"height":800,"_type":"image-file","sha256":"a55c71c5c61b4486a4d4d5ee480769d666cc4120add6f42904ca7725a7505793","size":62944,"path":"media/images/confusion_matrix_11_a55c71c5c61b4486a4d4.png","format":"png","width":1000},"epoch":9,"val_accuracy":0.8608333333333333,"_runtime":58.7802184,"test_loss":0.11121264979941729,"loss":0.10286405291714339,"_step":12,"val_loss":0.10316054003273206,"test_accuracy":0.8487,"_wandb":{"runtime":58},"_timestamp":1.7415305369900014e+09,"accuracy":0.859868680884676}