{"_step":22,"epoch":19,"loss":0.07260284460287414,"_timestamp":1.7420752049311833e+09,"test_accuracy":0.8709,"_wandb":{"runtime":110},"confusion_matrix":{"size":61432,"path":"media/images/confusion_matrix_21_6071edbfe56116b0a617.png","format":"png","width":1000,"height":800,"_type":"image-file","sha256":"6071edbfe56116b0a617c033fb189388f9d2facd0044e8f718936de3e3746fd0"},"accuracy":0.901425925925926,"test_loss":0.09432959007082134,"val_loss":0.0852357663725034,"val_accuracy":0.8841666666666667,"_runtime":110.5921305,"examples":{"height":600,"_type":"image-file","sha256":"75cf3f2d6042056b9d89df460d23ed8f265f2d2a3c6eed2b5cf3bc7f22904ecc","size":29574,"path":"media/images/examples_22_75cf3f2d6042056b9d89.png","format":"png","width":1200}}