{"accuracy":0.9163766291469194,"test_loss":0.37222506016505796,"examples":{"height":600,"_type":"image-file","sha256":"75cf3f2d6042056b9d89df460d23ed8f265f2d2a3c6eed2b5cf3bc7f22904ecc","size":29574,"path":"media/images/examples_22_75cf3f2d6042056b9d89.png","format":"png","width":1200},"loss":0.26579603320841766,"val_accuracy":0.8883333333333333,"_timestamp":1.74211616273073e+09,"confusion_matrix":{"format":"png","width":1000,"height":800,"_type":"image-file","sha256":"339cfa4ea7568c50e706087c36cee8b4865fad2ef0067acabfce4dc0c4945405","size":61215,"path":"media/images/confusion_matrix_21_339cfa4ea7568c50e706.png"},"epoch":19,"_step":22,"_wandb":{"runtime":98},"val_loss":0.33621624899825514,"test_accuracy":0.8791,"_runtime":98.5187652}