{"val_loss":0.39111489047939146,"_step":22,"_wandb":{"runtime":527},"accuracy":0.8656666666666667,"_timestamp":1.7421185243791566e+09,"test_accuracy":0.8604,"examples":{"format":"png","width":1200,"height":600,"_type":"image-file","sha256":"75cf3f2d6042056b9d89df460d23ed8f265f2d2a3c6eed2b5cf3bc7f22904ecc","size":29574,"path":"media/images/examples_22_75cf3f2d6042056b9d89.png"},"loss":0.403426964453071,"val_accuracy":0.8696666666666667,"epoch":19,"confusion_matrix":{"format":"png","width":1000,"height":800,"_type":"image-file","sha256":"3870466407ef5ed87a4b769be7219dc5e96fc5b187f78435b7dfd83eb45204c5","size":61741,"path":"media/images/confusion_matrix_21_3870466407ef5ed87a4b.png"},"_runtime":527.8181055,"test_loss":0.42896828677770543}