{"examples":{"path":"media/images/examples_17_75cf3f2d6042056b9d89.png","format":"png","width":1200,"height":600,"_type":"image-file","sha256":"75cf3f2d6042056b9d89df460d23ed8f265f2d2a3c6eed2b5cf3bc7f22904ecc","size":29574},"val_loss":0.09444796949758899,"_runtime":471.4833066,"_wandb":{"runtime":471},"test_loss":0.10226265347116316,"confusion_matrix":{"format":"png","width":1000,"height":800,"_type":"image-file","sha256":"4c5acfe0079c9ca2b5346de0fa18630e8bd983f72ec1389cf09eb43a074fb3b4","size":60429,"path":"media/images/confusion_matrix_16_4c5acfe0079c9ca2b534.png"},"test_accuracy":0.8602,"loss":0.08355976029342678,"val_accuracy":0.8683333333333333,"_timestamp":1.7420685237318497e+09,"_step":17,"epoch":14,"accuracy":0.886425925925926}