{"test_accuracy":0.8712,"examples":{"width":1200,"height":600,"_type":"image-file","sha256":"3b17a40d3c0003481150ce3cd5e234db4ef06f1019885019f6a3fed9b4772b2e","size":23873,"path":"media/images/examples_12_3b17a40d3c0003481150.png","format":"png"},"_wandb":{"runtime":193},"accuracy":0.8986481481481482,"confusion_matrix":{"format":"png","width":1000,"height":800,"_type":"image-file","sha256":"2d9c87fdfff9d640c2132b4ba02cef89f5ba20c17782135e5041290b93360382","size":61758,"path":"media/images/confusion_matrix_11_2d9c87fdfff9d640c213.png"},"val_loss":0.08671071263187419,"epoch":9,"_step":12,"test_loss":0.09419957382709995,"_runtime":193.2996683,"val_accuracy":0.8791666666666667,"_timestamp":1.741571886060181e+09,"loss":0.07490308820969475}