{"_step":12,"val_loss":0.09479318968921183,"test_accuracy":0.8568,"_wandb":{"runtime":41},"accuracy":0.8756602981832543,"loss":0.09094357070299519,"_runtime":40.9778599,"examples":{"width":1200,"height":600,"_type":"image-file","sha256":"3b17a40d3c0003481150ce3cd5e234db4ef06f1019885019f6a3fed9b4772b2e","size":23873,"path":"media/images/examples_12_3b17a40d3c0003481150.png","format":"png"},"val_accuracy":0.8701666666666666,"confusion_matrix":{"sha256":"ee1b3a6f38d9d3b2c3a7d1901bd06ec5c3222f4378adff8965d26b72e77c3226","size":63296,"path":"media/images/confusion_matrix_11_ee1b3a6f38d9d3b2c3a7.png","format":"png","width":1000,"height":800,"_type":"image-file"},"_timestamp":1.7415486045639837e+09,"test_loss":0.10268190351582841,"epoch":9}