{"test_loss":0.09590288263746666,"test_accuracy":0.8715,"_runtime":170.3784194,"_timestamp":1.7420682903135204e+09,"accuracy":0.8906620260663507,"_wandb":{"runtime":170},"val_accuracy":0.88,"loss":0.0805749856511983,"_step":12,"confusion_matrix":{"height":800,"_type":"image-file","sha256":"6257a2d4becefaceaca678d4d2253449b5a8c9f9ffe3dda4886f3726264f6c85","size":62727,"path":"media/images/confusion_matrix_11_6257a2d4becefaceaca6.png","format":"png","width":1000},"epoch":9,"val_loss":0.08673670806680848,"examples":{"_type":"image-file","sha256":"75cf3f2d6042056b9d89df460d23ed8f265f2d2a3c6eed2b5cf3bc7f22904ecc","size":29574,"path":"media/images/examples_12_75cf3f2d6042056b9d89.png","format":"png","width":1200,"height":600}}