{"test_accuracy":0.8138,"examples":{"format":"png","width":1200,"height":600,"_type":"image-file","sha256":"3b17a40d3c0003481150ce3cd5e234db4ef06f1019885019f6a3fed9b4772b2e","size":23873,"path":"media/images/examples_7_3b17a40d3c0003481150.png"},"accuracy":0.8078223736176936,"val_loss":0.12258424874861294,"_step":7,"_wandb":{"runtime":15},"_runtime":15.4863551,"epoch":4,"confusion_matrix":{"path":"media/images/confusion_matrix_6_7e136f206d9f14bc8312.png","format":"png","width":1000,"height":800,"_type":"image-file","sha256":"7e136f206d9f14bc83125cfdfc84098d9b34d5cef4756a8f7c204293c6461f14","size":63194},"_timestamp":1.7415610392895424e+09,"val_accuracy":0.8293333333333334,"loss":0.13455562167641064,"test_loss":0.13158425085203115}