{"test_loss":0.3634335681566829,"_wandb":{"runtime":89},"epoch":19,"test_accuracy":0.8785,"_timestamp":1.7420644536974275e+09,"_step":22,"loss":0.2787965081518367,"val_loss":0.33186189794628146,"confusion_matrix":{"_type":"image-file","sha256":"8d7c0d4b8f0e2f4ccf10f76ad4b4e85d699453efde221d706b05b99030d14b6b","size":59872,"path":"media/images/confusion_matrix_21_8d7c0d4b8f0e2f4ccf10.png","format":"png","width":1000,"height":800},"examples":{"width":1200,"height":600,"_type":"image-file","sha256":"75cf3f2d6042056b9d89df460d23ed8f265f2d2a3c6eed2b5cf3bc7f22904ecc","size":29574,"path":"media/images/examples_22_75cf3f2d6042056b9d89.png","format":"png"},"accuracy":0.9113657681674566,"val_accuracy":0.8878333333333334,"_runtime":89.4419615}