{"_step":7,"accuracy":0.8730740740740741,"val_loss":0.39257438585055615,"test_accuracy":0.8528,"_wandb":{"runtime":83},"_runtime":83.5696104,"examples":{"path":"media/images/examples_7_3b17a40d3c0003481150.png","format":"png","width":1200,"height":600,"_type":"image-file","sha256":"3b17a40d3c0003481150ce3cd5e234db4ef06f1019885019f6a3fed9b4772b2e","size":23873},"epoch":4,"val_accuracy":0.8641666666666666,"_timestamp":1.7415628893029153e+09,"loss":0.38245113079190884,"test_loss":0.4317558868957105,"confusion_matrix":{"format":"png","width":1000,"height":800,"_type":"image-file","sha256":"8977609ba8ddab87d5ff8b94b7a01afa9f502e8d441b098aa51782ba5dc982f4","size":61391,"path":"media/images/confusion_matrix_6_8977609ba8ddab87d5ff.png"}}