{"val_accuracy":0.8785,"_step":12,"accuracy":0.8930370370370371,"_runtime":248.8123683,"test_loss":0.40729708916726404,"test_accuracy":0.8678,"loss":0.3370839837543798,"_wandb":{"runtime":248},"epoch":9,"examples":{"width":1200,"height":600,"_type":"image-file","sha256":"75cf3f2d6042056b9d89df460d23ed8f265f2d2a3c6eed2b5cf3bc7f22904ecc","size":29574,"path":"media/images/examples_12_75cf3f2d6042056b9d89.png","format":"png"},"confusion_matrix":{"path":"media/images/confusion_matrix_11_901f4a81508cb6d9a139.png","format":"png","width":1000,"height":800,"_type":"image-file","sha256":"901f4a81508cb6d9a1390e783c345f7ab7d382b04b2203aeac4e977965fbcdf9","size":61484},"val_loss":0.37638919968255513,"_timestamp":1.7421261837473717e+09}