{"_runtime":423.1593972,"val_accuracy":0.8828333333333334,"_timestamp":1.7421189539975007e+09,"test_accuracy":0.8712,"accuracy":0.8957037037037037,"val_loss":0.3542215447983316,"epoch":19,"_step":22,"confusion_matrix":{"height":800,"_type":"image-file","sha256":"9327823c90e80290217b60cb61bd691d1cbb7edb796be52f8622da8e572b64a7","size":62186,"path":"media/images/confusion_matrix_21_9327823c90e80290217b.png","format":"png","width":1000},"test_loss":0.38810654571572006,"_wandb":{"runtime":423},"examples":{"path":"media/images/examples_22_75cf3f2d6042056b9d89.png","format":"png","width":1200,"height":600,"_type":"image-file","sha256":"75cf3f2d6042056b9d89df460d23ed8f265f2d2a3c6eed2b5cf3bc7f22904ecc","size":29574},"loss":0.32160189379160803}