{"test_loss":0.10801386263030499,"examples":{"size":29574,"path":"media/images/examples_17_75cf3f2d6042056b9d89.png","format":"png","width":1200,"height":600,"_type":"image-file","sha256":"75cf3f2d6042056b9d89df460d23ed8f265f2d2a3c6eed2b5cf3bc7f22904ecc"},"_wandb":{"runtime":44},"epoch":14,"loss":0.0978703010377349,"_timestamp":1.7420728394054232e+09,"_runtime":44.2482384,"_step":17,"test_accuracy":0.8512,"val_accuracy":0.8626666666666667,"accuracy":0.8670702507898894,"val_loss":0.0994398998458593,"confusion_matrix":{"_type":"image-file","sha256":"4be85380cbb93c0b3212295af08511a566eec53d2e933f2d21e8c8eb2577cd6b","size":63198,"path":"media/images/confusion_matrix_16_4be85380cbb93c0b3212.png","format":"png","width":1000,"height":800}}