{"_step":7,"epoch":4,"_wandb":{"runtime":17},"loss":0.3499605141969448,"_timestamp":1.7415647188136525e+09,"_runtime":17.327983,"accuracy":0.8809858807266983,"test_accuracy":0.8727,"val_accuracy":0.8818333333333334,"examples":{"sha256":"3b17a40d3c0003481150ce3cd5e234db4ef06f1019885019f6a3fed9b4772b2e","size":23873,"path":"media/images/examples_7_3b17a40d3c0003481150.png","format":"png","width":1200,"height":600,"_type":"image-file"},"test_loss":0.3847001938919626,"confusion_matrix":{"size":62107,"path":"media/images/confusion_matrix_6_d43e331e6d8860cf5f1c.png","format":"png","width":1000,"height":800,"_type":"image-file","sha256":"d43e331e6d8860cf5f1c9e7c798683bbab968ca9bbcf9224908450e5dd351cd7"},"val_loss":0.353214051088863}