{"accuracy":0.8852747334123223,"_runtime":38.8264936,"test_loss":0.09468805525092897,"loss":0.08360504314628046,"test_accuracy":0.8695,"_wandb":{"runtime":38},"val_accuracy":0.8838333333333334,"examples":{"width":1200,"height":600,"_type":"image-file","sha256":"3b17a40d3c0003481150ce3cd5e234db4ef06f1019885019f6a3fed9b4772b2e","size":23873,"path":"media/images/examples_7_3b17a40d3c0003481150.png","format":"png"},"_timestamp":1.7415695744575698e+09,"_step":7,"confusion_matrix":{"width":1000,"height":800,"_type":"image-file","sha256":"c4cd9d53f90d5fa32af08e8b7b3a08dd75a2bb9317ff98c72a951bf80aca749e","size":60520,"path":"media/images/confusion_matrix_6_c4cd9d53f90d5fa32af0.png","format":"png"},"epoch":4,"val_loss":0.08642773726161819}