{"_step":12,"epoch":9,"examples":{"size":23873,"path":"media/images/examples_12_3b17a40d3c0003481150.png","format":"png","width":1200,"height":600,"_type":"image-file","sha256":"3b17a40d3c0003481150ce3cd5e234db4ef06f1019885019f6a3fed9b4772b2e"},"confusion_matrix":{"sha256":"d671cded2ff4577f5a1d4beecd5080d8e8a29650bcd397eb28bb0c3d7ff7dbbe","size":60244,"path":"media/images/confusion_matrix_11_d671cded2ff4577f5a1d.png","format":"png","width":1000,"height":800,"_type":"image-file"},"accuracy":0.8988077606635071,"val_loss":0.08020565624170481,"val_accuracy":0.8876666666666667,"_runtime":83.628574,"loss":0.0738962158806521,"_timestamp":1.7415467940579872e+09,"_wandb":{"runtime":83},"test_accuracy":0.8784,"test_loss":0.08881019563125873}