{"confusion_matrix":{"sha256":"f14a9af4f0d45c6ac57d13e859cef2fa5eab488f3854babdf639d573af3afc06","size":45125,"path":"media/images/confusion_matrix_11_f14a9af4f0d45c6ac57d.png","format":"png","width":1000,"height":800,"_type":"image-file"},"examples":{"sha256":"3b17a40d3c0003481150ce3cd5e234db4ef06f1019885019f6a3fed9b4772b2e","size":23873,"path":"media/images/examples_12_3b17a40d3c0003481150.png","format":"png","width":1200,"height":600,"_type":"image-file"},"test_accuracy":0.1,"accuracy":0.0991558056872038,"epoch":9,"val_loss":2.3027214459874292,"test_loss":2.3026508168866675,"val_accuracy":0.09833333333333333,"_wandb":{"runtime":54},"_timestamp":1.7415479226460423e+09,"_step":12,"loss":2.302730600100167,"_runtime":54.1280686}