{"_timestamp":1.7420722480366724e+09,"test_loss":0.43392545996085635,"_wandb":{"runtime":821},"epoch":19,"confusion_matrix":{"width":1000,"height":800,"_type":"image-file","sha256":"6d8addb1fc0407088add159410dc4a1836da652a7a0d47e2731c71e44fd0aa24","size":61919,"path":"media/images/confusion_matrix_21_6d8addb1fc0407088add.png","format":"png"},"accuracy":0.9173148148148148,"val_loss":0.39094048354486965,"_runtime":821.1282876,"val_accuracy":0.8906666666666667,"loss":0.28509034559394963,"test_accuracy":0.8845,"examples":{"sha256":"75cf3f2d6042056b9d89df460d23ed8f265f2d2a3c6eed2b5cf3bc7f22904ecc","size":29574,"path":"media/images/examples_22_75cf3f2d6042056b9d89.png","format":"png","width":1200,"height":600,"_type":"image-file"},"_step":22}