{"_runtime":68.614071,"examples":{"path":"media/images/examples_7_3b17a40d3c0003481150.png","format":"png","width":1200,"height":600,"_type":"image-file","sha256":"3b17a40d3c0003481150ce3cd5e234db4ef06f1019885019f6a3fed9b4772b2e","size":23873},"_wandb":{"runtime":68},"val_loss":0.09157773827406487,"test_loss":0.10052449507578855,"test_accuracy":0.8624,"_timestamp":1.7415264147712505e+09,"confusion_matrix":{"_type":"image-file","sha256":"7187f2ac05771ef083f1b565f3dab8d6ec331cb1b273da5a04bfa993698c5acb","size":60535,"path":"media/images/confusion_matrix_6_7187f2ac05771ef083f1.png","format":"png","width":1000,"height":800},"val_accuracy":0.8678333333333333,"_step":7,"epoch":4,"loss":0.09082433435532808,"accuracy":0.8745740740740741}