{"val_loss":0.44999993865492716,"test_loss":0.45000239645857526,"_wandb":{"runtime":40},"confusion_matrix":{"path":"media/images/confusion_matrix_16_f14a9af4f0d45c6ac57d.png","format":"png","width":1000,"height":800,"_type":"image-file","sha256":"f14a9af4f0d45c6ac57d13e859cef2fa5eab488f3854babdf639d573af3afc06","size":45125},"_step":17,"loss":0.45000041278972064,"test_accuracy":0.1,"_timestamp":1.7420708244165647e+09,"accuracy":0.10221662717219589,"examples":{"height":600,"_type":"image-file","sha256":"75cf3f2d6042056b9d89df460d23ed8f265f2d2a3c6eed2b5cf3bc7f22904ecc","size":29574,"path":"media/images/examples_17_75cf3f2d6042056b9d89.png","format":"png","width":1200},"val_accuracy":0.09833333333333333,"epoch":14,"_runtime":40.2996577}