{"loss":2.302592251610796,"examples":{"height":600,"_type":"image-file","sha256":"3b17a40d3c0003481150ce3cd5e234db4ef06f1019885019f6a3fed9b4772b2e","size":23873,"path":"media/images/examples_7_3b17a40d3c0003481150.png","format":"png","width":1200},"epoch":4,"val_accuracy":0.09333333333333334,"_wandb":{"runtime":21},"_runtime":21.0704972,"confusion_matrix":{"sha256":"24a617a8756e9b2d61681d6508f31a83b306fcb5703888b5b2a122aba43d688d","size":44800,"path":"media/images/confusion_matrix_6_24a617a8756e9b2d6168.png","format":"png","width":1000,"height":800,"_type":"image-file"},"_step":7,"val_loss":2.3026087897600145,"test_accuracy":0.1,"test_loss":2.3025869389131706,"_timestamp":1.7415375637662482e+09,"accuracy":0.09959394747235388}