{"loss":0.07206492966104446,"val_loss":0.08216159525216102,"val_accuracy":0.886,"confusion_matrix":{"path":"media/images/confusion_matrix_11_e24adab0bee188ce2edb.png","format":"png","width":1000,"height":800,"_type":"image-file","sha256":"e24adab0bee188ce2edba49b043b1f12d681899b6955a5b4f7402ff8401c1f1f","size":60754},"_wandb":{"runtime":201},"accuracy":0.9019259259259259,"epoch":9,"_timestamp":1.7415679457323432e+09,"_runtime":201.1478652,"_step":12,"test_loss":0.09053405571199812,"test_accuracy":0.8748,"examples":{"size":23873,"path":"media/images/examples_12_3b17a40d3c0003481150.png","format":"png","width":1200,"height":600,"_type":"image-file","sha256":"3b17a40d3c0003481150ce3cd5e234db4ef06f1019885019f6a3fed9b4772b2e"}}