{"val_accuracy":0.09333333333333334,"epoch":9,"test_accuracy":0.1,"examples":{"width":1200,"height":600,"_type":"image-file","sha256":"3b17a40d3c0003481150ce3cd5e234db4ef06f1019885019f6a3fed9b4772b2e","size":23873,"path":"media/images/examples_12_3b17a40d3c0003481150.png","format":"png"},"test_loss":2.3025916847959778,"val_loss":2.3027188271195453,"_step":12,"accuracy":0.10015550947867298,"_runtime":30.0859684,"loss":2.3025958312086945,"_timestamp":1.741536925144958e+09,"confusion_matrix":{"sha256":"24a617a8756e9b2d61681d6508f31a83b306fcb5703888b5b2a122aba43d688d","size":44800,"path":"media/images/confusion_matrix_11_24a617a8756e9b2d6168.png","format":"png","width":1000,"height":800,"_type":"image-file"},"_wandb":{"runtime":30}}