{"_timestamp":1.7415835061650696e+09,"confusion_matrix":{"height":800,"_type":"image-file","sha256":"3ef7f6662e931db033869ffed0cbb0de5417f0cd712e3c31b12b58e814e01d4a","size":45130,"path":"media/images/confusion_matrix_11_3ef7f6662e931db03386.png","format":"png","width":1000},"test_accuracy":0.1,"val_loss":0.4501532339212444,"examples":{"height":600,"_type":"image-file","sha256":"3b17a40d3c0003481150ce3cd5e234db4ef06f1019885019f6a3fed9b4772b2e","size":23873,"path":"media/images/examples_12_3b17a40d3c0003481150.png","format":"png","width":1200},"epoch":9,"_step":12,"_runtime":201.8132985,"_wandb":{"runtime":201},"accuracy":0.10125925925925926,"loss":0.4503066982889661,"test_loss":0.45019419908987346,"val_accuracy":0.102}