{"epoch":4,"val_loss":0.41085079217967874,"confusion_matrix":{"size":61210,"path":"media/images/confusion_matrix_6_b3eee4ce64681e2541d2.png","format":"png","width":1000,"height":800,"_type":"image-file","sha256":"b3eee4ce64681e2541d29d1d68ac6679dbcfa4e7d4d31383241182b7890240c6"},"accuracy":0.8633923281990521,"_step":7,"test_accuracy":0.8521,"_timestamp":1.7415371513722343e+09,"examples":{"height":600,"_type":"image-file","sha256":"3b17a40d3c0003481150ce3cd5e234db4ef06f1019885019f6a3fed9b4772b2e","size":23873,"path":"media/images/examples_7_3b17a40d3c0003481150.png","format":"png","width":1200},"_wandb":{"runtime":45},"val_accuracy":0.8615,"_runtime":45.8831143,"loss":0.4118720771014283,"test_loss":0.44312302399902775}