{"accuracy":0.8442868779620853,"_wandb":{"runtime":27},"test_loss":0.13767156822088003,"val_accuracy":0.8253333333333334,"val_loss":0.128672088409522,"examples":{"format":"png","width":1200,"height":600,"_type":"image-file","sha256":"3b17a40d3c0003481150ce3cd5e234db4ef06f1019885019f6a3fed9b4772b2e","size":23873,"path":"media/images/examples_7_3b17a40d3c0003481150.png"},"loss":0.11707612665228856,"_runtime":27.886611,"test_accuracy":0.8135,"confusion_matrix":{"width":1000,"height":800,"_type":"image-file","sha256":"fe6f793e2b6aea6f976a96ced718789dad9199ed04acc890e342f3906dc7df24","size":63016,"path":"media/images/confusion_matrix_6_fe6f793e2b6aea6f976a.png","format":"png"},"_timestamp":1.741557247343658e+09,"_step":7,"epoch":4}