{"test_accuracy":0.1,"_step":12,"examples":{"format":"png","width":1200,"height":600,"_type":"image-file","sha256":"3b17a40d3c0003481150ce3cd5e234db4ef06f1019885019f6a3fed9b4772b2e","size":23873,"path":"media/images/examples_12_3b17a40d3c0003481150.png"},"accuracy":0.10059982227488151,"val_accuracy":0.09733333333333333,"epoch":9,"val_loss":2.3035776828844923,"_timestamp":1.7415449226981294e+09,"_wandb":{"runtime":93},"confusion_matrix":{"format":"png","width":1000,"height":800,"_type":"image-file","sha256":"91eb09b754bbe0d0ea4dedd12a6ec44170e69fad5ffdc1b05864d80bdbfee956","size":45097,"path":"media/images/confusion_matrix_11_91eb09b754bbe0d0ea4d.png"},"test_loss":2.3033417151521154,"_runtime":93.1911923,"loss":2.303896319632642}