{"val_loss":0.9856566144453791,"epoch":4,"test_loss":1.0012222147965923,"examples":{"path":"media/images/examples_7_3b17a40d3c0003481150.png","format":"png","width":1200,"height":600,"_type":"image-file","sha256":"3b17a40d3c0003481150ce3cd5e234db4ef06f1019885019f6a3fed9b4772b2e","size":23873},"_step":7,"loss":0.9748419072527507,"_runtime":18.2889864,"_timestamp":1.7415504369225113e+09,"val_accuracy":0.5611666666666667,"test_accuracy":0.5566,"confusion_matrix":{"path":"media/images/confusion_matrix_6_9d3a630299696ff0f737.png","format":"png","width":1000,"height":800,"_type":"image-file","sha256":"9d3a630299696ff0f737d15d66969f7657f3becea81a018fed22d29d5b159a16","size":59145},"_wandb":{"runtime":18},"accuracy":0.5651111111111111}