{"_runtime":121.926419,"epoch":14,"examples":{"sha256":"75cf3f2d6042056b9d89df460d23ed8f265f2d2a3c6eed2b5cf3bc7f22904ecc","size":29574,"path":"media/images/examples_17_75cf3f2d6042056b9d89.png","format":"png","width":1200,"height":600,"_type":"image-file"},"val_accuracy":0.87,"_step":17,"val_loss":0.4901098906522703,"loss":0.4240956533270868,"test_accuracy":0.8617,"accuracy":0.8879776362559242,"confusion_matrix":{"size":61782,"path":"media/images/confusion_matrix_16_f1e4f5de3c658b71988a.png","format":"png","width":1000,"height":800,"_type":"image-file","sha256":"f1e4f5de3c658b71988a05b441d16d6a9c278c889b578131b94f0c9b7e2da49a"},"test_loss":0.5068243857588534,"_wandb":{"runtime":121},"_timestamp":1.742132407089164e+09}