{"test_accuracy":0.8706,"confusion_matrix":{"size":61831,"path":"media/images/confusion_matrix_11_166e8b74a7744eae93c7.png","format":"png","width":1000,"height":800,"_type":"image-file","sha256":"166e8b74a7744eae93c74bd43b86247c07fca5d44d7803427362828fda9c57e2"},"accuracy":0.8943461196682464,"_runtime":78.9000304,"_wandb":{"runtime":78},"examples":{"path":"media/images/examples_12_3b17a40d3c0003481150.png","format":"png","width":1200,"height":600,"_type":"image-file","sha256":"3b17a40d3c0003481150ce3cd5e234db4ef06f1019885019f6a3fed9b4772b2e","size":23873},"test_loss":0.38365389235567754,"val_loss":0.34267522877065176,"epoch":9,"loss":0.3150465636975256,"val_accuracy":0.8818333333333334,"_step":12,"_timestamp":1.7415521657431557e+09}