{"_runtime":128.0499131,"predictions":{"height":900,"_type":"image-file","sha256":"3a0630e8abad81be307f187efc538fa0773924b43a6f44dfba0f3acdeafb617c","size":56988,"path":"media/images/predictions_22_3a0630e8abad81be307f.png","format":"png","width":2250},"loss":0.060614584639333204,"_timestamp":1.742227997539855e+09,"_wandb":{"runtime":128},"epoch":19,"test_loss":0.0947244772136741,"accuracy":0.9196040679304898,"test_accuracy":0.87,"confusion_matrix":{"format":"png","width":4447,"height":4163,"_type":"image-file","sha256":"bc5fd1218e0fec0ecabab6620d349adef7608623b2eca7c232860a1c715a529a","size":402662,"path":"media/images/confusion_matrix_21_bc5fd1218e0fec0ecaba.png"},"val_loss":0.0863053961914278,"_step":22,"val_accuracy":0.883}