{"loss":0.3622210095155388,"epoch":4,"_timestamp":1.741556336029514e+09,"val_accuracy":0.8741666666666666,"_runtime":54.9736002,"_step":7,"_wandb":{"runtime":54},"test_loss":0.39879554749730417,"test_accuracy":0.8632,"confusion_matrix":{"height":800,"_type":"image-file","sha256":"d92a5267c9558253c09a3e17bce605e831f079187d248073e020eb39350b4b21","size":62771,"path":"media/images/confusion_matrix_6_d92a5267c9558253c09a.png","format":"png","width":1000},"examples":{"format":"png","width":1200,"height":600,"_type":"image-file","sha256":"3b17a40d3c0003481150ce3cd5e234db4ef06f1019885019f6a3fed9b4772b2e","size":23873,"path":"media/images/examples_7_3b17a40d3c0003481150.png"},"accuracy":0.8779250592417062,"val_loss":0.3686223543594383}