{"test_accuracy":0.8831,"confusion_matrix":{"size":62361,"path":"media/images/confusion_matrix_16_6b388c8e0f7a345d4197.png","format":"png","width":1000,"height":800,"_type":"image-file","sha256":"6b388c8e0f7a345d41978b65e6b879c6f8c88bbacaff50cd1baee6921c24154b"},"_timestamp":1.7420738002326632e+09,"_runtime":211.7986846,"loss":0.06316959331646688,"test_loss":0.08516945632511891,"val_accuracy":0.892,"epoch":14,"_step":17,"_wandb":{"runtime":211},"val_loss":0.08028859331569795,"accuracy":0.9134515699052133,"examples":{"sha256":"75cf3f2d6042056b9d89df460d23ed8f265f2d2a3c6eed2b5cf3bc7f22904ecc","size":29574,"path":"media/images/examples_17_75cf3f2d6042056b9d89.png","format":"png","width":1200,"height":600,"_type":"image-file"}}