{"_runtime":424.8440189,"_step":15,"test_loss":0.16730489138081447,"epoch":14,"_wandb":{"runtime":428},"accuracy":0.9628333333333333,"val_accuracy":0.9551666666666667,"loss":0.1583044900363892,"val_loss":0.16474053448045775,"test_accuracy":0.9567,"_timestamp":1.7422187963093274e+09}