{"examples":{"height":600,"_type":"image-file","sha256":"75cf3f2d6042056b9d89df460d23ed8f265f2d2a3c6eed2b5cf3bc7f22904ecc","size":29574,"path":"media/images/examples_17_75cf3f2d6042056b9d89.png","format":"png","width":1200},"val_loss":0.7560884632619603,"val_accuracy":0.7283333333333334,"accuracy":0.7300429502369669,"test_accuracy":0.7207,"confusion_matrix":{"size":61121,"path":"media/images/confusion_matrix_16_69231809ff898b7e5f64.png","format":"png","width":1000,"height":800,"_type":"image-file","sha256":"69231809ff898b7e5f6435fb8d9541cb6495518e32613d77e93c9d28a2f272fc"},"_runtime":170.7133498,"test_loss":0.7699504463706095,"loss":0.7576489010581211,"_step":17,"_wandb":{"runtime":170},"epoch":14,"_timestamp":1.7421160604097493e+09}