{"_wandb":{"runtime":770},"_timestamp":1.7421183569149852e+09,"_runtime":770.0122303,"test_loss":0.4330821434206924,"confusion_matrix":{"_type":"image-file","sha256":"4e4ba270414fd354f6b61a92958ba24331e4aa9127d075f1cfb3464a2b2f1e91","size":60352,"path":"media/images/confusion_matrix_16_4e4ba270414fd354f6b6.png","format":"png","width":1000,"height":800},"examples":{"size":29574,"path":"media/images/examples_17_75cf3f2d6042056b9d89.png","format":"png","width":1200,"height":600,"_type":"image-file","sha256":"75cf3f2d6042056b9d89df460d23ed8f265f2d2a3c6eed2b5cf3bc7f22904ecc"},"epoch":14,"val_loss":0.38097656575368666,"_step":17,"loss":0.31401160446918247,"accuracy":0.9074629629629629,"val_accuracy":0.886,"test_accuracy":0.8757}