{"loss":0.422003185793304,"test_accuracy":0.843,"val_accuracy":0.8593333333333333,"_step":21,"test_loss":0.45867147464839325,"accuracy":0.8614854857819905,"_wandb":{"runtime":128},"val_loss":0.4244786723434275,"_runtime":128.1061691,"epoch":19,"confusion_matrix":{"path":"media/images/confusion_matrix_21_d4f276f726fb740d5444.png","format":"png","width":4447,"height":4163,"_type":"image-file","sha256":"d4f276f726fb740d54445f6c422de78aee6c837f8d283cae9b077217ba90763f","size":420199},"_timestamp":1.7422176250856693e+09}