{"examples":{"size":23873,"path":"media/images/examples_7_3b17a40d3c0003481150.png","format":"png","width":1200,"height":600,"_type":"image-file","sha256":"3b17a40d3c0003481150ce3cd5e234db4ef06f1019885019f6a3fed9b4772b2e"},"accuracy":0.8735925925925926,"val_accuracy":0.8733333333333333,"confusion_matrix":{"width":1000,"height":800,"_type":"image-file","sha256":"7f3538c6cd40a84f7be86835603bd82b25fb473171099b9a3c2f4f45ec2c10a3","size":62686,"path":"media/images/confusion_matrix_6_7f3538c6cd40a84f7be8.png","format":"png"},"test_loss":0.4119167277747269,"_runtime":18.510851,"val_loss":0.3841414622018184,"loss":0.3786253426177163,"epoch":4,"test_accuracy":0.8635,"_timestamp":1.7415500734226592e+09,"_step":7,"_wandb":{"runtime":18}}