{"_step":12,"epoch":9,"test_accuracy":0.8744,"_wandb":{"runtime":163},"_timestamp":1.7415821661665964e+09,"loss":0.2953848775967576,"val_accuracy":0.8818333333333334,"confusion_matrix":{"height":800,"_type":"image-file","sha256":"d8b3d7333b7448e9de5c7e9390e7ddd39f9f5b2ea0b0d4f60556efdb3b0a151c","size":59979,"path":"media/images/confusion_matrix_11_d8b3d7333b7448e9de5c.png","format":"png","width":1000},"accuracy":0.9017143068720379,"val_loss":0.35403673285343884,"examples":{"path":"media/images/examples_12_3b17a40d3c0003481150.png","format":"png","width":1200,"height":600,"_type":"image-file","sha256":"3b17a40d3c0003481150ce3cd5e234db4ef06f1019885019f6a3fed9b4772b2e","size":23873},"test_loss":0.3918542358458391,"_runtime":163.2566463}