{"_wandb":{"runtime":28},"_runtime":28.7357229,"val_accuracy":0.8833333333333333,"epoch":4,"val_loss":0.0871690328496612,"test_accuracy":0.8679,"confusion_matrix":{"path":"media/images/confusion_matrix_6_19c1815b23d72a0ad7f4.png","format":"png","width":1000,"height":800,"_type":"image-file","sha256":"19c1815b23d72a0ad7f4c34013decdcdb74f7ad4e18a6e4c859e962e7ba42396","size":60871},"_timestamp":1.7415539775664349e+09,"accuracy":0.881349970379147,"examples":{"sha256":"3b17a40d3c0003481150ce3cd5e234db4ef06f1019885019f6a3fed9b4772b2e","size":23873,"path":"media/images/examples_7_3b17a40d3c0003481150.png","format":"png","width":1200,"height":600,"_type":"image-file"},"_step":7,"loss":0.0866291366108943,"test_loss":0.0966117939352339}