{"_runtime":454.6425928,"test_loss":0.3480084791303867,"_wandb":{"runtime":454},"val_loss":0.3218217938407489,"_timestamp":1.7421122675832372e+09,"epoch":19,"loss":0.252368456716564,"val_accuracy":0.8883333333333333,"confusion_matrix":{"_type":"image-file","sha256":"654b5060495491453eb8412caaedb6be6bbc1ebea75820e46885e8aa5ff281e1","size":60046,"path":"media/images/confusion_matrix_21_654b5060495491453eb8.png","format":"png","width":1000,"height":800},"examples":{"size":29574,"path":"media/images/examples_22_75cf3f2d6042056b9d89.png","format":"png","width":1200,"height":600,"_type":"image-file","sha256":"75cf3f2d6042056b9d89df460d23ed8f265f2d2a3c6eed2b5cf3bc7f22904ecc"},"accuracy":0.9196666666666666,"test_accuracy":0.8825,"_step":22}