{"accuracy":0.8989682069510269,"val_loss":0.3522195772703195,"test_loss":0.385128656276352,"_runtime":118.8573882,"loss":0.3132474627434159,"_step":12,"epoch":9,"_timestamp":1.7421416681209042e+09,"examples":{"format":"png","width":1200,"height":600,"_type":"image-file","sha256":"75cf3f2d6042056b9d89df460d23ed8f265f2d2a3c6eed2b5cf3bc7f22904ecc","size":29574,"path":"media/images/examples_12_75cf3f2d6042056b9d89.png"},"test_accuracy":0.8728,"confusion_matrix":{"width":1000,"height":800,"_type":"image-file","sha256":"c0d9c553a5592049da1e87e7010de6b0e2867739ca4cfca42918d37844a71c1d","size":61526,"path":"media/images/confusion_matrix_11_c0d9c553a5592049da1e.png","format":"png"},"_wandb":{"runtime":118},"val_accuracy":0.8855}