{"test_loss":0.38356904838136313,"loss":0.2736747303934149,"_step":17,"val_loss":0.3499541029957295,"epoch":14,"_wandb":{"runtime":430},"_timestamp":1.7421285599841192e+09,"val_accuracy":0.888,"confusion_matrix":{"sha256":"f7d67bed33fd6710136ef092ce017f9a22a10bd4b378a3595e5ce130d6f66668","size":61148,"path":"media/images/confusion_matrix_16_f7d67bed33fd6710136e.png","format":"png","width":1000,"height":800,"_type":"image-file"},"test_accuracy":0.8811,"examples":{"_type":"image-file","sha256":"75cf3f2d6042056b9d89df460d23ed8f265f2d2a3c6eed2b5cf3bc7f22904ecc","size":29574,"path":"media/images/examples_17_75cf3f2d6042056b9d89.png","format":"png","width":1200,"height":600},"accuracy":0.9128776658767772,"_runtime":430.536509}