{"_runtime":51.0630439,"confusion_matrix":{"height":800,"_type":"image-file","sha256":"1a096b4aa3bd9e8b4a8320699d2e4dc33a947a4392243789271dfa54f125b718","size":61432,"path":"media/images/confusion_matrix_11_1a096b4aa3bd9e8b4a83.png","format":"png","width":1000},"val_accuracy":0.8703333333333333,"loss":0.08386508214112154,"val_loss":0.09461797591890463,"test_accuracy":0.86,"_wandb":{"runtime":51},"epoch":9,"_timestamp":1.7420723590884902e+09,"test_loss":0.10222318776455461,"_step":12,"examples":{"height":600,"_type":"image-file","sha256":"75cf3f2d6042056b9d89df460d23ed8f265f2d2a3c6eed2b5cf3bc7f22904ecc","size":29574,"path":"media/images/examples_12_75cf3f2d6042056b9d89.png","format":"png","width":1200},"accuracy":0.8851266291469194}