{"val_loss":0.355008604299375,"confusion_matrix":{"format":"png","width":1000,"height":800,"_type":"image-file","sha256":"f72b7eadd6f492763cacd901d8b5a9a294cbb08195f0a60803a890f4c865d2db","size":60910,"path":"media/images/confusion_matrix_21_f72b7eadd6f492763cac.png"},"examples":{"format":"png","width":1200,"height":600,"_type":"image-file","sha256":"75cf3f2d6042056b9d89df460d23ed8f265f2d2a3c6eed2b5cf3bc7f22904ecc","size":29574,"path":"media/images/examples_22_75cf3f2d6042056b9d89.png"},"_runtime":108.155689,"loss":0.3134266827682161,"test_loss":0.38534608003057125,"_wandb":{"runtime":108},"test_accuracy":0.8711,"epoch":19,"accuracy":0.8986534853870458,"_timestamp":1.7420719097071583e+09,"_step":22,"val_accuracy":0.878}