{"test_loss":0.11382981837428677,"test_accuracy":0.8447,"val_loss":0.10566853006649457,"epoch":4,"val_accuracy":0.8518333333333333,"_wandb":{"runtime":85},"confusion_matrix":{"_type":"image-file","sha256":"27d52b840bfe0b67a3fd2376904ae9e2656c8b9353ba07b5bcd1308d72336c0d","size":61456,"path":"media/images/confusion_matrix_6_27d52b840bfe0b67a3fd.png","format":"png","width":1000,"height":800},"loss":0.1034609190280389,"_step":7,"accuracy":0.8577777777777778,"examples":{"size":23873,"path":"media/images/examples_7_3b17a40d3c0003481150.png","format":"png","width":1200,"height":600,"_type":"image-file","sha256":"3b17a40d3c0003481150ce3cd5e234db4ef06f1019885019f6a3fed9b4772b2e"},"_runtime":85.192336,"_timestamp":1.7415462342355363e+09}