{"confusion_matrix":{"size":406917,"path":"media/images/confusion_matrix_21_dbd2e3d68bd8284cb15e.png","format":"png","width":4447,"height":4163,"_type":"image-file","sha256":"dbd2e3d68bd8284cb15e758577fea2f97078d65b08fa653422d75393cb083208"},"_runtime":197.1280975,"_step":22,"test_loss":0.3681723389745319,"epoch":19,"loss":0.2617002204689678,"test_accuracy":0.8799,"_wandb":{"runtime":197},"predictions":{"height":900,"_type":"image-file","sha256":"7afa0b3111132643977e85e05b248fe23a881518b16256163bfddb6227eb807b","size":54045,"path":"media/images/predictions_22_7afa0b3111132643977e.png","format":"png","width":2250},"_timestamp":1.7422100065831993e+09,"val_loss":0.34873459768453535,"val_accuracy":0.8888333333333334,"accuracy":0.9184315758293838}