{"_timestamp":1.7421100672153006e+09,"_step":17,"_runtime":202.0992942,"_wandb":{"runtime":202},"confusion_matrix":{"height":800,"_type":"image-file","sha256":"fc5e4a65bf33f82a11c27441ded9594b542a54387cff9a38480e1f133c0c352e","size":62242,"path":"media/images/confusion_matrix_16_fc5e4a65bf33f82a11c2.png","format":"png","width":1000},"loss":0.3089906496212116,"epoch":14,"test_loss":0.37659034645456396,"test_accuracy":0.8743,"val_loss":0.34252769594691745,"val_accuracy":0.883,"examples":{"path":"media/images/examples_17_75cf3f2d6042056b9d89.png","format":"png","width":1200,"height":600,"_type":"image-file","sha256":"75cf3f2d6042056b9d89df460d23ed8f265f2d2a3c6eed2b5cf3bc7f22904ecc","size":29574},"accuracy":0.899900029620853}