{"_step":12,"accuracy":0.9025103672985783,"epoch":9,"loss":0.2960514985916095,"_timestamp":1.7415655531015084e+09,"val_loss":0.3416775282606496,"_runtime":171.9551822,"val_accuracy":0.8848333333333334,"confusion_matrix":{"format":"png","width":1000,"height":800,"_type":"image-file","sha256":"afab7b8f640f8e0ac97d6327e305d2b904ca1dff5ce65682041e6f4bce3ba064","size":60722,"path":"media/images/confusion_matrix_11_afab7b8f640f8e0ac97d.png"},"examples":{"sha256":"3b17a40d3c0003481150ce3cd5e234db4ef06f1019885019f6a3fed9b4772b2e","size":23873,"path":"media/images/examples_12_3b17a40d3c0003481150.png","format":"png","width":1200,"height":600,"_type":"image-file"},"test_accuracy":0.8773,"test_loss":0.3613383406417537,"_wandb":{"runtime":171}}