{"_step":12,"accuracy":0.8971601007109005,"epoch":9,"examples":{"size":29574,"path":"media/images/examples_12_75cf3f2d6042056b9d89.png","format":"png","width":1200,"height":600,"_type":"image-file","sha256":"75cf3f2d6042056b9d89df460d23ed8f265f2d2a3c6eed2b5cf3bc7f22904ecc"},"val_accuracy":0.8773333333333333,"confusion_matrix":{"format":"png","width":1000,"height":800,"_type":"image-file","sha256":"0b481333dbce7b238ea4735cd73fb999d83014db3a28606802dac22da018ea23","size":60434,"path":"media/images/confusion_matrix_11_0b481333dbce7b238ea4.png"},"test_accuracy":0.8703,"test_loss":0.3821219295265278,"loss":0.3073134217370946,"_runtime":171.6607628,"val_loss":0.35956200565729857,"_wandb":{"runtime":171},"_timestamp":1.7421361636762664e+09}