{"_wandb":{"runtime":210},"_runtime":210.7227964,"confusion_matrix":{"width":1000,"height":800,"_type":"image-file","sha256":"e522c6492c744c9051d4a19a4c846fa5347c2b236f947b91a019118734f84a2c","size":62654,"path":"media/images/confusion_matrix_11_e522c6492c744c9051d4.png","format":"png"},"test_loss":0.45817263306291517,"test_accuracy":0.8482,"accuracy":0.8598007997630331,"_step":12,"epoch":9,"_timestamp":1.741525006508983e+09,"loss":0.4360573035937983,"examples":{"_type":"image-file","sha256":"3b17a40d3c0003481150ce3cd5e234db4ef06f1019885019f6a3fed9b4772b2e","size":23873,"path":"media/images/examples_12_3b17a40d3c0003481150.png","format":"png","width":1200,"height":600},"val_loss":0.42261509660320007,"val_accuracy":0.8606666666666667}