{"_wandb":{"runtime":31},"loss":0.09475964136044097,"accuracy":0.8711851851851852,"val_accuracy":0.8655,"epoch":4,"val_loss":0.09758254225601233,"_runtime":31.0132407,"test_loss":0.10597713530854216,"_timestamp":1.7415268105607784e+09,"_step":7,"confusion_matrix":{"path":"media/images/confusion_matrix_6_bca9d8f47fdbc423c492.png","format":"png","width":1000,"height":800,"_type":"image-file","sha256":"bca9d8f47fdbc423c492c789ff885c4d3018bfc7496953fec15c4db88778fc15","size":62291},"test_accuracy":0.855,"examples":{"format":"png","width":1200,"height":600,"_type":"image-file","sha256":"3b17a40d3c0003481150ce3cd5e234db4ef06f1019885019f6a3fed9b4772b2e","size":23873,"path":"media/images/examples_7_3b17a40d3c0003481150.png"}}