{"val_loss":0.8410045294255926,"examples":{"_type":"image-file","sha256":"75cf3f2d6042056b9d89df460d23ed8f265f2d2a3c6eed2b5cf3bc7f22904ecc","size":29574,"path":"media/images/examples_12_75cf3f2d6042056b9d89.png","format":"png","width":1200,"height":600},"test_accuracy":0.7358,"accuracy":0.7418703703703704,"val_accuracy":0.7485,"test_loss":0.8797554957868382,"confusion_matrix":{"sha256":"877e60af7bd53896e92a6016011293363907770479dce5e3d846188b39a8e987","size":63070,"path":"media/images/confusion_matrix_11_877e60af7bd53896e92a.png","format":"png","width":1000,"height":800,"_type":"image-file"},"epoch":9,"_step":12,"loss":0.8241744404083695,"_runtime":59.9818511,"_wandb":{"runtime":60},"_timestamp":1.742070959781582e+09}