{"_wandb":{"runtime":102},"epoch":9,"loss":0.07503034347323426,"_runtime":95.1254768,"val_accuracy":0.8885,"accuracy":0.8979253060821485,"_step":9,"val_loss":0.08171563145851773,"_timestamp":1.7422158095675519e+09}