{"_wandb":{"runtime":225},"confusion_matrix":{"size":61974,"path":"media/images/confusion_matrix_16_93561454e5f403f82dc4.png","format":"png","width":1000,"height":800,"_type":"image-file","sha256":"93561454e5f403f82dc4d309b59b90cbdc8657b2f66edb671e1bec5f22f373f2"},"accuracy":0.9101481481481482,"test_loss":0.3980467947759708,"_step":17,"_runtime":225.2201221,"_timestamp":1.7421334360653253e+09,"loss":0.27489668063224687,"test_accuracy":0.8654,"epoch":14,"val_loss":0.38195635397684086,"examples":{"_type":"image-file","sha256":"75cf3f2d6042056b9d89df460d23ed8f265f2d2a3c6eed2b5cf3bc7f22904ecc","size":29574,"path":"media/images/examples_17_75cf3f2d6042056b9d89.png","format":"png","width":1200,"height":600},"val_accuracy":0.877}