{"loss":2.3025753143687795,"test_accuracy":0.1,"val_accuracy":0.102,"test_loss":2.302588718614017,"_runtime":116.668027,"val_loss":2.3026205341716266,"_timestamp":1.742070779012616e+09,"_step":12,"examples":{"_type":"image-file","sha256":"75cf3f2d6042056b9d89df460d23ed8f265f2d2a3c6eed2b5cf3bc7f22904ecc","size":29574,"path":"media/images/examples_12_75cf3f2d6042056b9d89.png","format":"png","width":1200,"height":600},"_wandb":{"runtime":116},"confusion_matrix":{"sha256":"3ef7f6662e931db033869ffed0cbb0de5417f0cd712e3c31b12b58e814e01d4a","size":45130,"path":"media/images/confusion_matrix_11_3ef7f6662e931db03386.png","format":"png","width":1000,"height":800,"_type":"image-file"},"accuracy":0.10089603080568721,"epoch":9}