{"_step":22,"val_loss":0.11535740288123619,"test_loss":0.12286785103570003,"test_accuracy":0.9742,"_wandb":{"runtime":531},"accuracy":0.9916481481481482,"val_accuracy":0.9741666666666666,"confusion_matrix":{"format":"png","width":4425,"height":4164,"_type":"image-file","sha256":"a23eb977ad7a31ed14aaffa201d56a8792c01329a768ae84728e9ed74edacb9a","size":294000,"path":"media/images/confusion_matrix_21_a23eb977ad7a31ed14aa.png"},"_timestamp":1.7422193394584603e+09,"epoch":19,"predictions":{"_type":"image-file","sha256":"16de884f0811687e5c8bd6753c5429a3833dddc8edf6c7b5018942e9648aca36","size":26227,"path":"media/images/predictions_22_16de884f0811687e5c8b.png","format":"png","width":2250,"height":900},"loss":0.04080136079058777,"_runtime":531.664263}