{"test_accuracy":0.8727,"_wandb":{"runtime":193},"loss":0.07309163574421611,"accuracy":0.9019673183254344,"_runtime":193.7930164,"test_loss":0.09231885656818092,"confusion_matrix":{"height":800,"_type":"image-file","sha256":"faef3d37aa22fe05ef5598e153b1e0e25e7f84ab2df8ef966b36c9ec728c4404","size":60005,"path":"media/images/confusion_matrix_16_faef3d37aa22fe05ef55.png","format":"png","width":1000},"epoch":14,"_timestamp":1.7420687143442736e+09,"examples":{"format":"png","width":1200,"height":600,"_type":"image-file","sha256":"75cf3f2d6042056b9d89df460d23ed8f265f2d2a3c6eed2b5cf3bc7f22904ecc","size":29574,"path":"media/images/examples_17_75cf3f2d6042056b9d89.png"},"val_accuracy":0.884,"_step":17,"val_loss":0.08322079504693465}