{"test_accuracy":0.1,"examples":{"format":"png","width":1200,"height":600,"_type":"image-file","sha256":"3b17a40d3c0003481150ce3cd5e234db4ef06f1019885019f6a3fed9b4772b2e","size":23873,"path":"media/images/examples_7_3b17a40d3c0003481150.png"},"_step":7,"loss":0.4500002659088422,"val_loss":0.45000035310831427,"_runtime":22.4880447,"confusion_matrix":{"format":"png","width":1000,"height":800,"_type":"image-file","sha256":"52078e3460fc88c3d22fb8278017914305fbd3bdfd0183490eb31b83caf1886d","size":44781,"path":"media/images/confusion_matrix_6_52078e3460fc88c3d22f.png"},"val_accuracy":0.10033333333333333,"_timestamp":1.741580418346465e+09,"epoch":4,"test_loss":0.4500000049287373,"_wandb":{"runtime":22},"accuracy":0.09842762638230648}