{"test_accuracy":0.8657,"_timestamp":1.7415724619122639e+09,"test_loss":0.3985844938083318,"confusion_matrix":{"width":1000,"height":800,"_type":"image-file","sha256":"f5e472e5a7e75c6b1142247bc49c56d5621afa3d7a4420f001b42023256ead27","size":61357,"path":"media/images/confusion_matrix_6_f5e472e5a7e75c6b1142.png","format":"png"},"_runtime":71.2250419,"epoch":4,"examples":{"height":600,"_type":"image-file","sha256":"3b17a40d3c0003481150ce3cd5e234db4ef06f1019885019f6a3fed9b4772b2e","size":23873,"path":"media/images/examples_7_3b17a40d3c0003481150.png","format":"png","width":1200},"_wandb":{"runtime":71},"val_accuracy":0.8821666666666667,"accuracy":0.8818683353080569,"val_loss":0.3622471681594499,"_step":7,"loss":0.3514409260665807}