{"val_accuracy":0.87,"_runtime":27.0702362,"confusion_matrix":{"_type":"image-file","sha256":"a394b055cf9f79df97c27bbc292b81cb40eaa378440f28117b7931a902e14e76","size":62140,"path":"media/images/confusion_matrix_6_a394b055cf9f79df97c2.png","format":"png","width":1000,"height":800},"_wandb":{"runtime":27},"_timestamp":1.7415533153800073e+09,"epoch":4,"_step":7,"accuracy":0.8701481481481481,"loss":0.4953613930896369,"test_accuracy":0.8597,"examples":{"size":23873,"path":"media/images/examples_7_3b17a40d3c0003481150.png","format":"png","width":1200,"height":600,"_type":"image-file","sha256":"3b17a40d3c0003481150ce3cd5e234db4ef06f1019885019f6a3fed9b4772b2e"},"val_loss":0.44031927458013925,"test_loss":0.4853245114366262}