{"epoch":9,"test_loss":0.4408042387379161,"confusion_matrix":{"height":800,"_type":"image-file","sha256":"daac8d27adc3c6b4c4e46c5925e9fc0a0b9d16c1d54432a5a5421fff17eee0de","size":62078,"path":"media/images/confusion_matrix_11_daac8d27adc3c6b4c4e4.png","format":"png","width":1000},"_wandb":{"runtime":47},"_runtime":47.3242494,"examples":{"size":23873,"path":"media/images/examples_12_3b17a40d3c0003481150.png","format":"png","width":1200,"height":600,"_type":"image-file","sha256":"3b17a40d3c0003481150ce3cd5e234db4ef06f1019885019f6a3fed9b4772b2e"},"_timestamp":1.7415311933511322e+09,"_step":12,"val_loss":0.41240586397530615,"accuracy":0.8653917357819905,"val_accuracy":0.8645,"loss":0.4127070152849008,"test_accuracy":0.8537}