{"confusion_matrix":{"sha256":"fc7102eedd55299cfe25f1e081b6e1bf512833506dfceea3e21fdaae0e8066f3","size":63752,"path":"media/images/confusion_matrix_11_fc7102eedd55299cfe25.png","format":"png","width":1000,"height":800,"_type":"image-file"},"accuracy":0.8690185185185185,"loss":0.09614075586075595,"_step":12,"epoch":9,"_wandb":{"runtime":67},"val_loss":0.10150922208017094,"examples":{"sha256":"75cf3f2d6042056b9d89df460d23ed8f265f2d2a3c6eed2b5cf3bc7f22904ecc","size":29574,"path":"media/images/examples_12_75cf3f2d6042056b9d89.png","format":"png","width":1200,"height":600,"_type":"image-file"},"test_accuracy":0.847,"_timestamp":1.7420680482674937e+09,"test_loss":0.10946842920987486,"val_accuracy":0.8578333333333333,"_runtime":67.2232486}