{"loss":0.12287177473424199,"test_accuracy":0.8155,"examples":{"format":"png","width":1200,"height":600,"_type":"image-file","sha256":"3b17a40d3c0003481150ce3cd5e234db4ef06f1019885019f6a3fed9b4772b2e","size":23873,"path":"media/images/examples_7_3b17a40d3c0003481150.png"},"epoch":4,"val_loss":0.1320779261658178,"accuracy":0.8379924466824644,"val_accuracy":0.8233333333333334,"confusion_matrix":{"_type":"image-file","sha256":"72157016ceafd561610901a6ec91dc425644d5165d5a416d41ad93ac849eceee","size":62679,"path":"media/images/confusion_matrix_6_72157016ceafd5616109.png","format":"png","width":1000,"height":800},"_runtime":75.1742483,"_timestamp":1.7415473396412272e+09,"test_loss":0.13728428264744494,"_wandb":{"runtime":75},"_step":7}