{"_runtime":41.0201379,"loss":0.46877760931531004,"accuracy":0.8596712085308057,"val_loss":0.4427123567451524,"test_loss":0.4777992414077344,"confusion_matrix":{"width":1000,"height":800,"_type":"image-file","sha256":"7b037a7c49491f0870927a635035d32a6f2915b09d267087f1e449893e5b9ab4","size":61583,"path":"media/images/confusion_matrix_6_7b037a7c49491f087092.png","format":"png"},"val_accuracy":0.8678333333333333,"examples":{"sha256":"3b17a40d3c0003481150ce3cd5e234db4ef06f1019885019f6a3fed9b4772b2e","size":23873,"path":"media/images/examples_7_3b17a40d3c0003481150.png","format":"png","width":1200,"height":600,"_type":"image-file"},"test_accuracy":0.8538,"_wandb":{"runtime":41},"_timestamp":1.7415430823729029e+09,"_step":7,"epoch":4}