{"test_accuracy":0.872,"_runtime":92.6308397,"examples":{"sha256":"3b17a40d3c0003481150ce3cd5e234db4ef06f1019885019f6a3fed9b4772b2e","size":23873,"path":"media/images/examples_12_3b17a40d3c0003481150.png","format":"png","width":1200,"height":600,"_type":"image-file"},"loss":0.08105961514377674,"epoch":9,"accuracy":0.8902115422590837,"test_loss":0.0934287729192711,"confusion_matrix":{"height":800,"_type":"image-file","sha256":"6f8f23705ab8ec352d9217bd9edde8541aaf29c83cb50f447faf2e4008da518b","size":62098,"path":"media/images/confusion_matrix_11_6f8f23705ab8ec352d92.png","format":"png","width":1000},"_wandb":{"runtime":92},"val_accuracy":0.8771666666666667,"_timestamp":1.741554482393411e+09,"_step":12,"val_loss":0.08687688335574693}