{"val_loss":0.3923696261799319,"examples":{"_type":"image-file","sha256":"3b17a40d3c0003481150ce3cd5e234db4ef06f1019885019f6a3fed9b4772b2e","size":23873,"path":"media/images/examples_7_3b17a40d3c0003481150.png","format":"png","width":1200,"height":600},"_runtime":33.127934,"_step":7,"loss":0.37692116806455334,"_timestamp":1.741554705343922e+09,"epoch":4,"confusion_matrix":{"_type":"image-file","sha256":"738a1a3364bedbb60a273f6acf90446a1a5b654c788c597a8c2c7d292fa10874","size":61285,"path":"media/images/confusion_matrix_6_738a1a3364bedbb60a27.png","format":"png","width":1000,"height":800},"_wandb":{"runtime":33},"accuracy":0.8745185185185185,"val_accuracy":0.8705,"test_accuracy":0.8564,"test_loss":0.4353540465064516}