{"val_accuracy":0.099,"_step":12,"loss":2.3025877192216315,"_runtime":69.6810717,"epoch":9,"confusion_matrix":{"path":"media/images/confusion_matrix_11_0e37cf600a20eb236bd5.png","format":"png","width":3367,"height":2963,"_type":"image-file","sha256":"0e37cf600a20eb236bd5f9675d6121354db43b474e527f8bf47895f3427e8346","size":261452},"test_loss":2.3025853315641682,"test_accuracy":0.1,"_timestamp":1.7422079862579765e+09,"accuracy":0.0985,"_wandb":{"runtime":69},"val_loss":2.3025965598325193,"predictions":{"_type":"image-file","sha256":"00ef28b2ebd6184a5704d9b74d3040e36bfedc5443ee3061c309604db4c15553","size":41689,"path":"media/images/predictions_12_00ef28b2ebd6184a5704.png","format":"png","width":2250,"height":900}}