{"_step":12,"epoch":9,"_wandb":{"runtime":106},"_timestamp":1.7420755860536623e+09,"test_loss":0.0931461042056854,"confusion_matrix":{"_type":"image-file","sha256":"7f82a75a5fe69f75bca0af9ee4ad07801c9c55e9ef712c15dc2a67a8706e6c83","size":59551,"path":"media/images/confusion_matrix_11_7f82a75a5fe69f75bca0.png","format":"png","width":1000,"height":800},"test_accuracy":0.8707,"accuracy":0.896252962085308,"_runtime":106.2373862,"examples":{"_type":"image-file","sha256":"75cf3f2d6042056b9d89df460d23ed8f265f2d2a3c6eed2b5cf3bc7f22904ecc","size":29574,"path":"media/images/examples_12_75cf3f2d6042056b9d89.png","format":"png","width":1200,"height":600},"loss":0.0757691910658759,"val_loss":0.08663495247422376,"val_accuracy":0.8803333333333333}