{"_runtime":84.8012796,"test_loss":1.5846168008242283,"examples":{"format":"png","width":1200,"height":600,"_type":"image-file","sha256":"3b17a40d3c0003481150ce3cd5e234db4ef06f1019885019f6a3fed9b4772b2e","size":23873,"path":"media/images/examples_12_3b17a40d3c0003481150.png"},"_wandb":{"runtime":84},"accuracy":0.2957222222222222,"_timestamp":1.7415376535002217e+09,"val_accuracy":0.31783333333333336,"epoch":9,"val_loss":1.5845951629241621,"test_accuracy":0.3101,"loss":1.6136248203204822,"confusion_matrix":{"path":"media/images/confusion_matrix_11_75e2e0279630638cf46e.png","format":"png","width":1000,"height":800,"_type":"image-file","sha256":"75e2e0279630638cf46e47e09376b23ba3a371a5a480e4335aa70f7b91ecd51c","size":53562},"_step":12}