{"_step":22,"_runtime":256.107595,"examples":{"height":600,"_type":"image-file","sha256":"75cf3f2d6042056b9d89df460d23ed8f265f2d2a3c6eed2b5cf3bc7f22904ecc","size":29574,"path":"media/images/examples_22_75cf3f2d6042056b9d89.png","format":"png","width":1200},"val_loss":0.38248829806117474,"val_accuracy":0.8865,"loss":0.2661145885217297,"confusion_matrix":{"sha256":"ab2232a7f5b75f262ebd022bdaca6ff9553d87d91197ebce453a37d43ddefaa2","size":60422,"path":"media/images/confusion_matrix_21_ab2232a7f5b75f262ebd.png","format":"png","width":1000,"height":800,"_type":"image-file"},"test_loss":0.41845994728970337,"epoch":19,"_timestamp":1.7421201552908964e+09,"_wandb":{"runtime":256},"accuracy":0.9206161137440758,"test_accuracy":0.8772}