{"val_loss":0.08508502977102553,"loss":0.07702230143630338,"accuracy":0.8954569016587678,"_step":12,"confusion_matrix":{"width":1000,"height":800,"_type":"image-file","sha256":"9ee137c1d83ca0bfb7e5cd33e10e30cce843c59fc9d890ae40369b5dec1eff50","size":61193,"path":"media/images/confusion_matrix_11_9ee137c1d83ca0bfb7e5.png","format":"png"},"examples":{"height":600,"_type":"image-file","sha256":"3b17a40d3c0003481150ce3cd5e234db4ef06f1019885019f6a3fed9b4772b2e","size":23873,"path":"media/images/examples_12_3b17a40d3c0003481150.png","format":"png","width":1200},"epoch":9,"val_accuracy":0.8863333333333333,"_timestamp":1.741530985871507e+09,"test_accuracy":0.8712,"_wandb":{"runtime":205},"_runtime":205.2503959,"test_loss":0.0942481933558993}