{"_runtime":59.1250508,"val_accuracy":0.09333333333333334,"_wandb":{"runtime":59},"_timestamp":1.7420710706734228e+09,"loss":2.3025849892409678,"accuracy":0.10074175552922592,"examples":{"path":"media/images/examples_22_75cf3f2d6042056b9d89.png","format":"png","width":1200,"height":600,"_type":"image-file","sha256":"75cf3f2d6042056b9d89df460d23ed8f265f2d2a3c6eed2b5cf3bc7f22904ecc","size":29574},"test_accuracy":0.1,"val_loss":2.3025866514359783,"test_loss":2.302585093758756,"epoch":19,"confusion_matrix":{"size":44800,"path":"media/images/confusion_matrix_21_24a617a8756e9b2d6168.png","format":"png","width":1000,"height":800,"_type":"image-file","sha256":"24a617a8756e9b2d61681d6508f31a83b306fcb5703888b5b2a122aba43d688d"},"_step":22}