{"val_accuracy":0.8851666666666667,"predictions":{"width":2250,"height":900,"_type":"image-file","sha256":"0a8dc38ab6ad20141b66122f2624b1ad51062b68cdd9c4a11cbe8ae5e3ae501e","size":53730,"path":"media/images/predictions_22_0a8dc38ab6ad20141b66.png","format":"png"},"_timestamp":1.742226496073716e+09,"accuracy":0.9232141093996841,"confusion_matrix":{"sha256":"0eea6755cb93e5de59aa0d3b1b8ecb0846136fa2665b12230db0ac42af3649ad","size":408103,"path":"media/images/confusion_matrix_21_0eea6755cb93e5de59aa.png","format":"png","width":4447,"height":4163,"_type":"image-file"},"_runtime":150.5040606,"_step":22,"epoch":19,"loss":0.05797621372653782,"test_loss":0.09360167142967263,"val_loss":0.08592566636671184,"test_accuracy":0.8738,"_wandb":{"runtime":150}}