{"loss":0.07106197044694594,"confusion_matrix":{"height":800,"_type":"image-file","sha256":"e771d0e7de12a51d6e5e4948f513ed97a8f0de62d5bad8eba3b6a70d94de90a1","size":61535,"path":"media/images/confusion_matrix_11_e771d0e7de12a51d6e5e.png","format":"png","width":1000},"test_loss":0.088808883186844,"examples":{"width":1200,"height":600,"_type":"image-file","sha256":"75cf3f2d6042056b9d89df460d23ed8f265f2d2a3c6eed2b5cf3bc7f22904ecc","size":29574,"path":"media/images/examples_12_75cf3f2d6042056b9d89.png","format":"png"},"_timestamp":1.742074989086258e+09,"_step":12,"val_accuracy":0.8895,"_runtime":151.3333587,"accuracy":0.9031459814375988,"epoch":9,"val_loss":0.0809996529025321,"test_accuracy":0.8804,"_wandb":{"runtime":151}}