{"val_accuracy":0.8745,"_runtime":51.0143269,"val_loss":0.3681106176798644,"examples":{"sha256":"3b17a40d3c0003481150ce3cd5e234db4ef06f1019885019f6a3fed9b4772b2e","size":23873,"path":"media/images/examples_7_3b17a40d3c0003481150.png","format":"png","width":1200,"height":600,"_type":"image-file"},"accuracy":0.8726488447867299,"_wandb":{"runtime":51},"loss":0.3781009858427447,"test_loss":0.4071817687371313,"epoch":4,"_step":7,"test_accuracy":0.8619,"_timestamp":1.74155193019723e+09,"confusion_matrix":{"_type":"image-file","sha256":"144328fbfcc5b036b9dde3392189f18595d2f2f7f702ae461db6898696f36d02","size":61741,"path":"media/images/confusion_matrix_6_144328fbfcc5b036b9dd.png","format":"png","width":1000,"height":800}}