{"examples":{"height":600,"_type":"image-file","sha256":"3b17a40d3c0003481150ce3cd5e234db4ef06f1019885019f6a3fed9b4772b2e","size":23873,"path":"media/images/examples_12_3b17a40d3c0003481150.png","format":"png","width":1200},"val_loss":0.08721779218241744,"_step":12,"confusion_matrix":{"size":61387,"path":"media/images/confusion_matrix_11_e085fae459b25f21a911.png","format":"png","width":1000,"height":800,"_type":"image-file","sha256":"e085fae459b25f21a91146f35d2e5e1dfe63481387fbc4ea2de2c521981b598f"},"test_loss":0.09247022317527959,"test_accuracy":0.8734,"_runtime":86.8711351,"loss":0.07156862093068941,"accuracy":0.9019858313586098,"val_accuracy":0.882,"_wandb":{"runtime":86},"_timestamp":1.7415648186300402e+09,"epoch":9}