{"loss":0.7983089381119698,"_runtime":39.5024484,"confusion_matrix":{"path":"media/images/confusion_matrix_6_f2a29560766c7dee3ac4.png","format":"png","width":1000,"height":800,"_type":"image-file","sha256":"f2a29560766c7dee3ac40c5f32353c1a23e0d5e432b2a7ebdfa645f009f67ca7","size":64798},"_wandb":{"runtime":39},"_step":7,"epoch":4,"val_loss":0.7288381792221528,"val_accuracy":0.762,"examples":{"height":600,"_type":"image-file","sha256":"3b17a40d3c0003481150ce3cd5e234db4ef06f1019885019f6a3fed9b4772b2e","size":23873,"path":"media/images/examples_7_3b17a40d3c0003481150.png","format":"png","width":1200},"_timestamp":1.7415529800545738e+09,"test_accuracy":0.7462,"test_loss":0.7543924423816516,"accuracy":0.7279818325434438}