{"accuracy":0.8718712973933649,"confusion_matrix":{"sha256":"eca1f78b29a4b10290cf6218fa2e8ae3c14191fd5aa2c73d8ef6995a7b770176","size":61066,"path":"media/images/confusion_matrix_6_eca1f78b29a4b10290cf.png","format":"png","width":1000,"height":800,"_type":"image-file"},"_wandb":{"runtime":22},"loss":0.09308794976273914,"examples":{"path":"media/images/examples_7_3b17a40d3c0003481150.png","format":"png","width":1200,"height":600,"_type":"image-file","sha256":"3b17a40d3c0003481150ce3cd5e234db4ef06f1019885019f6a3fed9b4772b2e","size":23873},"val_accuracy":0.8655,"test_accuracy":0.8541,"_step":7,"epoch":4,"val_loss":0.09681794027175254,"_timestamp":1.7415489366097689e+09,"test_loss":0.10552436019500158,"_runtime":22.2879343}