{"_runtime":149.6855909,"val_accuracy":0.8481666666666666,"test_loss":0.48364772345506324,"loss":0.45190835735984364,"test_accuracy":0.8367,"_step":22,"epoch":19,"val_loss":0.45679919414989384,"_wandb":{"runtime":149},"confusion_matrix":{"sha256":"308109fd77ae109e65904cef60f899c0d77f484fc5381bf63ccefe45fb35af02","size":63124,"path":"media/images/confusion_matrix_21_308109fd77ae109e6590.png","format":"png","width":1000,"height":800,"_type":"image-file"},"examples":{"width":1200,"height":600,"_type":"image-file","sha256":"75cf3f2d6042056b9d89df460d23ed8f265f2d2a3c6eed2b5cf3bc7f22904ecc","size":29574,"path":"media/images/examples_22_75cf3f2d6042056b9d89.png","format":"png"},"accuracy":0.8527535051342813,"_timestamp":1.742121476069368e+09}