{"_step":12,"_runtime":41.5711855,"test_loss":0.1518870068344437,"test_accuracy":0.7957,"confusion_matrix":{"path":"media/images/confusion_matrix_11_ee02eb4c8650063b797f.png","format":"png","width":1000,"height":800,"_type":"image-file","sha256":"ee02eb4c8650063b797f316de90afbba1f8581f00c4e92555c9749cbfe55e014","size":62132},"_timestamp":1.7420647602295592e+09,"_wandb":{"runtime":41},"epoch":9,"loss":0.15255334434155896,"accuracy":0.7940054798578199,"val_loss":0.1452219772654129,"examples":{"_type":"image-file","sha256":"75cf3f2d6042056b9d89df460d23ed8f265f2d2a3c6eed2b5cf3bc7f22904ecc","size":29574,"path":"media/images/examples_12_75cf3f2d6042056b9d89.png","format":"png","width":1200,"height":600},"val_accuracy":0.8036666666666666}