{"confusion_matrix":{"width":1000,"height":800,"_type":"image-file","sha256":"2b3a05ec871c33689ee911aab8ce77044427c04bbb582f962239aca311c9a1be","size":45099,"path":"media/images/confusion_matrix_21_2b3a05ec871c33689ee9.png","format":"png"},"val_loss":2.302601529170539,"test_loss":2.3026122090563073,"_timestamp":1.7420697550115275e+09,"_step":22,"epoch":19,"val_accuracy":0.099,"test_accuracy":0.1,"examples":{"format":"png","width":1200,"height":600,"_type":"image-file","sha256":"75cf3f2d6042056b9d89df460d23ed8f265f2d2a3c6eed2b5cf3bc7f22904ecc","size":29574,"path":"media/images/examples_22_75cf3f2d6042056b9d89.png"},"_runtime":112.3080349,"_wandb":{"runtime":112},"loss":2.3026210423412428,"accuracy":0.09902621445497631}