{"accuracy":0.8953951915481833,"test_accuracy":0.87,"_step":12,"examples":{"format":"png","width":1200,"height":600,"_type":"image-file","sha256":"75cf3f2d6042056b9d89df460d23ed8f265f2d2a3c6eed2b5cf3bc7f22904ecc","size":29574,"path":"media/images/examples_12_75cf3f2d6042056b9d89.png"},"confusion_matrix":{"height":800,"_type":"image-file","sha256":"5c7ce1ecfa794b4de29ed2626637ea3f450bc4dbb219c673d1df8950bd622f54","size":61658,"path":"media/images/confusion_matrix_11_5c7ce1ecfa794b4de29e.png","format":"png","width":1000},"_wandb":{"runtime":77},"val_loss":0.08809778640760792,"_runtime":77.5973876,"loss":0.07618433889007713,"epoch":9,"val_accuracy":0.8778333333333334,"_timestamp":1.7420689878557038e+09,"test_loss":0.09390885670500734}