{"examples":{"path":"media/images/examples_12_3b17a40d3c0003481150.png","format":"png","width":1200,"height":600,"_type":"image-file","sha256":"3b17a40d3c0003481150ce3cd5e234db4ef06f1019885019f6a3fed9b4772b2e","size":23873},"_step":12,"loss":0.5202823903115849,"test_loss":0.5811138447953346,"val_accuracy":0.8295,"_wandb":{"runtime":23},"epoch":9,"test_accuracy":0.8153,"_runtime":23.6972378,"confusion_matrix":{"path":"media/images/confusion_matrix_11_bbd56a110d4074178953.png","format":"png","width":1000,"height":800,"_type":"image-file","sha256":"bbd56a110d40741789538fbf60ad052f28fdd2223689d2f99d2e3cbfc9c67517","size":64344},"accuracy":0.8347526658767772,"val_loss":0.5443912789889022,"_timestamp":1.7415521955615766e+09}