{"test_accuracy":0.8847,"test_loss":0.3568419092987466,"_timestamp":1.742071158063022e+09,"examples":{"width":1200,"height":600,"_type":"image-file","sha256":"75cf3f2d6042056b9d89df460d23ed8f265f2d2a3c6eed2b5cf3bc7f22904ecc","size":29574,"path":"media/images/examples_17_75cf3f2d6042056b9d89.png","format":"png"},"accuracy":0.9165247334123223,"confusion_matrix":{"_type":"image-file","sha256":"bfb17d599f00974feb857d49e2d93cb42ce9760d536c0e68a101126af3c744b5","size":61774,"path":"media/images/confusion_matrix_16_bfb17d599f00974feb85.png","format":"png","width":1000,"height":800},"val_loss":0.3205275426229368,"val_accuracy":0.8971666666666667,"_runtime":254.4630507,"epoch":14,"_step":17,"loss":0.2601144127413146,"_wandb":{"runtime":254}}