{"_step":7,"test_accuracy":0.8586,"_timestamp":1.7415383925588799e+09,"confusion_matrix":{"path":"media/images/confusion_matrix_6_aca9c9dbfc2cfd2631b1.png","format":"png","width":1000,"height":800,"_type":"image-file","sha256":"aca9c9dbfc2cfd2631b1c01432b1bbddd27649b38cea098ba40416574d6667f9","size":61321},"_wandb":{"runtime":44},"epoch":4,"test_loss":0.43253345960421014,"_runtime":44.1611798,"loss":0.3987665608667347,"accuracy":0.8700755331753555,"examples":{"format":"png","width":1200,"height":600,"_type":"image-file","sha256":"3b17a40d3c0003481150ce3cd5e234db4ef06f1019885019f6a3fed9b4772b2e","size":23873,"path":"media/images/examples_7_3b17a40d3c0003481150.png"},"val_loss":0.4047492229983049,"val_accuracy":0.8693333333333333}