{"loss":0.10732759739564154,"epoch":4,"_runtime":35.6373978,"accuracy":0.8538889711690363,"val_loss":0.10513691977297948,"_timestamp":1.7415305779738092e+09,"test_loss":0.11341433089870011,"examples":{"width":1200,"height":600,"_type":"image-file","sha256":"3b17a40d3c0003481150ce3cd5e234db4ef06f1019885019f6a3fed9b4772b2e","size":23873,"path":"media/images/examples_7_3b17a40d3c0003481150.png","format":"png"},"_wandb":{"runtime":35},"confusion_matrix":{"_type":"image-file","sha256":"9ac40d58b160722dde143c279f073ff3712de268b56e7acec1abe1c4046f2fb8","size":64863,"path":"media/images/confusion_matrix_6_9ac40d58b160722dde14.png","format":"png","width":1000,"height":800},"_step":7,"val_accuracy":0.857,"test_accuracy":0.8446}