{"_timestamp":1.7422121319536202e+09,"_runtime":312.4724064,"val_loss":0.3481789460171717,"test_accuracy":0.8781,"loss":0.26232665504476543,"epoch":19,"val_accuracy":0.8905,"confusion_matrix":{"_type":"image-file","sha256":"ee740c4ba92cd9753ff410630e67b17c7e5e65be63880d0b0ad2bba6b09b90e5","size":405495,"path":"media/images/confusion_matrix_44_ee740c4ba92cd9753ff4.png","format":"png","width":4447,"height":4163},"_wandb":{"runtime":313},"accuracy":0.9208074150868879,"test_loss":0.3717357279422793,"_step":45,"predictions":{"path":"media/images/predictions_45_c2358a90c3e04872ff87.png","format":"png","width":2250,"height":900,"_type":"image-file","sha256":"c2358a90c3e04872ff87f24e2a461dd4eb3b29795702a529189c8659bedab7ad","size":53111}}