{"val_loss":0.6557703985067125,"test_accuracy":0.7847,"_timestamp":1.7421436301928484e+09,"_step":22,"test_loss":0.6774166621106901,"loss":0.6520315940565226,"epoch":19,"confusion_matrix":{"sha256":"13f9304c4675fd3efea1c23f75c56902dd3c4e40b5534182efac521474ff9a44","size":62142,"path":"media/images/confusion_matrix_21_13f9304c4675fd3efea1.png","format":"png","width":1000,"height":800,"_type":"image-file"},"examples":{"format":"png","width":1200,"height":600,"_type":"image-file","sha256":"75cf3f2d6042056b9d89df460d23ed8f265f2d2a3c6eed2b5cf3bc7f22904ecc","size":29574,"path":"media/images/examples_22_75cf3f2d6042056b9d89.png"},"_runtime":136.2724639,"accuracy":0.7891797492101106,"val_accuracy":0.7936666666666666,"_wandb":{"runtime":136}}