{"_step":12,"val_accuracy":0.6196666666666667,"_runtime":30.2154118,"_wandb":{"runtime":30},"test_loss":0.31109180099878186,"confusion_matrix":{"_type":"image-file","sha256":"d598887710dadda8f9b60099f5a1550cb2026244af3bad40304463dc15951cfb","size":64207,"path":"media/images/confusion_matrix_11_d598887710dadda8f9b6.png","format":"png","width":1000,"height":800},"_timestamp":1.741548322194929e+09,"epoch":9,"accuracy":0.6026054008688784,"test_accuracy":0.6061,"examples":{"sha256":"3b17a40d3c0003481150ce3cd5e234db4ef06f1019885019f6a3fed9b4772b2e","size":23873,"path":"media/images/examples_12_3b17a40d3c0003481150.png","format":"png","width":1200,"height":600,"_type":"image-file"},"loss":0.31684596118592395,"val_loss":0.3078959290129236}