{"_step":7,"epoch":4,"_wandb":{"runtime":36},"examples":{"path":"media/images/examples_7_3b17a40d3c0003481150.png","format":"png","width":1200,"height":600,"_type":"image-file","sha256":"3b17a40d3c0003481150ce3cd5e234db4ef06f1019885019f6a3fed9b4772b2e","size":23873},"_runtime":36.3099626,"test_accuracy":0.8623,"accuracy":0.8908656694312796,"val_loss":0.0880081433889526,"_timestamp":1.7415457298032894e+09,"val_accuracy":0.8785,"test_loss":0.09753498757141744,"confusion_matrix":{"width":1000,"height":800,"_type":"image-file","sha256":"c5013585ece0a234bb751c90e12c3dcee94e57f36802727ff8de00f9f4e8d6a9","size":61072,"path":"media/images/confusion_matrix_6_c5013585ece0a234bb75.png","format":"png"},"loss":0.07860116102879224}