{"examples":{"path":"media/images/examples_12_3b17a40d3c0003481150.png","format":"png","width":1200,"height":600,"_type":"image-file","sha256":"3b17a40d3c0003481150ce3cd5e234db4ef06f1019885019f6a3fed9b4772b2e","size":23873},"_step":12,"val_loss":1.5246691615193526,"test_accuracy":0.5004,"_timestamp":1.7415482862492278e+09,"accuracy":0.4960320398894155,"_wandb":{"runtime":31},"_runtime":31.5333168,"test_loss":1.5329822382831626,"confusion_matrix":{"width":1000,"height":800,"_type":"image-file","sha256":"91c46cd5c4dd6d8df81c8fc28dae054286576a54e9ed40e6c07555145e953186","size":61278,"path":"media/images/confusion_matrix_11_91c46cd5c4dd6d8df81c.png","format":"png"},"val_accuracy":0.4995,"epoch":9,"loss":1.5635754686910455}