{"_step":12,"_runtime":64.9894347,"test_loss":0.09840916658531453,"val_accuracy":0.8821666666666667,"examples":{"width":1200,"height":600,"_type":"image-file","sha256":"3b17a40d3c0003481150ce3cd5e234db4ef06f1019885019f6a3fed9b4772b2e","size":23873,"path":"media/images/examples_12_3b17a40d3c0003481150.png","format":"png"},"_wandb":{"runtime":65},"_timestamp":1.7415801805771673e+09,"accuracy":0.8891254443127962,"test_accuracy":0.8663,"confusion_matrix":{"size":61770,"path":"media/images/confusion_matrix_11_8498a95750545f696636.png","format":"png","width":1000,"height":800,"_type":"image-file","sha256":"8498a95750545f6966364f11b3092f525b5300cec4a484799a70163feb6100ee"},"loss":0.0825979516214275,"epoch":9,"val_loss":0.08907289115779089}