{"test_loss":0.09845796579282007,"confusion_matrix":{"format":"png","width":1000,"height":800,"_type":"image-file","sha256":"3d8c6e68990fd9d2a6e6942d4d94b1cfbda02c55093a100cd940b27e18a209a8","size":60420,"path":"media/images/confusion_matrix_11_3d8c6e68990fd9d2a6e6.png"},"_timestamp":1.7415665979083035e+09,"_wandb":{"runtime":176},"epoch":9,"accuracy":0.8829814814814815,"loss":0.08555251463032054,"examples":{"_type":"image-file","sha256":"3b17a40d3c0003481150ce3cd5e234db4ef06f1019885019f6a3fed9b4772b2e","size":23873,"path":"media/images/examples_12_3b17a40d3c0003481150.png","format":"png","width":1200,"height":600},"_runtime":176.6743527,"val_loss":0.09234127994921469,"val_accuracy":0.8736666666666667,"test_accuracy":0.8629,"_step":12}