{"val_loss":0.3416967067800104,"examples":{"format":"png","width":1200,"height":600,"_type":"image-file","sha256":"75cf3f2d6042056b9d89df460d23ed8f265f2d2a3c6eed2b5cf3bc7f22904ecc","size":29574,"path":"media/images/examples_17_75cf3f2d6042056b9d89.png"},"val_accuracy":0.8835,"confusion_matrix":{"width":1000,"height":800,"_type":"image-file","sha256":"9408f54518b9f13f905c06d42ab0ecd02eaf2634d8376ef8924089bcd1206720","size":60963,"path":"media/images/confusion_matrix_16_9408f54518b9f13f905c.png","format":"png"},"_runtime":183.0538579,"_step":17,"test_loss":0.3759348003413982,"test_accuracy":0.8723,"loss":0.30299000876273297,"accuracy":0.9002517772511849,"_timestamp":1.7421434855697303e+09,"epoch":14,"_wandb":{"runtime":183}}