{"val_accuracy":0.10283333333333333,"test_accuracy":0.1,"_wandb":{"runtime":15},"examples":{"width":1200,"height":600,"_type":"image-file","sha256":"3b17a40d3c0003481150ce3cd5e234db4ef06f1019885019f6a3fed9b4772b2e","size":23873,"path":"media/images/examples_7_3b17a40d3c0003481150.png","format":"png"},"_step":7,"val_loss":2.302584495959998,"confusion_matrix":{"path":"media/images/confusion_matrix_6_f48973bcd5afde71a195.png","format":"png","width":1000,"height":800,"_type":"image-file","sha256":"f48973bcd5afde71a19530ed7e355e7c7695692b6412dec21399dad952c2fc8b","size":45194},"_runtime":15.8802898,"loss":2.302589098799642,"_timestamp":1.7415268328367357e+09,"test_loss":2.3025851048261567,"epoch":4,"accuracy":0.09797714257503949}