{"_timestamp":1.7415293208392246e+09,"test_accuracy":0.1,"_step":7,"test_loss":0.45000019896939203,"accuracy":0.09847082345971564,"_wandb":{"runtime":55},"_runtime":55.9714184,"epoch":4,"loss":0.4500004416930984,"examples":{"format":"png","width":1200,"height":600,"_type":"image-file","sha256":"3b17a40d3c0003481150ce3cd5e234db4ef06f1019885019f6a3fed9b4772b2e","size":23873,"path":"media/images/examples_7_3b17a40d3c0003481150.png"},"confusion_matrix":{"height":800,"_type":"image-file","sha256":"f48973bcd5afde71a19530ed7e355e7c7695692b6412dec21399dad952c2fc8b","size":45194,"path":"media/images/confusion_matrix_6_f48973bcd5afde71a195.png","format":"png","width":1000},"val_loss":0.4499983015517835,"val_accuracy":0.10283333333333333}