{"val_accuracy":0.8446666666666667,"confusion_matrix":{"format":"png","width":1000,"height":800,"_type":"image-file","sha256":"7d936192760941bc956aa79953622cd55766161d16c49c78ae2f42160b73012b","size":64212,"path":"media/images/confusion_matrix_6_7d936192760941bc956a.png"},"epoch":4,"test_loss":0.49148803503773936,"loss":0.4538538278759852,"_wandb":{"runtime":98},"val_loss":0.4562964959101513,"_runtime":98.4289645,"accuracy":0.8493148148148149,"test_accuracy":0.832,"_timestamp":1.741527400022157e+09,"examples":{"sha256":"3b17a40d3c0003481150ce3cd5e234db4ef06f1019885019f6a3fed9b4772b2e","size":23873,"path":"media/images/examples_7_3b17a40d3c0003481150.png","format":"png","width":1200,"height":600,"_type":"image-file"},"_step":7}