{"_runtime":18.8026611,"test_accuracy":0.8653,"accuracy":0.8823496741706162,"loss":0.0859308012951369,"val_loss":0.09090295348109963,"test_loss":0.09811744486484515,"examples":{"width":1200,"height":600,"_type":"image-file","sha256":"3b17a40d3c0003481150ce3cd5e234db4ef06f1019885019f6a3fed9b4772b2e","size":23873,"path":"media/images/examples_7_3b17a40d3c0003481150.png","format":"png"},"val_accuracy":0.8738333333333334,"_timestamp":1.741551048767466e+09,"_step":7,"confusion_matrix":{"size":62281,"path":"media/images/confusion_matrix_6_6002d495266b79c25de2.png","format":"png","width":1000,"height":800,"_type":"image-file","sha256":"6002d495266b79c25de24b1712a528ec5481c966f777d555458c436f68e50309"},"epoch":4,"_wandb":{"runtime":18}}