{"val_accuracy":0.8743333333333333,"loss":0.08814950974049628,"_timestamp":1.7415535768085158e+09,"_step":7,"confusion_matrix":{"height":800,"_type":"image-file","sha256":"741d3c5f172306311d974615e8a4431c5549cc206850a047740277aa99aa9c02","size":62548,"path":"media/images/confusion_matrix_6_741d3c5f172306311d97.png","format":"png","width":1000},"epoch":4,"_runtime":49.4268859,"examples":{"sha256":"3b17a40d3c0003481150ce3cd5e234db4ef06f1019885019f6a3fed9b4772b2e","size":23873,"path":"media/images/examples_7_3b17a40d3c0003481150.png","format":"png","width":1200,"height":600,"_type":"image-file"},"accuracy":0.8776111111111111,"val_loss":0.08986404769668098,"test_loss":0.09851211706579646,"_wandb":{"runtime":49},"test_accuracy":0.8613}