{"val_loss":0.08782824072378023,"_step":12,"test_accuracy":0.8735,"epoch":9,"loss":0.07389666714379746,"val_accuracy":0.8823333333333333,"test_loss":0.09332715298943446,"_runtime":205.5865479,"accuracy":0.8991851851851852,"_wandb":{"runtime":205},"_timestamp":1.7415625281989608e+09,"confusion_matrix":{"width":1000,"height":800,"_type":"image-file","sha256":"61b0406680ccf8030e9e80b5235fa5e8506fda225aa533fbd01f040abbf7bd77","size":60833,"path":"media/images/confusion_matrix_11_61b0406680ccf8030e9e.png","format":"png"},"examples":{"height":600,"_type":"image-file","sha256":"3b17a40d3c0003481150ce3cd5e234db4ef06f1019885019f6a3fed9b4772b2e","size":23873,"path":"media/images/examples_12_3b17a40d3c0003481150.png","format":"png","width":1200}}