{"test_loss":0.6358121488737759,"epoch":4,"test_accuracy":0.8249,"loss":0.6036665404905616,"_wandb":{"runtime":38},"examples":{"size":23873,"path":"media/images/examples_7_3b17a40d3c0003481150.png","format":"png","width":1200,"height":600,"_type":"image-file","sha256":"3b17a40d3c0003481150ce3cd5e234db4ef06f1019885019f6a3fed9b4772b2e"},"_timestamp":1.7415431278208203e+09,"_runtime":38.1412121,"_step":7,"val_loss":0.6121199394050526,"val_accuracy":0.8373333333333334,"accuracy":0.8338023301737756,"confusion_matrix":{"_type":"image-file","sha256":"de27be88f3c9724035370c8b486eedbb92633c0fd1e7191b283dddca94cdce94","size":63381,"path":"media/images/confusion_matrix_6_de27be88f3c972403537.png","format":"png","width":1000,"height":800}}