{"accuracy":0.8918468601895735,"confusion_matrix":{"height":800,"_type":"image-file","sha256":"300b084ccacba2c857ca8dabeaa33cebf786a5b413fa7d04e86a6ed2e693cb55","size":59029,"path":"media/images/confusion_matrix_11_300b084ccacba2c857ca.png","format":"png","width":1000},"loss":0.08023422221858076,"examples":{"path":"media/images/examples_12_3b17a40d3c0003481150.png","format":"png","width":1200,"height":600,"_type":"image-file","sha256":"3b17a40d3c0003481150ce3cd5e234db4ef06f1019885019f6a3fed9b4772b2e","size":23873},"_wandb":{"runtime":119},"test_accuracy":0.867,"val_accuracy":0.8813333333333333,"epoch":9,"test_loss":0.09580960429637643,"_timestamp":1.7415491563694181e+09,"_runtime":119.0242423,"_step":12,"val_loss":0.08666987288024773}