{"accuracy":0.7949743285939969,"examples":{"height":600,"_type":"image-file","sha256":"3b17a40d3c0003481150ce3cd5e234db4ef06f1019885019f6a3fed9b4772b2e","size":23873,"path":"media/images/examples_7_3b17a40d3c0003481150.png","format":"png","width":1200},"_wandb":{"runtime":37},"test_accuracy":0.8009,"val_accuracy":0.8165,"_timestamp":1.7415460429431531e+09,"epoch":4,"loss":0.14166172702600097,"_runtime":37.2781747,"_step":7,"confusion_matrix":{"path":"media/images/confusion_matrix_6_f53ce6ddf52fd4cf1eb7.png","format":"png","width":1000,"height":800,"_type":"image-file","sha256":"f53ce6ddf52fd4cf1eb78cdbccce389f86b4add3859ba27631cdef64ecec8e11","size":64108},"val_loss":0.13432773769301282,"test_loss":0.1426665848852088}