{"_runtime":110.8637001,"epoch":9,"_timestamp":1.7421275142182522e+09,"confusion_matrix":{"_type":"image-file","sha256":"2a4f4dd1c58b98e3dc7617a7733f3ef233d0dfd0dd4bd87385d8e1d06b7703db","size":61466,"path":"media/images/confusion_matrix_11_2a4f4dd1c58b98e3dc76.png","format":"png","width":1000,"height":800},"examples":{"path":"media/images/examples_12_75cf3f2d6042056b9d89.png","format":"png","width":1200,"height":600,"_type":"image-file","sha256":"75cf3f2d6042056b9d89df460d23ed8f265f2d2a3c6eed2b5cf3bc7f22904ecc","size":29574},"val_accuracy":0.8798333333333334,"_wandb":{"runtime":110},"test_accuracy":0.8665,"test_loss":0.4543086296374119,"accuracy":0.8893105746445498,"val_loss":0.42357752153206724,"loss":0.39383547758708165,"_step":12}