{"loss":2.302587752566159,"_timestamp":1.741525076226349e+09,"examples":{"width":1200,"height":600,"_type":"image-file","sha256":"3b17a40d3c0003481150ce3cd5e234db4ef06f1019885019f6a3fed9b4772b2e","size":23873,"path":"media/images/examples_7_3b17a40d3c0003481150.png","format":"png"},"accuracy":0.09939647511848342,"confusion_matrix":{"format":"png","width":1000,"height":800,"_type":"image-file","sha256":"3ef7f6662e931db033869ffed0cbb0de5417f0cd712e3c31b12b58e814e01d4a","size":45130,"path":"media/images/confusion_matrix_6_3ef7f6662e931db03386.png"},"val_loss":2.302596967312036,"test_loss":2.302585441412282,"_step":7,"val_accuracy":0.102,"_runtime":64.1975752,"test_accuracy":0.1,"_wandb":{"runtime":64},"epoch":4}