{"accuracy":0.8681872037914692,"val_loss":0.37785049423718026,"_timestamp":1.7415282420166962e+09,"epoch":9,"test_loss":0.4080198284432362,"loss":0.3907225983785482,"val_accuracy":0.8736666666666667,"examples":{"_type":"image-file","sha256":"3b17a40d3c0003481150ce3cd5e234db4ef06f1019885019f6a3fed9b4772b2e","size":23873,"path":"media/images/examples_12_3b17a40d3c0003481150.png","format":"png","width":1200,"height":600},"_runtime":22.5607759,"confusion_matrix":{"path":"media/images/confusion_matrix_11_c434d0317db9d01ca641.png","format":"png","width":1000,"height":800,"_type":"image-file","sha256":"c434d0317db9d01ca641f32fd58d5929392b092818b132b4e93d8701be39538c","size":61790},"_step":12,"test_accuracy":0.8623,"_wandb":{"runtime":22}}