{"loss":0.3260635180023691,"examples":{"width":1200,"height":600,"_type":"image-file","sha256":"3b17a40d3c0003481150ce3cd5e234db4ef06f1019885019f6a3fed9b4772b2e","size":23873,"path":"media/images/examples_12_3b17a40d3c0003481150.png","format":"png"},"accuracy":0.8919579383886256,"_wandb":{"runtime":218},"val_loss":0.34499173153677276,"test_accuracy":0.8725,"_runtime":218.719177,"epoch":9,"_step":12,"test_loss":0.3753262602889105,"confusion_matrix":{"width":1000,"height":800,"_type":"image-file","sha256":"d3893e9d93bbe6b62da82fc9c6ca656a8ec0bc5f9ca4b368fadc4e56107eaa9b","size":61204,"path":"media/images/confusion_matrix_11_d3893e9d93bbe6b62da8.png","format":"png"},"val_accuracy":0.882,"_timestamp":1.7415415037336056e+09}