{"test_loss":0.3899469516576226,"accuracy":0.8952777777777777,"_step":12,"_runtime":235.472595,"examples":{"_type":"image-file","sha256":"75cf3f2d6042056b9d89df460d23ed8f265f2d2a3c6eed2b5cf3bc7f22904ecc","size":29574,"path":"media/images/examples_12_75cf3f2d6042056b9d89.png","format":"png","width":1200,"height":600},"confusion_matrix":{"sha256":"904091274dbee6f21751ec991f384e13b324aa1cb4e92fb6c1598eb4dfcfac25","size":61011,"path":"media/images/confusion_matrix_11_904091274dbee6f21751.png","format":"png","width":1000,"height":800,"_type":"image-file"},"test_accuracy":0.876,"loss":0.3413377458009705,"val_loss":0.3757112981625614,"_timestamp":1.7421239953455663e+09,"epoch":9,"val_accuracy":0.8825,"_wandb":{"runtime":235}}