{"val_loss":0.4502012767381112,"_runtime":15.6562278,"_step":7,"epoch":4,"val_accuracy":0.102,"_timestamp":1.7415292095246623e+09,"_wandb":{"runtime":15},"test_loss":0.450134324975859,"confusion_matrix":{"width":1000,"height":800,"_type":"image-file","sha256":"3ef7f6662e931db033869ffed0cbb0de5417f0cd712e3c31b12b58e814e01d4a","size":45130,"path":"media/images/confusion_matrix_6_3ef7f6662e931db03386.png","format":"png"},"test_accuracy":0.1,"accuracy":0.09723045023696683,"examples":{"height":600,"_type":"image-file","sha256":"3b17a40d3c0003481150ce3cd5e234db4ef06f1019885019f6a3fed9b4772b2e","size":23873,"path":"media/images/examples_7_3b17a40d3c0003481150.png","format":"png","width":1200},"loss":0.45022662305345723}