{"test_accuracy":0.1,"val_loss":0.45004223129384546,"loss":0.450032319569061,"_wandb":{"runtime":47},"confusion_matrix":{"size":45097,"path":"media/images/confusion_matrix_11_91eb09b754bbe0d0ea4d.png","format":"png","width":1000,"height":800,"_type":"image-file","sha256":"91eb09b754bbe0d0ea4dedd12a6ec44170e69fad5ffdc1b05864d80bdbfee956"},"epoch":9,"_runtime":47.072234,"_step":12,"examples":{"path":"media/images/examples_12_3b17a40d3c0003481150.png","format":"png","width":1200,"height":600,"_type":"image-file","sha256":"3b17a40d3c0003481150ce3cd5e234db4ef06f1019885019f6a3fed9b4772b2e","size":23873},"val_accuracy":0.09733333333333333,"_timestamp":1.741548111121523e+09,"test_loss":0.45003124043538373,"accuracy":0.1002962962962963}