{"val_accuracy":0.8895,"_step":12,"_wandb":{"runtime":158},"epoch":9,"accuracy":0.8989928909952607,"test_accuracy":0.8739,"confusion_matrix":{"size":60392,"path":"media/images/confusion_matrix_11_8b2c6b2a27503be03944.png","format":"png","width":1000,"height":800,"_type":"image-file","sha256":"8b2c6b2a27503be039447b56c046434165da5e8d5b0b408f5579773812e9e6ea"},"val_loss":0.08191938395503011,"loss":0.07367548990284345,"_runtime":158.5611467,"test_loss":0.09030798178457759,"_timestamp":1.7415622477515004e+09,"examples":{"height":600,"_type":"image-file","sha256":"3b17a40d3c0003481150ce3cd5e234db4ef06f1019885019f6a3fed9b4772b2e","size":23873,"path":"media/images/examples_12_3b17a40d3c0003481150.png","format":"png","width":1200}}