{"test_loss":0.4366300167114741,"test_accuracy":0.8719,"confusion_matrix":{"sha256":"e29333204a849ae27b49f2f73c8ba18f41089cf446a4918281d6c25f3c823b38","size":61419,"path":"media/images/confusion_matrix_16_e29333204a849ae27b49.png","format":"png","width":1000,"height":800,"_type":"image-file"},"accuracy":0.9052317831753555,"_timestamp":1.7421266049427762e+09,"_step":17,"val_loss":0.39124792410899795,"val_accuracy":0.8855,"epoch":14,"_wandb":{"runtime":194},"loss":0.32978566860029673,"_runtime":194.0945983,"examples":{"size":29574,"path":"media/images/examples_17_75cf3f2d6042056b9d89.png","format":"png","width":1200,"height":600,"_type":"image-file","sha256":"75cf3f2d6042056b9d89df460d23ed8f265f2d2a3c6eed2b5cf3bc7f22904ecc"}}