{"_runtime":21.1722372,"epoch":4,"val_loss":0.08820567846491376,"confusion_matrix":{"size":60029,"path":"media/images/confusion_matrix_6_421d1eedd2a3798f0ea9.png","format":"png","width":1000,"height":800,"_type":"image-file","sha256":"421d1eedd2a3798f0ea9cfd93ac25c9c8ebfabe982e7125330670ebaeaa47373"},"_wandb":{"runtime":21},"val_accuracy":0.8755,"_timestamp":1.7415683478592172e+09,"loss":0.08593680894610703,"test_accuracy":0.8659,"_step":7,"examples":{"sha256":"3b17a40d3c0003481150ce3cd5e234db4ef06f1019885019f6a3fed9b4772b2e","size":23873,"path":"media/images/examples_7_3b17a40d3c0003481150.png","format":"png","width":1200,"height":600,"_type":"image-file"},"accuracy":0.8808377764612955,"test_loss":0.09596148244132936}