{"confusion_matrix":{"format":"png","width":1000,"height":800,"_type":"image-file","sha256":"1d2e8e16444a39aee79f1432a807c53ade39c74ea5250b8d04cc0303ef7fb3d0","size":65000,"path":"media/images/confusion_matrix_21_1d2e8e16444a39aee79f.png"},"test_accuracy":0.8003,"_wandb":{"runtime":190},"_step":22,"loss":0.5721177243913689,"examples":{"format":"png","width":1200,"height":600,"_type":"image-file","sha256":"75cf3f2d6042056b9d89df460d23ed8f265f2d2a3c6eed2b5cf3bc7f22904ecc","size":29574,"path":"media/images/examples_22_75cf3f2d6042056b9d89.png"},"val_loss":0.5598597345191275,"test_loss":0.5919570682909125,"epoch":19,"val_accuracy":0.8175,"accuracy":0.8102407407407407,"_timestamp":1.7421197205830822e+09,"_runtime":190.0295992}