{"epoch":4,"accuracy":0.8850032089257505,"val_loss":0.09509492378949891,"_wandb":{"runtime":47},"_step":7,"confusion_matrix":{"_type":"image-file","sha256":"84f0baa3379026f8c05f15bf10e8077e795940237192d68701d5ac1f5e8b8dfc","size":60716,"path":"media/images/confusion_matrix_6_84f0baa3379026f8c05f.png","format":"png","width":1000,"height":800},"val_accuracy":0.8683333333333333,"_timestamp":1.7415577385739415e+09,"test_loss":0.10269050311499155,"loss":0.08295018846766065,"test_accuracy":0.8555,"examples":{"path":"media/images/examples_7_3b17a40d3c0003481150.png","format":"png","width":1200,"height":600,"_type":"image-file","sha256":"3b17a40d3c0003481150ce3cd5e234db4ef06f1019885019f6a3fed9b4772b2e","size":23873},"_runtime":47.7804296}