{"confusion_matrix":{"height":800,"_type":"image-file","sha256":"2d0948831e34564f3e6b38c9acf7a214a3d7d4856fbb57d8019b64a0782313c9","size":61002,"path":"media/images/confusion_matrix_21_2d0948831e34564f3e6b.png","format":"png","width":1000},"val_accuracy":0.8948333333333334,"accuracy":0.920412470379147,"_step":22,"test_loss":0.36003911674536504,"epoch":19,"examples":{"height":600,"_type":"image-file","sha256":"75cf3f2d6042056b9d89df460d23ed8f265f2d2a3c6eed2b5cf3bc7f22904ecc","size":29574,"path":"media/images/examples_22_75cf3f2d6042056b9d89.png","format":"png","width":1200},"_runtime":204.488432,"loss":0.25711554021360583,"_timestamp":1.7421358084789054e+09,"_wandb":{"runtime":204},"val_loss":0.32567463978688443,"test_accuracy":0.8826}