{"epoch":9,"_runtime":104.1432312,"val_loss":0.36292713131720544,"_timestamp":1.741538341829302e+09,"confusion_matrix":{"_type":"image-file","sha256":"bfa6fe040c25df327da7026d83932afbd557216e8f3ba2a15530b769b46a73fd","size":62412,"path":"media/images/confusion_matrix_11_bfa6fe040c25df327da7.png","format":"png","width":1000,"height":800},"_wandb":{"runtime":104},"loss":0.3591940345436625,"test_loss":0.3919782762360044,"test_accuracy":0.8716,"accuracy":0.8839232819905213,"examples":{"format":"png","width":1200,"height":600,"_type":"image-file","sha256":"3b17a40d3c0003481150ce3cd5e234db4ef06f1019885019f6a3fed9b4772b2e","size":23873,"path":"media/images/examples_12_3b17a40d3c0003481150.png"},"val_accuracy":0.8781666666666667,"_step":12}