{"val_loss":0.3397440836890045,"test_accuracy":0.8762,"confusion_matrix":{"size":60703,"path":"media/images/confusion_matrix_11_94fcd816463fa8ae26e1.png","format":"png","width":1000,"height":800,"_type":"image-file","sha256":"94fcd816463fa8ae26e185c0a2b8bd26b3dadb2aeefa204d01e82f49d9785da3"},"_step":12,"loss":0.2943767713172345,"_timestamp":1.7415676918999717e+09,"_wandb":{"runtime":90},"test_loss":0.3806922205353076,"_runtime":90.751142,"accuracy":0.9031027843601895,"epoch":9,"examples":{"format":"png","width":1200,"height":600,"_type":"image-file","sha256":"3b17a40d3c0003481150ce3cd5e234db4ef06f1019885019f6a3fed9b4772b2e","size":23873,"path":"media/images/examples_12_3b17a40d3c0003481150.png"},"val_accuracy":0.8905}