{"_runtime":58.8313297,"confusion_matrix":{"_type":"image-file","sha256":"381edc23ce9533f8d788f0a186a34e4328f8a23ebba4b533070427c5352b4d45","size":62434,"path":"media/images/confusion_matrix_11_381edc23ce9533f8d788.png","format":"png","width":1000,"height":800},"examples":{"format":"png","width":1200,"height":600,"_type":"image-file","sha256":"3b17a40d3c0003481150ce3cd5e234db4ef06f1019885019f6a3fed9b4772b2e","size":23873,"path":"media/images/examples_12_3b17a40d3c0003481150.png"},"accuracy":0.8808686315165877,"val_accuracy":0.8708333333333333,"_timestamp":1.7415685973012493e+09,"test_accuracy":0.8609,"_wandb":{"runtime":58},"_step":12,"test_loss":0.10138642178886201,"epoch":9,"loss":0.08789773007785545,"val_loss":0.09340617309944846}