{"examples":{"format":"png","width":1200,"height":600,"_type":"image-file","sha256":"75cf3f2d6042056b9d89df460d23ed8f265f2d2a3c6eed2b5cf3bc7f22904ecc","size":29574,"path":"media/images/examples_17_75cf3f2d6042056b9d89.png"},"epoch":14,"loss":0.6125360123067479,"val_accuracy":0.8018333333333333,"test_accuracy":0.7932,"confusion_matrix":{"width":1000,"height":800,"_type":"image-file","sha256":"49d9568c59751ec72dd3e2117e2092fee1eb0bbb59572a5e3517fbb1a718e6ba","size":63310,"path":"media/images/confusion_matrix_16_49d9568c59751ec72dd3.png","format":"png"},"val_loss":0.6137228490432157,"_timestamp":1.7421456124331884e+09,"_runtime":246.3921375,"_step":17,"_wandb":{"runtime":246},"test_loss":0.63025760749537,"accuracy":0.7970601303317536}