{"_wandb":{"runtime":76},"val_accuracy":0.10283333333333333,"epoch":14,"val_loss":2.302585759398998,"_timestamp":1.7420713385540385e+09,"examples":{"path":"media/images/examples_17_75cf3f2d6042056b9d89.png","format":"png","width":1200,"height":600,"_type":"image-file","sha256":"75cf3f2d6042056b9d89df460d23ed8f265f2d2a3c6eed2b5cf3bc7f22904ecc","size":29574},"loss":2.302590577390379,"confusion_matrix":{"format":"png","width":1000,"height":800,"_type":"image-file","sha256":"f48973bcd5afde71a19530ed7e355e7c7695692b6412dec21399dad952c2fc8b","size":45194,"path":"media/images/confusion_matrix_16_f48973bcd5afde71a195.png"},"accuracy":0.09700829383886256,"_step":17,"test_accuracy":0.1,"_runtime":76.7818235,"test_loss":2.302585192938572}