{"confusion_matrix":{"_type":"image-file","sha256":"3ef7f6662e931db033869ffed0cbb0de5417f0cd712e3c31b12b58e814e01d4a","size":45130,"path":"media/images/confusion_matrix_11_3ef7f6662e931db03386.png","format":"png","width":1000,"height":800},"val_loss":2.302574625846659,"_runtime":63.9213847,"_timestamp":1.7421111729511917e+09,"val_accuracy":0.102,"examples":{"format":"png","width":1200,"height":600,"_type":"image-file","sha256":"75cf3f2d6042056b9d89df460d23ed8f265f2d2a3c6eed2b5cf3bc7f22904ecc","size":29574,"path":"media/images/examples_12_75cf3f2d6042056b9d89.png"},"loss":2.30258343041504,"test_accuracy":0.1,"_wandb":{"runtime":63},"_step":12,"epoch":9,"accuracy":0.10134651461295419,"test_loss":2.3025854797009253}