{"confusion_matrix":{"sha256":"c45734bfe4bf1f4423c5bed05df3c64c24fb4078adb4994b89ad816b5246c5ec","size":60535,"path":"media/images/confusion_matrix_16_c45734bfe4bf1f4423c5.png","format":"png","width":1000,"height":800,"_type":"image-file"},"epoch":14,"loss":0.3167647805186845,"examples":{"sha256":"75cf3f2d6042056b9d89df460d23ed8f265f2d2a3c6eed2b5cf3bc7f22904ecc","size":29574,"path":"media/images/examples_17_75cf3f2d6042056b9d89.png","format":"png","width":1200,"height":600,"_type":"image-file"},"val_loss":0.34593439318640334,"_timestamp":1.7421147020221214e+09,"_runtime":208.21269,"_step":17,"test_accuracy":0.8725,"_wandb":{"runtime":208},"accuracy":0.8984629629629629,"val_accuracy":0.8841666666666667,"test_loss":0.3794111475810597}