{"_runtime":136.4928084,"examples":{"height":600,"_type":"image-file","sha256":"3b17a40d3c0003481150ce3cd5e234db4ef06f1019885019f6a3fed9b4772b2e","size":23873,"path":"media/images/examples_7_3b17a40d3c0003481150.png","format":"png","width":1200},"epoch":4,"loss":0.08717381525100021,"accuracy":0.8813148148148148,"val_loss":0.09568090627179215,"_timestamp":1.741557212340626e+09,"confusion_matrix":{"_type":"image-file","sha256":"c582fb9f12412c63ec16799204cb921f61939c2e24951f01fe8106ec523aad71","size":60233,"path":"media/images/confusion_matrix_6_c582fb9f12412c63ec16.png","format":"png","width":1000,"height":800},"test_accuracy":0.86,"test_loss":0.10341230465544629,"_step":7,"val_accuracy":0.8691666666666666,"_wandb":{"runtime":136}}