{"_timestamp":1.7415628008376937e+09,"accuracy":0.8795542061611374,"test_loss":0.4355996336169115,"val_accuracy":0.8606666666666667,"test_accuracy":0.8546,"confusion_matrix":{"_type":"image-file","sha256":"35fe85b74dc5ffc012e73b7f815495eb3ab12549269c4d74f2da248dfd744f2b","size":62448,"path":"media/images/confusion_matrix_6_35fe85b74dc5ffc012e7.png","format":"png","width":1000,"height":800},"loss":0.3579618727948501,"epoch":4,"val_loss":0.40312703116710297,"_runtime":28.2508452,"examples":{"_type":"image-file","sha256":"3b17a40d3c0003481150ce3cd5e234db4ef06f1019885019f6a3fed9b4772b2e","size":23873,"path":"media/images/examples_7_3b17a40d3c0003481150.png","format":"png","width":1200,"height":600},"_step":7,"_wandb":{"runtime":28}}