{"confusion_matrix":{"width":1000,"height":800,"_type":"image-file","sha256":"3464b5ff851ac7c83faefcdd8d5759c0c5298929b1318072e541c2a21eb379ad","size":63323,"path":"media/images/confusion_matrix_11_3464b5ff851ac7c83fae.png","format":"png"},"val_accuracy":0.851,"_timestamp":1.7415281099879787e+09,"_step":12,"accuracy":0.8457864336492891,"val_loss":0.11057898011351146,"epoch":9,"loss":0.11436966759051506,"test_loss":0.11957316700781191,"_runtime":39.0328864,"_wandb":{"runtime":39},"test_accuracy":0.8381,"examples":{"_type":"image-file","sha256":"3b17a40d3c0003481150ce3cd5e234db4ef06f1019885019f6a3fed9b4772b2e","size":23873,"path":"media/images/examples_12_3b17a40d3c0003481150.png","format":"png","width":1200,"height":600}}