{"epoch":14,"val_accuracy":0.9738333333333333,"_runtime":399.5959782,"confusion_matrix":{"sha256":"adc871b12eb4e53ada3b6e3846a07bbf0b039cf1dba2d46c5a9961232aa2a0c5","size":295318,"path":"media/images/confusion_matrix_16_adc871b12eb4e53ada3b.png","format":"png","width":4425,"height":4164,"_type":"image-file"},"_wandb":{"runtime":399},"accuracy":0.9887407407407407,"val_loss":0.10930409767088352,"_step":17,"test_accuracy":0.9752,"predictions":{"size":28747,"path":"media/images/predictions_17_9ab259e8a1645cadf567.png","format":"png","width":2250,"height":900,"_type":"image-file","sha256":"9ab259e8a1645cadf56776177091467fb268ff7756dd9e38481c7a7b02883763"},"test_loss":0.10922526042197998,"loss":0.04959592112781615,"_timestamp":1.7422183622378054e+09}