{"_step":7,"accuracy":0.8331605450236966,"val_accuracy":0.837,"_runtime":40.452519,"loss":0.5349954862271564,"_wandb":{"runtime":40},"confusion_matrix":{"format":"png","width":1000,"height":800,"_type":"image-file","sha256":"a3caa86fe05f28d33ee015a6e0795f6f8f80aff195f7f18c999a6d76c528f05c","size":62369,"path":"media/images/confusion_matrix_6_a3caa86fe05f28d33ee0.png"},"_timestamp":1.7415433102012777e+09,"test_loss":0.5549516098699971,"test_accuracy":0.8272,"epoch":4,"examples":{"_type":"image-file","sha256":"3b17a40d3c0003481150ce3cd5e234db4ef06f1019885019f6a3fed9b4772b2e","size":23873,"path":"media/images/examples_7_3b17a40d3c0003481150.png","format":"png","width":1200,"height":600},"val_loss":0.5273368305937887}