{"confusion_matrix":{"path":"media/images/confusion_matrix_11_d03c5301733dc0df2a65.png","format":"png","width":1000,"height":800,"_type":"image-file","sha256":"d03c5301733dc0df2a6555e0ceefc7bb009cf78e00d902ae30aa3cd773bd67c0","size":59929},"accuracy":0.898,"_wandb":{"runtime":344},"loss":0.321110281543634,"_timestamp":1.74155286299052e+09,"epoch":9,"val_loss":0.3919356163144933,"test_loss":0.43366041373648423,"test_accuracy":0.8629,"examples":{"sha256":"3b17a40d3c0003481150ce3cd5e234db4ef06f1019885019f6a3fed9b4772b2e","size":23873,"path":"media/images/examples_12_3b17a40d3c0003481150.png","format":"png","width":1200,"height":600,"_type":"image-file"},"val_accuracy":0.8763333333333333,"_runtime":344.7971291,"_step":12}