{"val_loss":0.38867345342444226,"test_accuracy":0.8714,"examples":{"sha256":"75cf3f2d6042056b9d89df460d23ed8f265f2d2a3c6eed2b5cf3bc7f22904ecc","size":29574,"path":"media/images/examples_22_75cf3f2d6042056b9d89.png","format":"png","width":1200,"height":600,"_type":"image-file"},"_step":22,"epoch":19,"accuracy":0.8894074074074074,"confusion_matrix":{"path":"media/images/confusion_matrix_21_552b534761c3ac62501b.png","format":"png","width":1000,"height":800,"_type":"image-file","sha256":"552b534761c3ac62501b0364b421486ce0e8e66f71f676dfc27dac93ca80a6f4","size":61683},"loss":0.35789061491688406,"_wandb":{"runtime":93},"_runtime":93.4154749,"val_accuracy":0.8748333333333334,"test_loss":0.41491166203866114,"_timestamp":1.7421186033629487e+09}