{"val_accuracy":0.09833333333333333,"test_accuracy":0.1,"epoch":14,"_step":17,"loss":0.4502967078938499,"test_loss":0.45007985883455714,"val_loss":0.45004144973953164,"accuracy":0.09722427922590837,"_runtime":54.7069647,"examples":{"sha256":"75cf3f2d6042056b9d89df460d23ed8f265f2d2a3c6eed2b5cf3bc7f22904ecc","size":29574,"path":"media/images/examples_17_75cf3f2d6042056b9d89.png","format":"png","width":1200,"height":600,"_type":"image-file"},"_timestamp":1.7420708869758697e+09,"confusion_matrix":{"path":"media/images/confusion_matrix_16_678dbf882bb444178ce8.png","format":"png","width":1000,"height":800,"_type":"image-file","sha256":"678dbf882bb444178ce8d74ee29d67ca68cce3b26ffefff6003501f2be5d4808","size":45059},"_wandb":{"runtime":54}}