{"accuracy":0.8720934537914692,"test_accuracy":0.8494,"_wandb":{"runtime":29},"confusion_matrix":{"height":800,"_type":"image-file","sha256":"79420c08953726f6ae9e89b4ead023aa912382f609d9dd0c80951b32d45730de","size":63807,"path":"media/images/confusion_matrix_11_79420c08953726f6ae9e.png","format":"png","width":1000},"val_loss":0.09947596309300578,"_timestamp":1.7415569562555256e+09,"examples":{"sha256":"3b17a40d3c0003481150ce3cd5e234db4ef06f1019885019f6a3fed9b4772b2e","size":23873,"path":"media/images/examples_12_3b17a40d3c0003481150.png","format":"png","width":1200,"height":600,"_type":"image-file"},"test_loss":0.11024235708871863,"loss":0.09432794561198463,"val_accuracy":0.865,"_runtime":29.2201717,"epoch":9,"_step":12}