{"test_loss":0.45006250038200296,"val_loss":0.4500331398956569,"_wandb":{"runtime":92},"val_accuracy":0.10283333333333333,"test_accuracy":0.1,"_timestamp":1.7415291813020782e+09,"_runtime":92.8695036,"confusion_matrix":{"format":"png","width":1000,"height":800,"_type":"image-file","sha256":"f48973bcd5afde71a19530ed7e355e7c7695692b6412dec21399dad952c2fc8b","size":45194,"path":"media/images/confusion_matrix_6_f48973bcd5afde71a195.png"},"loss":0.45015992778944375,"examples":{"height":600,"_type":"image-file","sha256":"3b17a40d3c0003481150ce3cd5e234db4ef06f1019885019f6a3fed9b4772b2e","size":23873,"path":"media/images/examples_7_3b17a40d3c0003481150.png","format":"png","width":1200},"epoch":4,"accuracy":0.10061833530805687,"_step":7}