{"val_accuracy":0.8858333333333334,"_wandb":{"runtime":50},"test_loss":0.09522169930566071,"confusion_matrix":{"_type":"image-file","sha256":"af73f36036a4afa5424bb76083029ac59401a2c4924b27b58410f590a04b9659","size":61498,"path":"media/images/confusion_matrix_11_af73f36036a4afa5424b.png","format":"png","width":1000,"height":800},"_step":12,"val_loss":0.08763046760824107,"accuracy":0.8903473045023697,"loss":0.08100834767492698,"test_accuracy":0.8744,"examples":{"sha256":"3b17a40d3c0003481150ce3cd5e234db4ef06f1019885019f6a3fed9b4772b2e","size":23873,"path":"media/images/examples_12_3b17a40d3c0003481150.png","format":"png","width":1200,"height":600,"_type":"image-file"},"_runtime":50.9227124,"_timestamp":1.7415516631644282e+09,"epoch":9}