{"accuracy":0.8745742002369669,"test_accuracy":0.8624,"test_loss":0.4064120291789071,"val_loss":0.3658484198222854,"loss":0.37553929633091315,"examples":{"width":1200,"height":600,"_type":"image-file","sha256":"3b17a40d3c0003481150ce3cd5e234db4ef06f1019885019f6a3fed9b4772b2e","size":23873,"path":"media/images/examples_7_3b17a40d3c0003481150.png","format":"png"},"confusion_matrix":{"height":800,"_type":"image-file","sha256":"603bd6b174d799ffc197a1582d19a55e0da70fe473dd9acd0ecb39e6473f2fee","size":60443,"path":"media/images/confusion_matrix_6_603bd6b174d799ffc197.png","format":"png","width":1000},"val_accuracy":0.8766666666666667,"_step":7,"_timestamp":1.741557555670848e+09,"epoch":4,"_wandb":{"runtime":50},"_runtime":50.6167829}