{"test_accuracy":0.8697,"loss":0.28166231749646686,"val_loss":0.347556067109927,"confusion_matrix":{"_type":"image-file","sha256":"b27ec1e6bcba03cd5c4c80509de23ce7efa078be682690b177ac1973837254ce","size":59763,"path":"media/images/confusion_matrix_21_b27ec1e6bcba03cd5c4c.png","format":"png","width":1000,"height":800},"_timestamp":1.7421114778624089e+09,"examples":{"width":1200,"height":600,"_type":"image-file","sha256":"75cf3f2d6042056b9d89df460d23ed8f265f2d2a3c6eed2b5cf3bc7f22904ecc","size":29574,"path":"media/images/examples_22_75cf3f2d6042056b9d89.png","format":"png"},"_step":22,"accuracy":0.9108967713270142,"_runtime":214.4152444,"val_accuracy":0.8818333333333334,"_wandb":{"runtime":214},"epoch":19,"test_loss":0.379841838572482}