{"accuracy":0.9206839948657187,"_timestamp":1.7421107304293215e+09,"_wandb":{"runtime":149},"_step":22,"test_accuracy":0.8796,"val_loss":0.3604079302297502,"val_accuracy":0.8848333333333334,"loss":0.2594259092094751,"_runtime":149.4765967,"test_loss":0.38982413538799926,"examples":{"width":1200,"height":600,"_type":"image-file","sha256":"75cf3f2d6042056b9d89df460d23ed8f265f2d2a3c6eed2b5cf3bc7f22904ecc","size":29574,"path":"media/images/examples_22_75cf3f2d6042056b9d89.png","format":"png"},"epoch":19,"confusion_matrix":{"sha256":"b6bf581d415fd296b98b890544bf8b798e276f6660e7a686e499a47df92332b2","size":60867,"path":"media/images/confusion_matrix_21_b6bf581d415fd296b98b.png","format":"png","width":1000,"height":800,"_type":"image-file"}}