{"confusion_matrix":{"path":"media/images/confusion_matrix_21_01c2ca5676f41754466a.png","format":"png","width":1000,"height":800,"_type":"image-file","sha256":"01c2ca5676f41754466a279e853459d7b7e450ebbb0c93d9b9bdf3cbace953e3","size":60110},"_wandb":{"runtime":253},"accuracy":0.9178206457345972,"test_accuracy":0.8716,"_timestamp":1.742120780765597e+09,"val_accuracy":0.8806666666666667,"examples":{"format":"png","width":1200,"height":600,"_type":"image-file","sha256":"75cf3f2d6042056b9d89df460d23ed8f265f2d2a3c6eed2b5cf3bc7f22904ecc","size":29574,"path":"media/images/examples_22_75cf3f2d6042056b9d89.png"},"epoch":19,"val_loss":0.3495637345382963,"_runtime":253.3333815,"loss":0.2560000215446638,"_step":22,"test_loss":0.37199856454467806}