{"loss":2.303396997740037,"val_loss":2.30250956095021,"accuracy":0.09964331556082148,"_runtime":19.2277362,"test_accuracy":0.1,"test_loss":2.3028808272268693,"val_accuracy":0.102,"epoch":4,"confusion_matrix":{"_type":"image-file","sha256":"3ef7f6662e931db033869ffed0cbb0de5417f0cd712e3c31b12b58e814e01d4a","size":45130,"path":"media/images/confusion_matrix_6_3ef7f6662e931db03386.png","format":"png","width":1000,"height":800},"_wandb":{"runtime":19},"_timestamp":1.741544747885798e+09,"_step":7,"examples":{"sha256":"3b17a40d3c0003481150ce3cd5e234db4ef06f1019885019f6a3fed9b4772b2e","size":23873,"path":"media/images/examples_7_3b17a40d3c0003481150.png","format":"png","width":1200,"height":600,"_type":"image-file"}}