{"_runtime":99.0866553,"accuracy":0.8861818720379147,"val_accuracy":0.871,"confusion_matrix":{"width":1000,"height":800,"_type":"image-file","sha256":"08d6dbdc48b4a3eab2868d039f2074f7496266ffdaa82971c4c329d15ce284f6","size":61611,"path":"media/images/confusion_matrix_11_08d6dbdc48b4a3eab286.png","format":"png"},"val_loss":0.09487739395877869,"_wandb":{"runtime":99},"test_accuracy":0.8619,"_step":12,"epoch":9,"loss":0.08388024440998636,"test_loss":0.1011368446679826,"examples":{"path":"media/images/examples_12_3b17a40d3c0003481150.png","format":"png","width":1200,"height":600,"_type":"image-file","sha256":"3b17a40d3c0003481150ce3cd5e234db4ef06f1019885019f6a3fed9b4772b2e","size":23873},"_timestamp":1.7415646933762863e+09}