{"_step":17,"_wandb":{"runtime":332},"epoch":14,"val_loss":0.38707245190111583,"test_accuracy":0.8618,"accuracy":0.8860740740740741,"val_accuracy":0.8731666666666666,"_runtime":332.5625951,"_timestamp":1.7421401608767395e+09,"confusion_matrix":{"size":62022,"path":"media/images/confusion_matrix_16_ddf5ded524b1de01c096.png","format":"png","width":1000,"height":800,"_type":"image-file","sha256":"ddf5ded524b1de01c0963eea78229ef3332316815fb1240ed9266796330432a1"},"examples":{"_type":"image-file","sha256":"75cf3f2d6042056b9d89df460d23ed8f265f2d2a3c6eed2b5cf3bc7f22904ecc","size":29574,"path":"media/images/examples_17_75cf3f2d6042056b9d89.png","format":"png","width":1200,"height":600},"test_loss":0.4112634488006351,"loss":0.3527499224177349}