{"examples":{"sha256":"3b17a40d3c0003481150ce3cd5e234db4ef06f1019885019f6a3fed9b4772b2e","size":23873,"path":"media/images/examples_7_3b17a40d3c0003481150.png","format":"png","width":1200,"height":600,"_type":"image-file"},"_runtime":26.0914745,"loss":0.5767317918279623,"val_accuracy":0.8281666666666667,"test_accuracy":0.8194,"confusion_matrix":{"size":64158,"path":"media/images/confusion_matrix_6_731a3eae4f8b8533b292.png","format":"png","width":1000,"height":800,"_type":"image-file","sha256":"731a3eae4f8b8533b292b334649aef152455219e2e84e9baac9ec77e89f99ef7"},"_wandb":{"runtime":26},"epoch":4,"val_loss":0.5918604938990188,"_step":7,"accuracy":0.8246260367298578,"_timestamp":1.7415493176897435e+09,"test_loss":0.6207634699575857}