{"val_loss":0.3644404455034644,"_runtime":258.4958505,"test_accuracy":0.8788,"_timestamp":1.7421342920529375e+09,"accuracy":0.9123593009478673,"confusion_matrix":{"sha256":"2e919404059b4d51b2e1821dec8d5b00f95ac814650d69c6fb36d70b2a782788","size":61541,"path":"media/images/confusion_matrix_21_2e919404059b4d51b2e1.png","format":"png","width":1000,"height":800,"_type":"image-file"},"_step":22,"test_loss":0.38458507264330055,"epoch":19,"val_accuracy":0.8836666666666667,"loss":0.2913315384557163,"examples":{"width":1200,"height":600,"_type":"image-file","sha256":"75cf3f2d6042056b9d89df460d23ed8f265f2d2a3c6eed2b5cf3bc7f22904ecc","size":29574,"path":"media/images/examples_22_75cf3f2d6042056b9d89.png","format":"png"},"_wandb":{"runtime":258}}