{"loss":0.2977455745173648,"accuracy":0.9036396623222749,"val_loss":0.3336220170110837,"test_loss":0.3709719156558428,"_runtime":102.9007087,"epoch":9,"val_accuracy":0.8876666666666667,"_wandb":{"runtime":102},"confusion_matrix":{"_type":"image-file","sha256":"ebeeb87683880de0ad95ba224cb56ac74772b1ae1b0a5d06a592f0c840117f94","size":59506,"path":"media/images/confusion_matrix_11_ebeeb87683880de0ad95.png","format":"png","width":1000,"height":800},"_step":12,"test_accuracy":0.8757,"examples":{"_type":"image-file","sha256":"75cf3f2d6042056b9d89df460d23ed8f265f2d2a3c6eed2b5cf3bc7f22904ecc","size":29574,"path":"media/images/examples_12_75cf3f2d6042056b9d89.png","format":"png","width":1200,"height":600},"_timestamp":1.7421321761105201e+09}