{"test_loss":0.34697206802678426,"_runtime":282.8073556,"test_accuracy":0.8836,"epoch":14,"examples":{"size":29574,"path":"media/images/examples_17_75cf3f2d6042056b9d89.png","format":"png","width":1200,"height":600,"_type":"image-file","sha256":"75cf3f2d6042056b9d89df460d23ed8f265f2d2a3c6eed2b5cf3bc7f22904ecc"},"_wandb":{"runtime":282},"confusion_matrix":{"size":60439,"path":"media/images/confusion_matrix_16_35dd098fed9e43cf4d6f.png","format":"png","width":1000,"height":800,"_type":"image-file","sha256":"35dd098fed9e43cf4d6fa1d9382c0e3c710cf3d600f337bc7ff233d17eb71ec1"},"accuracy":0.9156361078199052,"_step":17,"_timestamp":1.7421110259169118e+09,"val_loss":0.3166444311733116,"loss":0.2600201981819742,"val_accuracy":0.8928333333333334}