{"_wandb":{"runtime":44},"epoch":4,"loss":0.09552762321503418,"test_loss":0.10859568366464126,"_step":7,"examples":{"_type":"image-file","sha256":"3b17a40d3c0003481150ce3cd5e234db4ef06f1019885019f6a3fed9b4772b2e","size":23873,"path":"media/images/examples_7_3b17a40d3c0003481150.png","format":"png","width":1200,"height":600},"test_accuracy":0.8509,"accuracy":0.8706185821484993,"val_accuracy":0.8655,"val_loss":0.09950186469231663,"_timestamp":1.741552275355818e+09,"confusion_matrix":{"format":"png","width":1000,"height":800,"_type":"image-file","sha256":"a9acd10c33ec0dc13a6d5cd818f614f20bd24dcc518e4260455d725df7342458","size":62304,"path":"media/images/confusion_matrix_6_a9acd10c33ec0dc13a6d.png"},"_runtime":44.5083961}