{"_runtime":43.8081259,"_step":12,"confusion_matrix":{"_type":"image-file","sha256":"5667b02987131dd9cde96a89ce3f21fe140bdcd061304c91cf9efc503952eb2f","size":61115,"path":"media/images/confusion_matrix_11_5667b02987131dd9cde9.png","format":"png","width":1000,"height":800},"epoch":9,"loss":0.07855315621433748,"_timestamp":1.7415322248830101e+09,"accuracy":0.8923899091627172,"val_loss":0.08517934117915671,"_wandb":{"runtime":43},"test_accuracy":0.8701,"test_loss":0.09390592262154522,"val_accuracy":0.8826666666666667,"examples":{"path":"media/images/examples_12_3b17a40d3c0003481150.png","format":"png","width":1200,"height":600,"_type":"image-file","sha256":"3b17a40d3c0003481150ce3cd5e234db4ef06f1019885019f6a3fed9b4772b2e","size":23873}}