{"accuracy":0.865724970379147,"val_loss":0.10132493905572623,"val_accuracy":0.8535,"confusion_matrix":{"height":800,"_type":"image-file","sha256":"e086b81e6c7c74286be217f8ec8267dbcff39556ac369392be5953037918ae66","size":61751,"path":"media/images/confusion_matrix_6_e086b81e6c7c74286be2.png","format":"png","width":1000},"_wandb":{"runtime":52},"_runtime":52.6453676,"epoch":4,"_timestamp":1.7415707975707922e+09,"test_accuracy":0.8424,"examples":{"sha256":"3b17a40d3c0003481150ce3cd5e234db4ef06f1019885019f6a3fed9b4772b2e","size":23873,"path":"media/images/examples_7_3b17a40d3c0003481150.png","format":"png","width":1200,"height":600,"_type":"image-file"},"_step":7,"test_loss":0.11175056790292055,"loss":0.09837195702416275}