{"_runtime":116.7129346,"test_loss":0.4149855416188942,"val_accuracy":0.87,"val_loss":0.3964376278934154,"_step":12,"loss":0.35622282461190996,"_timestamp":1.7415430361785576e+09,"accuracy":0.8842565165876777,"epoch":9,"confusion_matrix":{"path":"media/images/confusion_matrix_11_5c5a9d7678bb0352caf8.png","format":"png","width":1000,"height":800,"_type":"image-file","sha256":"5c5a9d7678bb0352caf8d3977eb7b5a9dd97e0aed80f3b5d69eda8feeda904f9","size":59867},"examples":{"path":"media/images/examples_12_3b17a40d3c0003481150.png","format":"png","width":1200,"height":600,"_type":"image-file","sha256":"3b17a40d3c0003481150ce3cd5e234db4ef06f1019885019f6a3fed9b4772b2e","size":23873},"test_accuracy":0.8648,"_wandb":{"runtime":116}}