{"val_accuracy":0.8263333333333334,"test_accuracy":0.8141,"_wandb":{"runtime":51},"loss":0.47175913131347436,"accuracy":0.8503036137440758,"_step":7,"epoch":4,"_runtime":51.0446657,"test_loss":0.5755026339542519,"confusion_matrix":{"size":61494,"path":"media/images/confusion_matrix_6_209ce247c8433ec58c93.png","format":"png","width":1000,"height":800,"_type":"image-file","sha256":"209ce247c8433ec58c93126a248b02a205823f556afd22fb03921cdb5589a037"},"examples":{"height":600,"_type":"image-file","sha256":"3b17a40d3c0003481150ce3cd5e234db4ef06f1019885019f6a3fed9b4772b2e","size":23873,"path":"media/images/examples_7_3b17a40d3c0003481150.png","format":"png","width":1200},"_timestamp":1.7415580430840247e+09,"val_loss":0.5295200457981103}