{"_wandb":{"runtime":33},"_timestamp":1.741531400513986e+09,"confusion_matrix":{"format":"png","width":1000,"height":800,"_type":"image-file","sha256":"9a5de66b209247be2e2f099ab6612b8faf428a4a90d4aec5cedd6fee995fea80","size":61592,"path":"media/images/confusion_matrix_6_9a5de66b209247be2e2f.png"},"val_accuracy":0.8765,"_runtime":33.0848844,"test_loss":0.404159171479852,"val_loss":0.367909745008438,"loss":0.35450671810051104,"accuracy":0.8806649881516587,"epoch":4,"_step":7,"test_accuracy":0.8667,"examples":{"_type":"image-file","sha256":"3b17a40d3c0003481150ce3cd5e234db4ef06f1019885019f6a3fed9b4772b2e","size":23873,"path":"media/images/examples_7_3b17a40d3c0003481150.png","format":"png","width":1200,"height":600}}