{"val_loss":0.3690614716357152,"_timestamp":1.7415498431596324e+09,"_step":12,"test_loss":0.40568751859385177,"accuracy":0.8837407407407407,"test_accuracy":0.8635,"examples":{"width":1200,"height":600,"_type":"image-file","sha256":"3b17a40d3c0003481150ce3cd5e234db4ef06f1019885019f6a3fed9b4772b2e","size":23873,"path":"media/images/examples_12_3b17a40d3c0003481150.png","format":"png"},"_wandb":{"runtime":80},"_runtime":80.4520564,"epoch":9,"confusion_matrix":{"height":800,"_type":"image-file","sha256":"e6233bc34705b983c94d2c3ec0832aabb71191a3f5c33d954a6c5ca5df57169a","size":61904,"path":"media/images/confusion_matrix_11_e6233bc34705b983c94d.png","format":"png","width":1000},"loss":0.3494234682633637,"val_accuracy":0.8735}