{"_wandb":{"runtime":98},"_runtime":98.8898633,"val_loss":0.09344648531186733,"val_accuracy":0.8725,"_timestamp":1.7415588503177543e+09,"_step":7,"test_loss":0.10200954924789446,"test_accuracy":0.8623,"loss":0.0864271607832377,"examples":{"sha256":"3b17a40d3c0003481150ce3cd5e234db4ef06f1019885019f6a3fed9b4772b2e","size":23873,"path":"media/images/examples_7_3b17a40d3c0003481150.png","format":"png","width":1200,"height":600,"_type":"image-file"},"epoch":4,"accuracy":0.8814814814814815,"confusion_matrix":{"format":"png","width":1000,"height":800,"_type":"image-file","sha256":"f06070df40126c71902150e28296aeb28d656acfdd0297cfd13c5bd2457c8b78","size":61035,"path":"media/images/confusion_matrix_6_f06070df40126c719021.png"}}