{"_runtime":161.1411982,"loss":0.4548244972602667,"val_accuracy":0.8723333333333333,"examples":{"_type":"image-file","sha256":"75cf3f2d6042056b9d89df460d23ed8f265f2d2a3c6eed2b5cf3bc7f22904ecc","size":29574,"path":"media/images/examples_22_75cf3f2d6042056b9d89.png","format":"png","width":1200,"height":600},"_timestamp":1.7421422713896997e+09,"val_loss":0.5019170764848907,"_wandb":{"runtime":161},"epoch":19,"test_accuracy":0.8582,"test_loss":0.5616468148227254,"confusion_matrix":{"size":61890,"path":"media/images/confusion_matrix_21_310ea086daaccf61696a.png","format":"png","width":1000,"height":800,"_type":"image-file","sha256":"310ea086daaccf61696abad8cc8c7a35ac8063400e2649c7456839fb8f08c2ca"},"accuracy":0.8830531694312796,"_step":22}