{"val_loss":0.09698574852044171,"_timestamp":1.7415543442264886e+09,"loss":0.1009559239270836,"confusion_matrix":{"sha256":"059621eb10926c907785238a2b34e25c93548aadf98f7a3d06f40a7cf1047f38","size":61694,"path":"media/images/confusion_matrix_6_059621eb10926c907785.png","format":"png","width":1000,"height":800,"_type":"image-file"},"test_accuracy":0.8516,"val_accuracy":0.8665,"examples":{"_type":"image-file","sha256":"3b17a40d3c0003481150ce3cd5e234db4ef06f1019885019f6a3fed9b4772b2e","size":23873,"path":"media/images/examples_7_3b17a40d3c0003481150.png","format":"png","width":1200,"height":600},"_wandb":{"runtime":27},"epoch":4,"accuracy":0.8631701718009479,"test_loss":0.10736654981128065,"_runtime":27.8141426,"_step":7}