{"_wandb":{"runtime":138},"accuracy":0.853228672985782,"val_accuracy":0.8458333333333333,"test_loss":0.4987032190807403,"_step":17,"loss":0.4608553228039964,"examples":{"sha256":"75cf3f2d6042056b9d89df460d23ed8f265f2d2a3c6eed2b5cf3bc7f22904ecc","size":29574,"path":"media/images/examples_17_75cf3f2d6042056b9d89.png","format":"png","width":1200,"height":600,"_type":"image-file"},"test_accuracy":0.8347,"val_loss":0.4769614218728609,"_timestamp":1.7421419301713977e+09,"_runtime":138.4207602,"epoch":14,"confusion_matrix":{"sha256":"bb07b165a52361838bb948e22f9dadf2ab1b767c5c6bffeaf3ef773a889dd130","size":62264,"path":"media/images/confusion_matrix_16_bb07b165a52361838bb9.png","format":"png","width":1000,"height":800,"_type":"image-file"}}