{"accuracy":0.9207703890205372,"val_accuracy":0.8871666666666667,"test_accuracy":0.8786,"_wandb":{"runtime":157},"val_loss":0.346737352464635,"_runtime":157.20411000000001,"confusion_matrix":{"height":4163,"_type":"image-file","sha256":"59b93dab3b4f4c13b7284f1b7aad5364e042f6ea9ca46b293e4949c28640cf9e","size":400547,"path":"media/images/confusion_matrix_21_59b93dab3b4f4c13b728.png","format":"png","width":4447},"predictions":{"format":"png","width":2250,"height":900,"_type":"image-file","sha256":"5b9b62cfa24b1a5271eee5049be74593fac4e665aab4b313ec896e3c694e7c1c","size":56339,"path":"media/images/predictions_22_5b9b62cfa24b1a5271ee.png"},"_step":22,"loss":0.25719502883455153,"test_loss":0.37200189795713356,"epoch":19,"_timestamp":1.7422278675806327e+09}