{"_runtime":25.931744600000002,"confusion_matrix":{"width":1000,"height":800,"_type":"image-file","sha256":"d4f7ab62d645593de59452539b692e63c0d015e3c80fffd7f29caaaf908eaa41","size":62565,"path":"media/images/confusion_matrix_6_d4f7ab62d645593de594.png","format":"png"},"accuracy":0.8688413309636651,"loss":0.39283712986489194,"test_loss":0.42562223185626524,"epoch":4,"examples":{"height":600,"_type":"image-file","sha256":"3b17a40d3c0003481150ce3cd5e234db4ef06f1019885019f6a3fed9b4772b2e","size":23873,"path":"media/images/examples_7_3b17a40d3c0003481150.png","format":"png","width":1200},"_timestamp":1.7415318729383023e+09,"test_accuracy":0.8557,"val_loss":0.38906938813488673,"_step":7,"_wandb":{"runtime":25},"val_accuracy":0.8678333333333333}