{"epoch":4,"loss":2.349861707966138,"_wandb":{"runtime":13},"test_loss":2.3470789540069346,"accuracy":0.14306254936808846,"confusion_matrix":{"sha256":"5c65ab33dfe00bad1aa1913441893f30e44d4f1c09eb2678f622d1b1dd1cd2ef","size":51884,"path":"media/images/confusion_matrix_6_5c65ab33dfe00bad1aa1.png","format":"png","width":1000,"height":800,"_type":"image-file"},"examples":{"sha256":"3b17a40d3c0003481150ce3cd5e234db4ef06f1019885019f6a3fed9b4772b2e","size":23873,"path":"media/images/examples_7_3b17a40d3c0003481150.png","format":"png","width":1200,"height":600,"_type":"image-file"},"val_accuracy":0.15183333333333332,"_step":7,"val_loss":2.346901139441882,"_timestamp":1.7415398302264428e+09,"_runtime":13.5660323,"test_accuracy":0.1483}