{"examples":{"width":1200,"height":600,"_type":"image-file","sha256":"75cf3f2d6042056b9d89df460d23ed8f265f2d2a3c6eed2b5cf3bc7f22904ecc","size":29574,"path":"media/images/examples_22_75cf3f2d6042056b9d89.png","format":"png"},"_runtime":168.3958392,"test_loss":0.09787747470604183,"test_accuracy":0.8702,"_wandb":{"runtime":168},"epoch":19,"loss":0.07436294053280346,"accuracy":0.8995185185185185,"val_accuracy":0.8733333333333333,"confusion_matrix":{"size":60324,"path":"media/images/confusion_matrix_21_fb74961699e920059abb.png","format":"png","width":1000,"height":800,"_type":"image-file","sha256":"fb74961699e920059abb9dad9f7bd22a030b301a87a1f3e388d3de6b6da7cf13"},"_step":22,"val_loss":0.09180781863985084,"_timestamp":1.7420757605899482e+09}