{"val_accuracy":0.877,"_timestamp":1.7415576826422524e+09,"test_loss":0.39132259462801855,"confusion_matrix":{"format":"png","width":1000,"height":800,"_type":"image-file","sha256":"8e1b246648d61741e2c1ad41ee92aa970858b5f1c76ac434b5e31df6facab175","size":60370,"path":"media/images/confusion_matrix_6_8e1b246648d61741e2c1.png"},"_step":7,"loss":0.3336290879931009,"epoch":4,"accuracy":0.887989978278041,"val_loss":0.3599451551492837,"examples":{"_type":"image-file","sha256":"3b17a40d3c0003481150ce3cd5e234db4ef06f1019885019f6a3fed9b4772b2e","size":23873,"path":"media/images/examples_7_3b17a40d3c0003481150.png","format":"png","width":1200,"height":600},"_wandb":{"runtime":18},"test_accuracy":0.8656,"_runtime":18.5434086}