{"epoch":9,"val_accuracy":0.10133333333333333,"_wandb":{"runtime":72},"confusion_matrix":{"path":"media/images/confusion_matrix_11_2427d176970b250ea52d.png","format":"png","width":1000,"height":800,"_type":"image-file","sha256":"2427d176970b250ea52db84f8c761c5d9a75de7caa18e81a9bd96540be910880","size":45245},"loss":2.3025830446943427,"test_loss":2.302587236405133,"examples":{"sha256":"75cf3f2d6042056b9d89df460d23ed8f265f2d2a3c6eed2b5cf3bc7f22904ecc","size":29574,"path":"media/images/examples_12_75cf3f2d6042056b9d89.png","format":"png","width":1200,"height":600,"_type":"image-file"},"_timestamp":1.7421109015802927e+09,"accuracy":0.09960011848341233,"_step":12,"val_loss":2.3025417122004854,"test_accuracy":0.1,"_runtime":72.2947545}