{"_timestamp":1.7415573963219924e+09,"loss":0.08667657628399197,"epoch":4,"confusion_matrix":{"sha256":"5c2c2663cfc65b43d73077ae4b646c1cf69f1bd5e2ff71f148585746acff2169","size":61702,"path":"media/images/confusion_matrix_6_5c2c2663cfc65b43d730.png","format":"png","width":1000,"height":800,"_type":"image-file"},"val_loss":0.09189606817076926,"_step":7,"_runtime":136.0860127,"test_loss":0.0996781927150218,"val_accuracy":0.877,"_wandb":{"runtime":136},"test_accuracy":0.8648,"accuracy":0.8812962962962962,"examples":{"path":"media/images/examples_7_3b17a40d3c0003481150.png","format":"png","width":1200,"height":600,"_type":"image-file","sha256":"3b17a40d3c0003481150ce3cd5e234db4ef06f1019885019f6a3fed9b4772b2e","size":23873}}