{"test_loss":0.3526373059178126,"confusion_matrix":{"height":800,"_type":"image-file","sha256":"0d73a8360c19f6654798ea5af2b20e2dce41357ac8359a318bbeb9b01b83e76a","size":60436,"path":"media/images/confusion_matrix_21_0d73a8360c19f6654798.png","format":"png","width":1000},"examples":{"height":600,"_type":"image-file","sha256":"75cf3f2d6042056b9d89df460d23ed8f265f2d2a3c6eed2b5cf3bc7f22904ecc","size":29574,"path":"media/images/examples_22_75cf3f2d6042056b9d89.png","format":"png","width":1200},"_timestamp":1.742109386926058e+09,"val_loss":0.3215224311921748,"loss":0.26470748133529365,"val_accuracy":0.8913333333333333,"test_accuracy":0.8827,"_step":22,"_wandb":{"runtime":33483},"_runtime":33483.7831852,"epoch":19,"accuracy":0.9171726895734598}