{"_wandb":{"runtime":229},"test_accuracy":0.1,"examples":{"path":"media/images/examples_17_75cf3f2d6042056b9d89.png","format":"png","width":1200,"height":600,"_type":"image-file","sha256":"75cf3f2d6042056b9d89df460d23ed8f265f2d2a3c6eed2b5cf3bc7f22904ecc","size":29574},"accuracy":0.0999074074074074,"_step":17,"_runtime":229.2766244,"test_loss":0.450000216831972,"confusion_matrix":{"path":"media/images/confusion_matrix_16_2427d176970b250ea52d.png","format":"png","width":1000,"height":800,"_type":"image-file","sha256":"2427d176970b250ea52db84f8c761c5d9a75de7caa18e81a9bd96540be910880","size":45245},"val_accuracy":0.10133333333333333,"val_loss":0.45000154981763557,"_timestamp":1.7420688673985274e+09,"epoch":14,"loss":0.4500016069148848}