{"loss":0.09169305338712959,"test_loss":0.10245377489388971,"confusion_matrix":{"size":62461,"path":"media/images/confusion_matrix_6_bc8ffebb45e01d3abd36.png","format":"png","width":1000,"height":800,"_type":"image-file","sha256":"bc8ffebb45e01d3abd36f7d62883bdb3582ba5f0670bc3bde2ff07df7d1ac4c7"},"examples":{"width":1200,"height":600,"_type":"image-file","sha256":"3b17a40d3c0003481150ce3cd5e234db4ef06f1019885019f6a3fed9b4772b2e","size":23873,"path":"media/images/examples_7_3b17a40d3c0003481150.png","format":"png"},"_timestamp":1.7415589617716641e+09,"_runtime":51.5195463,"epoch":4,"val_loss":0.095077904349109,"_wandb":{"runtime":51},"test_accuracy":0.8596,"_step":7,"accuracy":0.8753332345971564,"val_accuracy":0.8683333333333333}