{"_runtime":34.4647647,"accuracy":0.09937796208530805,"loss":0.45000752318297327,"test_loss":0.45000339251736604,"_timestamp":1.7415479623133848e+09,"val_accuracy":0.099,"examples":{"_type":"image-file","sha256":"3b17a40d3c0003481150ce3cd5e234db4ef06f1019885019f6a3fed9b4772b2e","size":23873,"path":"media/images/examples_12_3b17a40d3c0003481150.png","format":"png","width":1200,"height":600},"_wandb":{"runtime":34},"val_loss":0.4499995760805021,"confusion_matrix":{"width":1000,"height":800,"_type":"image-file","sha256":"2b3a05ec871c33689ee911aab8ce77044427c04bbb582f962239aca311c9a1be","size":45099,"path":"media/images/confusion_matrix_11_2b3a05ec871c33689ee9.png","format":"png"},"_step":12,"epoch":9,"test_accuracy":0.1}