{"loss":0.3531797496716049,"test_loss":0.4189509206841897,"test_accuracy":0.864,"_wandb":{"runtime":43},"accuracy":0.8817572571090048,"_runtime":43.4120003,"confusion_matrix":{"sha256":"ba2ec59dd28c7fd83a3fe1e8571ea9a853453f4ea7e819d590160bb4cb63d40d","size":61422,"path":"media/images/confusion_matrix_6_ba2ec59dd28c7fd83a3f.png","format":"png","width":1000,"height":800,"_type":"image-file"},"_step":7,"val_loss":0.3861643626161741,"epoch":4,"val_accuracy":0.8741666666666666,"examples":{"size":23873,"path":"media/images/examples_7_3b17a40d3c0003481150.png","format":"png","width":1200,"height":600,"_type":"image-file","sha256":"3b17a40d3c0003481150ce3cd5e234db4ef06f1019885019f6a3fed9b4772b2e"},"_timestamp":1.7415506381840823e+09}