{"epoch":14,"test_accuracy":0.8453,"loss":0.10191336332349644,"val_loss":0.10423883874599035,"_runtime":184.821162,"test_loss":0.11298273868047545,"confusion_matrix":{"_type":"image-file","sha256":"753901c5f7646f634a3b49f529f303cab0371d8aca79a41c19c08015a6da01a9","size":61886,"path":"media/images/confusion_matrix_16_753901c5f7646f634a3b.png","format":"png","width":1000,"height":800},"_step":17,"_wandb":{"runtime":184},"val_accuracy":0.8551666666666666,"examples":{"_type":"image-file","sha256":"75cf3f2d6042056b9d89df460d23ed8f265f2d2a3c6eed2b5cf3bc7f22904ecc","size":29574,"path":"media/images/examples_17_75cf3f2d6042056b9d89.png","format":"png","width":1200,"height":600},"_timestamp":1.7420705773236282e+09,"accuracy":0.8622815462085308}