{"val_accuracy":0.8595,"examples":{"format":"png","width":1200,"height":600,"_type":"image-file","sha256":"3b17a40d3c0003481150ce3cd5e234db4ef06f1019885019f6a3fed9b4772b2e","size":23873,"path":"media/images/examples_7_3b17a40d3c0003481150.png"},"epoch":4,"_wandb":{"runtime":25},"_runtime":25.7326226,"loss":0.4284819290887747,"_timestamp":1.7415489080432143e+09,"val_loss":0.4267226806011549,"_step":7,"confusion_matrix":{"_type":"image-file","sha256":"21cc59c40813a46a6ead9119d3ca7d1b6e4201b8cfc4c4728c2600bacb9b7af1","size":62743,"path":"media/images/confusion_matrix_6_21cc59c40813a46a6ead.png","format":"png","width":1000,"height":800},"test_loss":0.466310623499786,"accuracy":0.8633923281990521,"test_accuracy":0.8446}