{"_timestamp":1.7422080503122156e+09,"_runtime":59.0591489,"val_loss":2.4189132308919357,"test_loss":2.4270203778427875,"predictions":{"format":"png","width":2250,"height":900,"_type":"image-file","sha256":"c84dc01dc8246ea5486858468143d49643aa834686823015413b550de1b8c27c","size":43403,"path":"media/images/predictions_22_c84dc01dc8246ea54868.png"},"val_accuracy":0.10716666666666666,"epoch":19,"_step":22,"loss":2.428295652181492,"confusion_matrix":{"format":"png","width":3367,"height":2963,"_type":"image-file","sha256":"0513b6b9e3fedefaced428011f4ab8b8721ab5f0e99134423a99560bdd0a4729","size":261153,"path":"media/images/confusion_matrix_21_0513b6b9e3fedefaced4.png"},"_wandb":{"runtime":59},"test_accuracy":0.1,"accuracy":0.09922985781990522}