{"test_accuracy":0.8674,"accuracy":0.8873111670616114,"test_loss":0.09594609574357568,"loss":0.08208564829369015,"_runtime":32.8585424,"_step":7,"confusion_matrix":{"sha256":"b9b7d5c8ab0218a1599cb14ec7d192d82bb685001f1bbaf8f4f7ee21ae493244","size":60758,"path":"media/images/confusion_matrix_6_b9b7d5c8ab0218a1599c.png","format":"png","width":1000,"height":800,"_type":"image-file"},"val_loss":0.08837333136624488,"examples":{"format":"png","width":1200,"height":600,"_type":"image-file","sha256":"3b17a40d3c0003481150ce3cd5e234db4ef06f1019885019f6a3fed9b4772b2e","size":23873,"path":"media/images/examples_7_3b17a40d3c0003481150.png"},"_timestamp":1.7415662715697732e+09,"val_accuracy":0.883,"epoch":4,"_wandb":{"runtime":32}}