{"epoch":4,"test_accuracy":0.8581,"_step":7,"confusion_matrix":{"path":"media/images/confusion_matrix_6_16eb271758e0e4e9aed0.png","format":"png","width":1000,"height":800,"_type":"image-file","sha256":"16eb271758e0e4e9aed0e1ded61bcf6566ffe1c5550b98e14a3c5f2c212c8804","size":62281},"val_accuracy":0.8706666666666667,"examples":{"_type":"image-file","sha256":"3b17a40d3c0003481150ce3cd5e234db4ef06f1019885019f6a3fed9b4772b2e","size":23873,"path":"media/images/examples_7_3b17a40d3c0003481150.png","format":"png","width":1200,"height":600},"test_loss":0.10132375763459223,"_wandb":{"runtime":14},"_timestamp":1.7415514615014892e+09,"val_loss":0.09242870518592201,"loss":0.09346012747591532,"_runtime":14.4950037,"accuracy":0.8719453495260664}