{"_runtime":15.7545265,"confusion_matrix":{"format":"png","width":1000,"height":800,"_type":"image-file","sha256":"afefc8ab29007d7dfc4676affa67520befdbc2a6083ec0f4c6da5a8ffb75809a","size":59095,"path":"media/images/confusion_matrix_6_afefc8ab29007d7dfc46.png"},"epoch":4,"accuracy":0.5634133096366508,"_timestamp":1.7415503695529332e+09,"test_accuracy":0.56,"test_loss":0.9220655506477946,"_wandb":{"runtime":15},"_step":7,"loss":0.9082865566360165,"val_accuracy":0.5735,"val_loss":0.902483000983165,"examples":{"sha256":"3b17a40d3c0003481150ce3cd5e234db4ef06f1019885019f6a3fed9b4772b2e","size":23873,"path":"media/images/examples_7_3b17a40d3c0003481150.png","format":"png","width":1200,"height":600,"_type":"image-file"}}