{"test_accuracy":0.1,"epoch":19,"_runtime":140.2093797,"val_loss":0.4500050885760581,"accuracy":0.10072222222222223,"val_accuracy":0.09333333333333334,"test_loss":0.45000034286419116,"confusion_matrix":{"path":"media/images/confusion_matrix_21_24a617a8756e9b2d6168.png","format":"png","width":1000,"height":800,"_type":"image-file","sha256":"24a617a8756e9b2d61681d6508f31a83b306fcb5703888b5b2a122aba43d688d","size":44800},"_step":22,"_timestamp":1.7420685400582962e+09,"examples":{"size":29574,"path":"media/images/examples_22_75cf3f2d6042056b9d89.png","format":"png","width":1200,"height":600,"_type":"image-file","sha256":"75cf3f2d6042056b9d89df460d23ed8f265f2d2a3c6eed2b5cf3bc7f22904ecc"},"loss":0.45000179760248477,"_wandb":{"runtime":140}}