{"test_accuracy":0.8769,"confusion_matrix":{"width":1000,"height":800,"_type":"image-file","sha256":"2b9fdaa41eeaea794babf4fbd7051b50e4f75803b9bc4b4abab0379886833956","size":60417,"path":"media/images/confusion_matrix_11_2b9fdaa41eeaea794bab.png","format":"png"},"accuracy":0.9006296296296297,"examples":{"width":1200,"height":600,"_type":"image-file","sha256":"3b17a40d3c0003481150ce3cd5e234db4ef06f1019885019f6a3fed9b4772b2e","size":23873,"path":"media/images/examples_12_3b17a40d3c0003481150.png","format":"png"},"_step":12,"val_accuracy":0.8856666666666667,"_runtime":181.6735851,"epoch":9,"_wandb":{"runtime":181},"test_loss":0.0892084839153711,"_timestamp":1.741558409068727e+09,"val_loss":0.07992836634547949,"loss":0.07301850262840509}