{"loss":0.36156689432515865,"val_accuracy":0.8723333333333333,"test_accuracy":0.8594,"_timestamp":1.7415410208259983e+09,"accuracy":0.8812574052132701,"val_loss":0.3739014335138121,"_runtime":165.9010656,"_step":12,"test_loss":0.4113443561176979,"epoch":9,"confusion_matrix":{"width":1000,"height":800,"_type":"image-file","sha256":"d839c781f29803a5fa28c5b49c8e37aa97a3f1bc02e38308d757662cf16c120a","size":61119,"path":"media/images/confusion_matrix_11_d839c781f29803a5fa28.png","format":"png"},"_wandb":{"runtime":165},"examples":{"size":23873,"path":"media/images/examples_12_3b17a40d3c0003481150.png","format":"png","width":1200,"height":600,"_type":"image-file","sha256":"3b17a40d3c0003481150ce3cd5e234db4ef06f1019885019f6a3fed9b4772b2e"}}