{"val_accuracy":0.882,"test_accuracy":0.8739,"epoch":9,"loss":0.3107873172763663,"_runtime":38.5356365,"confusion_matrix":{"path":"media/images/confusion_matrix_11_6ad384cd60bcc57bc668.png","format":"png","width":1000,"height":800,"_type":"image-file","sha256":"6ad384cd60bcc57bc6686d0392652bc138fb9ace009b4afecaf9883c3c1166cf","size":59668},"_timestamp":1.7415597902038536e+09,"test_loss":0.3775379552502827,"examples":{"height":600,"_type":"image-file","sha256":"3b17a40d3c0003481150ce3cd5e234db4ef06f1019885019f6a3fed9b4772b2e","size":23873,"path":"media/images/examples_12_3b17a40d3c0003481150.png","format":"png","width":1200},"accuracy":0.8968824052132701,"_step":12,"_wandb":{"runtime":38},"val_loss":0.3459336259554478}