{"_timestamp":1.7415704714871833e+09,"loss":0.07486547565590367,"examples":{"_type":"image-file","sha256":"3b17a40d3c0003481150ce3cd5e234db4ef06f1019885019f6a3fed9b4772b2e","size":23873,"path":"media/images/examples_12_3b17a40d3c0003481150.png","format":"png","width":1200,"height":600},"test_loss":0.0910802004485123,"_wandb":{"runtime":350},"_runtime":350.8951985,"test_accuracy":0.8743,"val_loss":0.08390138025169738,"_step":12,"epoch":9,"accuracy":0.8982962962962963,"val_accuracy":0.8868333333333334,"confusion_matrix":{"format":"png","width":1000,"height":800,"_type":"image-file","sha256":"b8bac1940bc4e48260a34cf2fc29f726abca7faa9923ef4275f8c5cde55d616a","size":60973,"path":"media/images/confusion_matrix_11_b8bac1940bc4e48260a3.png"}}