{"accuracy":0.9002147511848341,"test_accuracy":0.8734,"_timestamp":1.742117799550515e+09,"_step":22,"_wandb":{"runtime":149},"loss":0.4965731124673085,"_runtime":149.0734723,"examples":{"height":600,"_type":"image-file","sha256":"75cf3f2d6042056b9d89df460d23ed8f265f2d2a3c6eed2b5cf3bc7f22904ecc","size":29574,"path":"media/images/examples_22_75cf3f2d6042056b9d89.png","format":"png","width":1200},"test_loss":0.696068236195523,"val_accuracy":0.8846666666666667,"val_loss":0.6671755098537118,"confusion_matrix":{"height":800,"_type":"image-file","sha256":"9dd1a0a31715982f652aad7044de9e62fda3eb7b87cce51c0aeef5d919d32146","size":61595,"path":"media/images/confusion_matrix_21_9dd1a0a31715982f652a.png","format":"png","width":1000},"epoch":19}