{"accuracy":0.1007540975513428,"examples":{"width":1200,"height":600,"_type":"image-file","sha256":"75cf3f2d6042056b9d89df460d23ed8f265f2d2a3c6eed2b5cf3bc7f22904ecc","size":29574,"path":"media/images/examples_22_75cf3f2d6042056b9d89.png","format":"png"},"_wandb":{"runtime":137},"_step":22,"confusion_matrix":{"height":800,"_type":"image-file","sha256":"24a617a8756e9b2d61681d6508f31a83b306fcb5703888b5b2a122aba43d688d","size":44800,"path":"media/images/confusion_matrix_21_24a617a8756e9b2d6168.png","format":"png","width":1000},"loss":2.302583998196939,"test_loss":2.3025898691390614,"val_loss":2.3027034419871115,"test_accuracy":0.1,"_timestamp":1.742122023172144e+09,"val_accuracy":0.09333333333333334,"epoch":19,"_runtime":137.3682654}