{"val_accuracy":0.875,"confusion_matrix":{"height":800,"_type":"image-file","sha256":"2554bf78c83a4ab6bd68e0874f321b18e244131c20a80cf3e4cf42d4b166fd5e","size":61069,"path":"media/images/confusion_matrix_11_2554bf78c83a4ab6bd68.png","format":"png","width":1000},"epoch":9,"loss":0.0820590298050746,"_timestamp":1.7420642878323817e+09,"_runtime":30.2735768,"test_accuracy":0.8664,"accuracy":0.8886132503949448,"_wandb":{"runtime":30},"val_loss":0.09023366775944441,"_step":12,"test_loss":0.09605853176504124,"examples":{"sha256":"75cf3f2d6042056b9d89df460d23ed8f265f2d2a3c6eed2b5cf3bc7f22904ecc","size":29574,"path":"media/images/examples_12_75cf3f2d6042056b9d89.png","format":"png","width":1200,"height":600,"_type":"image-file"}}