{"epoch":9,"loss":0.07917300076629982,"_wandb":{"runtime":65},"_step":12,"_timestamp":1.741550745488328e+09,"val_accuracy":0.8711666666666666,"accuracy":0.8917407407407407,"test_loss":0.09876912777657681,"examples":{"_type":"image-file","sha256":"3b17a40d3c0003481150ce3cd5e234db4ef06f1019885019f6a3fed9b4772b2e","size":23873,"path":"media/images/examples_12_3b17a40d3c0003481150.png","format":"png","width":1200,"height":600},"confusion_matrix":{"size":60017,"path":"media/images/confusion_matrix_11_fa67a0e6971d6c84950d.png","format":"png","width":1000,"height":800,"_type":"image-file","sha256":"fa67a0e6971d6c84950d5785e1919cf131ddfacc825b26c235227429ae9e3e9e"},"_runtime":65.2809394,"val_loss":0.09093046464672794,"test_accuracy":0.8663}