{"test_accuracy":0.8759,"loss":0.06800310079814599,"_timestamp":1.742075896939015e+09,"val_loss":0.08402357761875957,"_wandb":{"runtime":231},"_runtime":231.7704553,"epoch":19,"accuracy":0.9091503751974723,"confusion_matrix":{"height":800,"_type":"image-file","sha256":"10e64e405222f0eec334d637312d3860a103aa0092985029959dd91bb361760b","size":62105,"path":"media/images/confusion_matrix_21_10e64e405222f0eec334.png","format":"png","width":1000},"examples":{"format":"png","width":1200,"height":600,"_type":"image-file","sha256":"75cf3f2d6042056b9d89df460d23ed8f265f2d2a3c6eed2b5cf3bc7f22904ecc","size":29574,"path":"media/images/examples_22_75cf3f2d6042056b9d89.png"},"val_accuracy":0.888,"test_loss":0.0906730701882908,"_step":22}