{"accuracy":0.8599057069510269,"_step":12,"val_accuracy":0.8575,"_timestamp":1.7415315533803082e+09,"epoch":9,"confusion_matrix":{"_type":"image-file","sha256":"bc7b67944c175bb3f315cc761d003d2dff39a38014f94f45784485ce2c6d6b25","size":64125,"path":"media/images/confusion_matrix_11_bc7b67944c175bb3f315.png","format":"png","width":1000,"height":800},"examples":{"size":23873,"path":"media/images/examples_12_3b17a40d3c0003481150.png","format":"png","width":1200,"height":600,"_type":"image-file","sha256":"3b17a40d3c0003481150ce3cd5e234db4ef06f1019885019f6a3fed9b4772b2e"},"loss":0.10417804122111196,"test_accuracy":0.8454,"val_loss":0.10392961791086962,"_runtime":45.8943658,"test_loss":0.11270520194037012,"_wandb":{"runtime":45}}