{"test_loss":2.3025867411171985,"test_accuracy":0.1,"examples":{"path":"media/images/examples_7_3b17a40d3c0003481150.png","format":"png","width":1200,"height":600,"_type":"image-file","sha256":"3b17a40d3c0003481150ce3cd5e234db4ef06f1019885019f6a3fed9b4772b2e","size":23873},"val_accuracy":0.09833333333333333,"loss":2.3025919603437415,"val_loss":2.302560158899897,"_runtime":27.5196998,"accuracy":0.09941498815165876,"_wandb":{"runtime":27},"_timestamp":1.741526591139009e+09,"epoch":4,"_step":7,"confusion_matrix":{"width":1000,"height":800,"_type":"image-file","sha256":"f14a9af4f0d45c6ac57d13e859cef2fa5eab488f3854babdf639d573af3afc06","size":45125,"path":"media/images/confusion_matrix_6_f14a9af4f0d45c6ac57d.png","format":"png"}}