{"examples":{"height":600,"_type":"image-file","sha256":"3b17a40d3c0003481150ce3cd5e234db4ef06f1019885019f6a3fed9b4772b2e","size":23873,"path":"media/images/examples_22_3b17a40d3c0003481150.png","format":"png","width":1200},"_runtime":253.7245933,"_step":22,"test_accuracy":0.1089,"_timestamp":1.7413661332502685e+09,"accuracy":0.1099118779620853,"epoch":19,"val_accuracy":0.10083333333333333,"test_loss":1.1005651519745198e-10,"val_loss":1.0065730816076323e-10,"_wandb":{"runtime":253},"confusion_matrix":{"width":1000,"height":800,"_type":"image-file","sha256":"15d35900ee6491d3a362224d80d277d8b57ec791acede058ceb894b4fd285d1e","size":47269,"path":"media/images/confusion_matrix_21_15d35900ee6491d3a362.png","format":"png"},"loss":1.0237064180378791e-10}