{"accuracy":0.9073175849131121,"val_accuracy":0.8911666666666667,"test_loss":0.08889745387258195,"confusion_matrix":{"height":800,"_type":"image-file","sha256":"1ef8533f78d0345466fa4fb6a5be10f53156f24b978f2e5835d35e168321a3c0","size":60607,"path":"media/images/confusion_matrix_11_1ef8533f78d0345466fa.png","format":"png","width":1000},"examples":{"format":"png","width":1200,"height":600,"_type":"image-file","sha256":"3b17a40d3c0003481150ce3cd5e234db4ef06f1019885019f6a3fed9b4772b2e","size":23873,"path":"media/images/examples_12_3b17a40d3c0003481150.png"},"test_accuracy":0.8795,"val_loss":0.08097973758583314,"_timestamp":1.7415323834510393e+09,"_wandb":{"runtime":120},"loss":0.06871578289737122,"epoch":9,"_step":12,"_runtime":120.5841697}