{"loss":0.28197858643706886,"accuracy":0.9062993680884676,"val_loss":0.3362142729249734,"examples":{"height":600,"_type":"image-file","sha256":"3b17a40d3c0003481150ce3cd5e234db4ef06f1019885019f6a3fed9b4772b2e","size":23873,"path":"media/images/examples_12_3b17a40d3c0003481150.png","format":"png","width":1200},"_wandb":{"runtime":63},"epoch":9,"val_accuracy":0.8806666666666667,"test_loss":0.3739757973328435,"test_accuracy":0.8764,"_timestamp":1.741532101854469e+09,"confusion_matrix":{"width":1000,"height":800,"_type":"image-file","sha256":"12609e243fbea9b09f488e3ed78f0a2636534baf545cc132d7f83717f3545b2b","size":59793,"path":"media/images/confusion_matrix_11_12609e243fbea9b09f48.png","format":"png"},"_step":12,"_runtime":63.5551746}