{"loss":0.38107561953574237,"accuracy":0.8869259259259259,"val_accuracy":0.8795,"test_loss":0.43964736372086727,"_runtime":346.1003166,"_step":12,"_timestamp":1.7415425842408855e+09,"confusion_matrix":{"format":"png","width":1000,"height":800,"_type":"image-file","sha256":"6b0e2c1edca45bcbfabf5e2323bf71a440c34ae7abbcfea2a472b44c70538c0d","size":61194,"path":"media/images/confusion_matrix_11_6b0e2c1edca45bcbfabf.png"},"examples":{"width":1200,"height":600,"_type":"image-file","sha256":"3b17a40d3c0003481150ce3cd5e234db4ef06f1019885019f6a3fed9b4772b2e","size":23873,"path":"media/images/examples_12_3b17a40d3c0003481150.png","format":"png"},"epoch":9,"val_loss":0.3999210072484684,"_wandb":{"runtime":346},"test_accuracy":0.8682}