{"_runtime":146.3383946,"epoch":14,"_timestamp":1.7420682021143236e+09,"examples":{"height":600,"_type":"image-file","sha256":"75cf3f2d6042056b9d89df460d23ed8f265f2d2a3c6eed2b5cf3bc7f22904ecc","size":29574,"path":"media/images/examples_17_75cf3f2d6042056b9d89.png","format":"png","width":1200},"_step":17,"loss":2.3031114535871,"val_accuracy":0.10033333333333333,"accuracy":0.09887811018957346,"test_loss":2.302941697189028,"test_accuracy":0.1,"_wandb":{"runtime":146},"confusion_matrix":{"size":44781,"path":"media/images/confusion_matrix_16_52078e3460fc88c3d22f.png","format":"png","width":1000,"height":800,"_type":"image-file","sha256":"52078e3460fc88c3d22fb8278017914305fbd3bdfd0183490eb31b83caf1886d"},"val_loss":2.302903148582043}