{"val_accuracy":0.8711666666666666,"_wandb":{"runtime":134},"_timestamp":1.741552445354621e+09,"epoch":4,"loss":0.0866760803674428,"val_loss":0.09287541804206279,"_step":7,"confusion_matrix":{"width":1000,"height":800,"_type":"image-file","sha256":"fbd9c834030c5fbde4d7173ab49eda2d9d7b1d446026c2eae9e7eb9071115608","size":62346,"path":"media/images/confusion_matrix_6_fbd9c834030c5fbde4d7.png","format":"png"},"accuracy":0.8813888888888889,"examples":{"_type":"image-file","sha256":"3b17a40d3c0003481150ce3cd5e234db4ef06f1019885019f6a3fed9b4772b2e","size":23873,"path":"media/images/examples_7_3b17a40d3c0003481150.png","format":"png","width":1200,"height":600},"test_accuracy":0.8644,"test_loss":0.10082614319644224,"_runtime":134.1500758}