{"_runtime":80.1658771,"epoch":9,"loss":0.817374348175049,"val_accuracy":0.7558333333333334,"test_loss":0.8721456324253491,"confusion_matrix":{"height":800,"_type":"image-file","sha256":"d22836652e9905e2d44f77d1be6fea2fd66ad0458ca990c7e613d6ff44e077fd","size":64087,"path":"media/images/confusion_matrix_11_d22836652e9905e2d44f.png","format":"png","width":1000},"_timestamp":1.7420667753220131e+09,"accuracy":0.7620519845971564,"val_loss":0.8416750864386628,"test_accuracy":0.7518,"examples":{"path":"media/images/examples_12_75cf3f2d6042056b9d89.png","format":"png","width":1200,"height":600,"_type":"image-file","sha256":"75cf3f2d6042056b9d89df460d23ed8f265f2d2a3c6eed2b5cf3bc7f22904ecc","size":29574},"_step":12,"_wandb":{"runtime":80}}