{"epoch":4,"loss":2.0809377704770133,"test_loss":2.043686758158229,"_timestamp":1.7415381251173327e+09,"val_accuracy":0.2786666666666667,"_step":7,"examples":{"path":"media/images/examples_7_3b17a40d3c0003481150.png","format":"png","width":1200,"height":600,"_type":"image-file","sha256":"3b17a40d3c0003481150ce3cd5e234db4ef06f1019885019f6a3fed9b4772b2e","size":23873},"test_accuracy":0.2818,"confusion_matrix":{"format":"png","width":1000,"height":800,"_type":"image-file","sha256":"b8d5fc04cbb62a9125099982f97b930f9815b90dd3e37dddbd06f353b96ab20c","size":59317,"path":"media/images/confusion_matrix_6_b8d5fc04cbb62a912509.png"},"val_loss":2.043960949964088,"accuracy":0.2615891587677725,"_wandb":{"runtime":58},"_runtime":58.2342491}