{"confusion_matrix":{"sha256":"26f072e0a60be84fe78eb1f9f72c95e0715dc2620e936d3803c0fe5ac844f3e1","size":61422,"path":"media/images/confusion_matrix_11_26f072e0a60be84fe78e.png","format":"png","width":1000,"height":800,"_type":"image-file"},"val_loss":0.48025773452905046,"loss":0.4508728455687356,"test_loss":0.5116953218408755,"_runtime":238.8761574,"test_accuracy":0.8428,"_wandb":{"runtime":238},"_timestamp":1.741498420879779e+09,"_step":12,"accuracy":0.8537592592592592,"examples":{"size":23873,"path":"media/images/examples_12_3b17a40d3c0003481150.png","format":"png","width":1200,"height":600,"_type":"image-file","sha256":"3b17a40d3c0003481150ce3cd5e234db4ef06f1019885019f6a3fed9b4772b2e"},"val_accuracy":0.8523333333333334,"epoch":9}