{"_wandb":{"runtime":25},"_step":7,"test_loss":0.11080984744077985,"loss":0.10220954988687887,"accuracy":0.859375,"confusion_matrix":{"_type":"image-file","sha256":"6075c69e6e080c32499d8f9c7227327c231323992d99cf14056ff5554271f6fe","size":62699,"path":"media/images/confusion_matrix_6_6075c69e6e080c32499d.png","format":"png","width":1000,"height":800},"test_accuracy":0.8469,"examples":{"width":1200,"height":600,"_type":"image-file","sha256":"3b17a40d3c0003481150ce3cd5e234db4ef06f1019885019f6a3fed9b4772b2e","size":23873,"path":"media/images/examples_7_3b17a40d3c0003481150.png","format":"png"},"epoch":4,"val_loss":0.10162170161670993,"val_accuracy":0.861,"_timestamp":1.741549521272372e+09,"_runtime":25.2198639}