{"epoch":9,"loss":0.30670078858001015,"examples":{"width":1200,"height":600,"_type":"image-file","sha256":"3b17a40d3c0003481150ce3cd5e234db4ef06f1019885019f6a3fed9b4772b2e","size":23873,"path":"media/images/examples_12_3b17a40d3c0003481150.png","format":"png"},"accuracy":0.896197422985782,"test_loss":0.37760651420087743,"_step":12,"val_loss":0.35188912624748675,"confusion_matrix":{"_type":"image-file","sha256":"f7eb3c2b0e547cf3c33a9a7ead3b1301537310b0027c1305299a01c9a0c248c0","size":59671,"path":"media/images/confusion_matrix_11_f7eb3c2b0e547cf3c33a.png","format":"png","width":1000,"height":800},"val_accuracy":0.8791666666666667,"_timestamp":1.7415609014929323e+09,"test_accuracy":0.8721,"_runtime":85.8239416,"_wandb":{"runtime":85}}