{"test_loss":0.46164486598114574,"confusion_matrix":{"path":"media/images/confusion_matrix_21_711887d088993db2af1e.png","format":"png","width":1000,"height":800,"_type":"image-file","sha256":"711887d088993db2af1ef5d48b83ab7dda38041e5ab9573833264e70d478e739","size":61024},"accuracy":0.9159259259259259,"loss":0.28111611571782347,"val_loss":0.418855778269593,"_timestamp":1.742121168857292e+09,"_runtime":255.3008466,"val_accuracy":0.8798333333333334,"epoch":19,"test_accuracy":0.8695,"examples":{"size":29574,"path":"media/images/examples_22_75cf3f2d6042056b9d89.png","format":"png","width":1200,"height":600,"_type":"image-file","sha256":"75cf3f2d6042056b9d89df460d23ed8f265f2d2a3c6eed2b5cf3bc7f22904ecc"},"_step":22,"_wandb":{"runtime":255}}