{"val_accuracy":0.8826666666666667,"_step":7,"test_loss":0.0962226928210557,"val_loss":0.0889341098218006,"confusion_matrix":{"sha256":"edae91da23776f884b2f576d8cbcdc222bf34fa6b5b8f28db23337dcbaf1bfff","size":61463,"path":"media/images/confusion_matrix_6_edae91da23776f884b2f.png","format":"png","width":1000,"height":800,"_type":"image-file"},"_runtime":96.0276312,"_wandb":{"runtime":96},"epoch":4,"test_accuracy":0.8696,"examples":{"sha256":"3b17a40d3c0003481150ce3cd5e234db4ef06f1019885019f6a3fed9b4772b2e","size":23873,"path":"media/images/examples_7_3b17a40d3c0003481150.png","format":"png","width":1200,"height":600,"_type":"image-file"},"loss":0.08672488232105703,"accuracy":0.8813703703703704,"_timestamp":1.74155313934192e+09}