{"epoch":9,"_timestamp":1.7415456039878356e+09,"loss":0.08460135855310597,"val_loss":0.08765601075755403,"_wandb":{"runtime":70},"_runtime":70.8072384,"test_loss":0.09672004387339757,"val_accuracy":0.8783333333333333,"accuracy":0.8869038803317536,"test_accuracy":0.8706,"examples":{"width":1200,"height":600,"_type":"image-file","sha256":"3b17a40d3c0003481150ce3cd5e234db4ef06f1019885019f6a3fed9b4772b2e","size":23873,"path":"media/images/examples_12_3b17a40d3c0003481150.png","format":"png"},"confusion_matrix":{"size":60494,"path":"media/images/confusion_matrix_11_fb0af9f7edb48f750f15.png","format":"png","width":1000,"height":800,"_type":"image-file","sha256":"fb0af9f7edb48f750f1564e37a5eeaf334fb7139c8ffb91061319de67a9c34c7"},"_step":12}