{"_runtime":66.7690204,"confusion_matrix":{"path":"media/images/confusion_matrix_11_b2ce8a745b98800de9b1.png","format":"png","width":1000,"height":800,"_type":"image-file","sha256":"b2ce8a745b98800de9b1379a3c25f8d72163ef289f452808da67e4e3f6ad3a11","size":61175},"loss":0.3078366318804064,"examples":{"height":600,"_type":"image-file","sha256":"3b17a40d3c0003481150ce3cd5e234db4ef06f1019885019f6a3fed9b4772b2e","size":23873,"path":"media/images/examples_12_3b17a40d3c0003481150.png","format":"png","width":1200},"_wandb":{"runtime":66},"_step":12,"test_loss":0.36896844843335724,"_timestamp":1.7415317285843663e+09,"test_accuracy":0.8755,"accuracy":0.8987398795418642,"epoch":9,"val_loss":0.33846656195572855,"val_accuracy":0.886}