{"epoch":9,"accuracy":0.8854228376777251,"confusion_matrix":{"format":"png","width":1000,"height":800,"_type":"image-file","sha256":"eabd2eeb0865c9eebab441fc03f9fecacefdcc10971021c34714fd5f5bb25e5a","size":60646,"path":"media/images/confusion_matrix_11_eabd2eeb0865c9eebab4.png"},"test_accuracy":0.8638,"val_loss":0.08974933816474773,"loss":0.0835576055723815,"test_loss":0.09728154814337686,"_step":12,"examples":{"size":23873,"path":"media/images/examples_12_3b17a40d3c0003481150.png","format":"png","width":1200,"height":600,"_type":"image-file","sha256":"3b17a40d3c0003481150ce3cd5e234db4ef06f1019885019f6a3fed9b4772b2e"},"_wandb":{"runtime":50},"val_accuracy":0.8748333333333334,"_runtime":50.9642334,"_timestamp":1.741548661762066e+09}