{"confusion_matrix":{"format":"png","width":1000,"height":800,"_type":"image-file","sha256":"24a617a8756e9b2d61681d6508f31a83b306fcb5703888b5b2a122aba43d688d","size":44800,"path":"media/images/confusion_matrix_6_24a617a8756e9b2d6168.png"},"_wandb":{"runtime":28},"val_loss":2.3026158888096875,"loss":2.302593491133869,"examples":{"path":"media/images/examples_7_3b17a40d3c0003481150.png","format":"png","width":1200,"height":600,"_type":"image-file","sha256":"3b17a40d3c0003481150ce3cd5e234db4ef06f1019885019f6a3fed9b4772b2e","size":23873},"val_accuracy":0.09333333333333334,"_timestamp":1.7415832622169812e+09,"test_accuracy":0.1,"_step":7,"accuracy":0.09950755331753554,"_runtime":28.5379892,"test_loss":2.3025860411914456,"epoch":4}