{"val_accuracy":0.8811666666666667,"examples":{"width":1200,"height":600,"_type":"image-file","sha256":"75cf3f2d6042056b9d89df460d23ed8f265f2d2a3c6eed2b5cf3bc7f22904ecc","size":29574,"path":"media/images/examples_22_75cf3f2d6042056b9d89.png","format":"png"},"epoch":19,"_runtime":74.3932518,"accuracy":0.9117668838862559,"val_loss":0.08812742239488991,"test_accuracy":0.8684,"_timestamp":1.7420750899795997e+09,"loss":0.06546855280265738,"_step":22,"confusion_matrix":{"width":1000,"height":800,"_type":"image-file","sha256":"41da5823e46e3d0e396c5694d341a66816db704f69df1b861af0edce2ad12640","size":61436,"path":"media/images/confusion_matrix_21_41da5823e46e3d0e396c.png","format":"png"},"_wandb":{"runtime":74},"test_loss":0.09618417180144403}