{"confusion_matrix":{"height":800,"_type":"image-file","sha256":"d5819c05692afc7100c927b08ee5ad4d28c096ea72fa1a2b27d7be3931e348ae","size":63347,"path":"media/images/confusion_matrix_16_d5819c05692afc7100c9.png","format":"png","width":1000},"_wandb":{"runtime":61},"val_loss":0.16422860002459133,"loss":0.16985955436089195,"epoch":14,"_runtime":61.1498484,"test_accuracy":0.7624,"_timestamp":1.742066535257763e+09,"val_accuracy":0.781,"test_loss":0.17307637137683124,"_step":17,"accuracy":0.7708333333333334,"examples":{"_type":"image-file","sha256":"75cf3f2d6042056b9d89df460d23ed8f265f2d2a3c6eed2b5cf3bc7f22904ecc","size":29574,"path":"media/images/examples_17_75cf3f2d6042056b9d89.png","format":"png","width":1200,"height":600}}