{"val_accuracy":0.8741666666666666,"confusion_matrix":{"size":63066,"path":"media/images/confusion_matrix_6_e397f5c646ec8692c702.png","format":"png","width":1000,"height":800,"_type":"image-file","sha256":"e397f5c646ec8692c7022a0681bd6ff45c116e2a44716c5aef8b2641bf0bbd41"},"val_loss":0.36374394201277715,"examples":{"width":1200,"height":600,"_type":"image-file","sha256":"3b17a40d3c0003481150ce3cd5e234db4ef06f1019885019f6a3fed9b4772b2e","size":23873,"path":"media/images/examples_7_3b17a40d3c0003481150.png","format":"png"},"_timestamp":1.7415506754183805e+09,"test_loss":0.40215432930411155,"_wandb":{"runtime":32},"epoch":4,"_runtime":32.4038005,"_step":7,"loss":0.3572301024513378,"test_accuracy":0.8621,"accuracy":0.8789432760663507}