{"test_accuracy":0.879,"_wandb":{"runtime":98},"_timestamp":1.7415453631462512e+09,"_step":12,"examples":{"height":600,"_type":"image-file","sha256":"3b17a40d3c0003481150ce3cd5e234db4ef06f1019885019f6a3fed9b4772b2e","size":23873,"path":"media/images/examples_12_3b17a40d3c0003481150.png","format":"png","width":1200},"val_loss":0.08180612964431352,"epoch":9,"accuracy":0.9044912618483413,"test_loss":0.08838943849132906,"loss":0.07042714357536242,"confusion_matrix":{"format":"png","width":1000,"height":800,"_type":"image-file","sha256":"de276a46c04e22917d5dcf08934f839d0c0e3fb06cbe2849286e17bfc74554f3","size":61261,"path":"media/images/confusion_matrix_11_de276a46c04e22917d5d.png"},"val_accuracy":0.8856666666666667,"_runtime":98.8034261}