{"test_loss":0.10131716844176915,"_runtime":31.1914287,"loss":0.0867745883982073,"val_accuracy":0.8683333333333333,"_timestamp":1.7415637336883357e+09,"_wandb":{"runtime":31},"epoch":9,"test_accuracy":0.8577,"_step":12,"accuracy":0.8809797097156398,"val_loss":0.0933473912290605,"confusion_matrix":{"height":800,"_type":"image-file","sha256":"a5011f70e592ddef7d6f2de8f53ac286f71a4d8e5ae8842c84d7e70e883e1e70","size":60465,"path":"media/images/confusion_matrix_11_a5011f70e592ddef7d6f.png","format":"png","width":1000},"examples":{"width":1200,"height":600,"_type":"image-file","sha256":"3b17a40d3c0003481150ce3cd5e234db4ef06f1019885019f6a3fed9b4772b2e","size":23873,"path":"media/images/examples_12_3b17a40d3c0003481150.png","format":"png"}}