{"_timestamp":1.741563043498548e+09,"_wandb":{"runtime":78},"loss":0.08631747783389188,"epoch":9,"val_accuracy":0.8555,"examples":{"sha256":"3b17a40d3c0003481150ce3cd5e234db4ef06f1019885019f6a3fed9b4772b2e","size":23873,"path":"media/images/examples_12_3b17a40d3c0003481150.png","format":"png","width":1200,"height":600,"_type":"image-file"},"_runtime":78.4050699,"_step":12,"test_accuracy":0.849,"test_loss":0.10923968676994605,"val_loss":0.10594790199835684,"confusion_matrix":{"format":"png","width":1000,"height":800,"_type":"image-file","sha256":"3d7973d0bb3448b23b1f4599f1de49d103da424f021f0147564efc50e8c608d9","size":60877,"path":"media/images/confusion_matrix_11_3d7973d0bb3448b23b1f.png"},"accuracy":0.8821583728278041}