{"_wandb":{"runtime":169},"test_loss":0.39577059387999336,"test_accuracy":0.8665,"loss":0.3373291037977442,"_timestamp":1.7421156203443918e+09,"_runtime":169.1819501,"_step":12,"val_accuracy":0.8783333333333333,"accuracy":0.8892037037037037,"examples":{"width":1200,"height":600,"_type":"image-file","sha256":"75cf3f2d6042056b9d89df460d23ed8f265f2d2a3c6eed2b5cf3bc7f22904ecc","size":29574,"path":"media/images/examples_12_75cf3f2d6042056b9d89.png","format":"png"},"epoch":9,"val_loss":0.3587740781378185,"confusion_matrix":{"sha256":"16e52f5488f0a32b16979c2b7ebd18525cd89db5e5e90a44d4677b7923efe7d7","size":62525,"path":"media/images/confusion_matrix_11_16e52f5488f0a32b1697.png","format":"png","width":1000,"height":800,"_type":"image-file"}}