{"_runtime":36.3527437,"epoch":4,"_timestamp":1.7415657671004212e+09,"_wandb":{"runtime":36},"_step":7,"test_accuracy":0.8718,"val_loss":0.36500924991309003,"val_accuracy":0.8796666666666667,"confusion_matrix":{"path":"media/images/confusion_matrix_6_c295b5e785f2d7c0ab87.png","format":"png","width":1000,"height":800,"_type":"image-file","sha256":"c295b5e785f2d7c0ab87922ef9b22a1a91f9692779d2053d36493a0942c45055","size":62326},"examples":{"width":1200,"height":600,"_type":"image-file","sha256":"3b17a40d3c0003481150ce3cd5e234db4ef06f1019885019f6a3fed9b4772b2e","size":23873,"path":"media/images/examples_7_3b17a40d3c0003481150.png","format":"png"},"loss":0.3536923970304583,"test_loss":0.3929368462144852,"accuracy":0.8799429798578199}