{"examples":{"sha256":"75cf3f2d6042056b9d89df460d23ed8f265f2d2a3c6eed2b5cf3bc7f22904ecc","size":29574,"path":"media/images/examples_22_75cf3f2d6042056b9d89.png","format":"png","width":1200,"height":600,"_type":"image-file"},"_runtime":572.98163,"val_accuracy":0.8745,"accuracy":0.8877222222222222,"_wandb":{"runtime":573},"confusion_matrix":{"height":800,"_type":"image-file","sha256":"76a07420639f1d5a6adb3b9f14a7483470bde55d8bce24f691a688a684e38a87","size":62265,"path":"media/images/confusion_matrix_21_76a07420639f1d5a6adb.png","format":"png","width":1000},"_step":22,"epoch":19,"loss":0.35342435160489577,"test_accuracy":0.8616,"val_loss":0.39142941385505636,"_timestamp":1.7421414088362381e+09,"test_loss":0.42549786092936376}