{"loss":0.3129953750650608,"examples":{"width":1200,"height":600,"_type":"image-file","sha256":"75cf3f2d6042056b9d89df460d23ed8f265f2d2a3c6eed2b5cf3bc7f22904ecc","size":29574,"path":"media/images/examples_12_75cf3f2d6042056b9d89.png","format":"png"},"test_accuracy":0.8683,"_step":12,"epoch":9,"val_loss":0.3632968323745903,"val_accuracy":0.878,"test_loss":0.39801151050817024,"confusion_matrix":{"_type":"image-file","sha256":"61183e0ee3f411f88097ae50a84e32b02e4c806823337305c60fe62c0d7c46b0","size":61683,"path":"media/images/confusion_matrix_11_61183e0ee3f411f88097.png","format":"png","width":1000,"height":800},"_timestamp":1.742074151648678e+09,"_runtime":86.9682681,"_wandb":{"runtime":87},"accuracy":0.8953519944707742}