{"examples":{"_type":"image-file","sha256":"75cf3f2d6042056b9d89df460d23ed8f265f2d2a3c6eed2b5cf3bc7f22904ecc","size":29574,"path":"media/images/examples_22_75cf3f2d6042056b9d89.png","format":"png","width":1200,"height":600},"_wandb":{"runtime":263},"val_accuracy":0.8796666666666667,"confusion_matrix":{"height":800,"_type":"image-file","sha256":"ccbaddf0a47e295517fa1c26024349fdee9aa805257f8146d3ddf1d753236e69","size":61813,"path":"media/images/confusion_matrix_21_ccbaddf0a47e295517fa.png","format":"png","width":1000},"loss":0.2815519301201138,"val_loss":0.3496867524604598,"test_loss":0.37521186230755593,"_step":22,"_timestamp":1.7421386395412967e+09,"test_accuracy":0.8732,"accuracy":0.9106561018957346,"_runtime":263.6897786,"epoch":19}