{"confusion_matrix":{"_type":"image-file","sha256":"e0113fa405065278ba09ce925bcc0df1d1b9fac5e0fb39a1d20648e1698b63c0","size":60539,"path":"media/images/confusion_matrix_6_e0113fa405065278ba09.png","format":"png","width":1000,"height":800},"test_accuracy":0.8679,"_timestamp":1.7415497038801794e+09,"test_loss":0.09553017250427025,"loss":0.08164661200182305,"_runtime":31.5820925,"epoch":4,"accuracy":0.8883540679304898,"_step":7,"val_accuracy":0.8818333333333334,"val_loss":0.08607320672809701,"examples":{"format":"png","width":1200,"height":600,"_type":"image-file","sha256":"3b17a40d3c0003481150ce3cd5e234db4ef06f1019885019f6a3fed9b4772b2e","size":23873,"path":"media/images/examples_7_3b17a40d3c0003481150.png"},"_wandb":{"runtime":31}}