{"test_accuracy":0.8795,"_wandb":{"runtime":253},"examples":{"path":"media/images/examples_12_3b17a40d3c0003481150.png","format":"png","width":1200,"height":600,"_type":"image-file","sha256":"3b17a40d3c0003481150ce3cd5e234db4ef06f1019885019f6a3fed9b4772b2e","size":23873},"confusion_matrix":{"width":1000,"height":800,"_type":"image-file","sha256":"7e7aacfb9379adad3ce2865484aa1e6aa7cac4db90c02558b5c9d9a5adbdd435","size":60423,"path":"media/images/confusion_matrix_11_7e7aacfb9379adad3ce2.png","format":"png"},"val_loss":0.08135654717804813,"_runtime":253.9183312,"test_loss":0.08814891329188515,"epoch":9,"loss":0.07184821858603911,"val_accuracy":0.886,"_step":12,"accuracy":0.9026851851851851,"_timestamp":1.7415471443985503e+09}