{"_step":22,"val_loss":0.3250010946968679,"examples":{"path":"media/images/examples_22_75cf3f2d6042056b9d89.png","format":"png","width":1200,"height":600,"_type":"image-file","sha256":"75cf3f2d6042056b9d89df460d23ed8f265f2d2a3c6eed2b5cf3bc7f22904ecc","size":29574},"_runtime":310.3625704,"val_accuracy":0.8878333333333334,"test_accuracy":0.8767,"test_loss":0.36756907695902424,"_timestamp":1.742144095558642e+09,"epoch":19,"loss":0.2825349761340376,"_wandb":{"runtime":310},"confusion_matrix":{"format":"png","width":1000,"height":800,"_type":"image-file","sha256":"b85db701aad887b946ee5c57d4e81e4d54c640caedddebd6ee38906247469985","size":60525,"path":"media/images/confusion_matrix_21_b85db701aad887b946ee.png"},"accuracy":0.9106561018957346}