{"accuracy":0.8963888888888889,"examples":{"width":1200,"height":600,"_type":"image-file","sha256":"3b17a40d3c0003481150ce3cd5e234db4ef06f1019885019f6a3fed9b4772b2e","size":23873,"path":"media/images/examples_12_3b17a40d3c0003481150.png","format":"png"},"val_accuracy":0.8826666666666667,"_step":12,"val_loss":0.08366023686295525,"_timestamp":1.741545997360548e+09,"_wandb":{"runtime":165},"test_loss":0.0900424636120892,"_runtime":165.7894559,"confusion_matrix":{"_type":"image-file","sha256":"e0c0dcacfa8be1c4734fe2e3fc433a80569b7cf1b55a372bb078d0e681b8d9b4","size":60561,"path":"media/images/confusion_matrix_11_e0c0dcacfa8be1c4734f.png","format":"png","width":1000,"height":800},"epoch":9,"loss":0.07655475091130669,"test_accuracy":0.8764}