{"test_accuracy":0.1,"test_loss":0.45000535703768235,"_wandb":{"runtime":191},"examples":{"height":600,"_type":"image-file","sha256":"75cf3f2d6042056b9d89df460d23ed8f265f2d2a3c6eed2b5cf3bc7f22904ecc","size":29574,"path":"media/images/examples_17_75cf3f2d6042056b9d89.png","format":"png","width":1200},"accuracy":0.09831481481481481,"val_loss":0.4499990596429631,"_step":17,"_timestamp":1.7420655956076255e+09,"confusion_matrix":{"height":800,"_type":"image-file","sha256":"f48973bcd5afde71a19530ed7e355e7c7695692b6412dec21399dad952c2fc8b","size":45194,"path":"media/images/confusion_matrix_16_f48973bcd5afde71a195.png","format":"png","width":1000},"loss":0.4500054675260616,"_runtime":191.2064916,"epoch":14,"val_accuracy":0.10283333333333333}