{"test_loss":1.188435749326099,"examples":{"path":"media/images/examples_7_3b17a40d3c0003481150.png","format":"png","width":1200,"height":600,"_type":"image-file","sha256":"3b17a40d3c0003481150ce3cd5e234db4ef06f1019885019f6a3fed9b4772b2e","size":23873},"epoch":4,"_wandb":{"runtime":21},"loss":1.2524467953901446,"val_accuracy":0.5368333333333334,"_step":7,"test_accuracy":0.5317,"_timestamp":1.7415369532508116e+09,"_runtime":21.2990924,"accuracy":0.501462529620853,"confusion_matrix":{"size":61610,"path":"media/images/confusion_matrix_6_2354fd6b10498bffcc97.png","format":"png","width":1000,"height":800,"_type":"image-file","sha256":"2354fd6b10498bffcc9789423f2805d97f6c2c20bf862d45fe817ec6de0ef966"},"val_loss":1.1785990722429163}