{"_timestamp":1.7415585282420673e+09,"confusion_matrix":{"size":60924,"path":"media/images/confusion_matrix_11_c81b840bd309edec153c.png","format":"png","width":1000,"height":800,"_type":"image-file","sha256":"c81b840bd309edec153c09f776ba1269eedc3bf264cf8249eccc17585fd57903"},"test_loss":0.3979037317193285,"examples":{"height":600,"_type":"image-file","sha256":"3b17a40d3c0003481150ce3cd5e234db4ef06f1019885019f6a3fed9b4772b2e","size":23873,"path":"media/images/examples_12_3b17a40d3c0003481150.png","format":"png","width":1200},"_runtime":110.8507899,"loss":0.32251525684203913,"accuracy":0.8945185185185185,"test_accuracy":0.8732,"epoch":9,"val_accuracy":0.8811666666666667,"val_loss":0.3735798871854563,"_wandb":{"runtime":110},"_step":12}