{"_wandb":{"runtime":145},"val_accuracy":0.8893333333333333,"predictions":{"width":2250,"height":900,"_type":"image-file","sha256":"9ae1769a730c1347ef9ad4da58316b5cda22e91786c91fd9a74f615e83fe19fe","size":55322,"path":"media/images/predictions_22_9ae1769a730c1347ef9a.png","format":"png"},"_runtime":145.9018076,"loss":0.25404671067505014,"accuracy":0.9216096465244865,"epoch":19,"test_accuracy":0.8757,"_step":22,"_timestamp":1.742226343758288e+09,"val_loss":0.34621575933831505,"test_loss":0.38079016056895537,"confusion_matrix":{"path":"media/images/confusion_matrix_21_10269ba7d9510cd5f641.png","format":"png","width":4447,"height":4163,"_type":"image-file","sha256":"10269ba7d9510cd5f6413715cd61a0e0802c7a6e9b4a51a2d7b4975f40a1c7bf","size":396956}}