{"examples":{"size":29574,"path":"media/images/examples_22_75cf3f2d6042056b9d89.png","format":"png","width":1200,"height":600,"_type":"image-file","sha256":"75cf3f2d6042056b9d89df460d23ed8f265f2d2a3c6eed2b5cf3bc7f22904ecc"},"test_loss":0.4026658965838697,"test_accuracy":0.8748,"_step":22,"_wandb":{"runtime":166},"confusion_matrix":{"sha256":"5ecde3d99f966aad87c96f47f29085533115d4e4c29c6691019fe687ef0c251c","size":62259,"path":"media/images/confusion_matrix_21_5ecde3d99f966aad87c9.png","format":"png","width":1000,"height":800,"_type":"image-file"},"val_loss":0.38100172125361215,"_timestamp":1.7421216548773472e+09,"val_accuracy":0.8845,"epoch":19,"loss":0.3160433399540802,"_runtime":166.1947104,"accuracy":0.9014366113744076}