{"_step":7,"epoch":4,"loss":0.18896851068294782,"test_accuracy":0.7504,"_wandb":{"runtime":25},"_timestamp":1.74153225600059e+09,"test_loss":0.18646576308388954,"val_accuracy":0.7631666666666667,"examples":{"_type":"image-file","sha256":"3b17a40d3c0003481150ce3cd5e234db4ef06f1019885019f6a3fed9b4772b2e","size":23873,"path":"media/images/examples_7_3b17a40d3c0003481150.png","format":"png","width":1200,"height":600},"_runtime":25.2886008,"val_loss":0.1793143880682013,"confusion_matrix":{"format":"png","width":1000,"height":800,"_type":"image-file","sha256":"f64e526b4aedd8c8fa98f3e15cef245e1bfa791dad37ccabdb421ed093e65ad5","size":64997,"path":"media/images/confusion_matrix_6_f64e526b4aedd8c8fa98.png"},"accuracy":0.7352389415481833}