{"examples":{"format":"png","width":1200,"height":600,"_type":"image-file","sha256":"3b17a40d3c0003481150ce3cd5e234db4ef06f1019885019f6a3fed9b4772b2e","size":23873,"path":"media/images/examples_7_3b17a40d3c0003481150.png"},"_timestamp":1.741546298021381e+09,"_runtime":59.1463861,"val_accuracy":0.8765,"epoch":4,"loss":0.08322148046443648,"accuracy":0.8850340639810427,"test_loss":0.0951253568406061,"confusion_matrix":{"_type":"image-file","sha256":"87840123fd66ad1e989a95b66f761c228d63d9d9e803b2fca773b409b621a943","size":60909,"path":"media/images/confusion_matrix_6_87840123fd66ad1e989a.png","format":"png","width":1000,"height":800},"_step":7,"_wandb":{"runtime":59},"val_loss":0.08928901078869035,"test_accuracy":0.8674}