{"_runtime":64.9120045,"val_loss":0.37165542215737213,"_wandb":{"runtime":64},"val_accuracy":0.8746666666666667,"epoch":4,"test_accuracy":0.8623,"accuracy":0.8829791172985783,"test_loss":0.40575254815721673,"examples":{"height":600,"_type":"image-file","sha256":"3b17a40d3c0003481150ce3cd5e234db4ef06f1019885019f6a3fed9b4772b2e","size":23873,"path":"media/images/examples_7_3b17a40d3c0003481150.png","format":"png","width":1200},"confusion_matrix":{"width":1000,"height":800,"_type":"image-file","sha256":"75c9b7644e93adc587ef814731bac4e0d6cae55139568f74fa21f1586426b14b","size":61395,"path":"media/images/confusion_matrix_6_75c9b7644e93adc587ef.png","format":"png"},"loss":0.35109099482225853,"_step":7,"_timestamp":1.7415627593935316e+09}