{"_step":22,"epoch":19,"test_accuracy":0.193,"val_accuracy":0.1895,"confusion_matrix":{"width":1000,"height":800,"_type":"image-file","sha256":"7d5bd3cb8adedbb962f8562949e089725998a9863404245cd96808bfcd45385c","size":75664,"path":"media/images/confusion_matrix_21_7d5bd3cb8adedbb962f8.png","format":"png"},"_timestamp":1.7420645346974075e+09,"loss":0.43583403046071745,"_wandb":{"runtime":75},"accuracy":0.18585234004739337,"test_loss":0.43536529442768696,"val_loss":0.4354956445881514,"_runtime":75.3339612,"examples":{"sha256":"75cf3f2d6042056b9d89df460d23ed8f265f2d2a3c6eed2b5cf3bc7f22904ecc","size":29574,"path":"media/images/examples_22_75cf3f2d6042056b9d89.png","format":"png","width":1200,"height":600,"_type":"image-file"}}