{"val_loss":0.09946588819310098,"loss":0.09725570377666848,"epoch":4,"examples":{"size":23873,"path":"media/images/examples_7_3b17a40d3c0003481150.png","format":"png","width":1200,"height":600,"_type":"image-file","sha256":"3b17a40d3c0003481150ce3cd5e234db4ef06f1019885019f6a3fed9b4772b2e"},"_timestamp":1.741545123576324e+09,"confusion_matrix":{"size":62468,"path":"media/images/confusion_matrix_6_e0be6e840caeb17046ce.png","format":"png","width":1000,"height":800,"_type":"image-file","sha256":"e0be6e840caeb17046ce0ae54cc00f83c2a23302bd67540364773151c30875ca"},"test_loss":0.10793369691937707,"_wandb":{"runtime":39},"test_accuracy":0.8507,"_runtime":39.2147924,"_step":7,"accuracy":0.8680082444707742,"val_accuracy":0.8631666666666666}