{"test_loss":0.10113710640185318,"test_accuracy":0.8652,"epoch":9,"val_accuracy":0.8775,"_wandb":{"runtime":59},"accuracy":0.8805185185185185,"examples":{"path":"media/images/examples_12_3b17a40d3c0003481150.png","format":"png","width":1200,"height":600,"_type":"image-file","sha256":"3b17a40d3c0003481150ce3cd5e234db4ef06f1019885019f6a3fed9b4772b2e","size":23873},"_runtime":59.2374791,"_timestamp":1.7415639942760954e+09,"_step":12,"loss":0.09053542702876945,"val_loss":0.0919102415953229,"confusion_matrix":{"size":61093,"path":"media/images/confusion_matrix_11_d47d65657e9b6a7215d7.png","format":"png","width":1000,"height":800,"_type":"image-file","sha256":"d47d65657e9b6a7215d788026b91e6f45b22fa1e632a681917aa944a7d82c981"}}