{"_step":12,"epoch":9,"test_accuracy":0.8582,"_wandb":{"runtime":88},"examples":{"size":23873,"path":"media/images/examples_12_3b17a40d3c0003481150.png","format":"png","width":1200,"height":600,"_type":"image-file","sha256":"3b17a40d3c0003481150ce3cd5e234db4ef06f1019885019f6a3fed9b4772b2e"},"accuracy":0.8867928021327014,"val_loss":0.09989957681026138,"_runtime":88.0037272,"test_loss":0.10504591780349835,"val_accuracy":0.8643333333333333,"loss":0.08467106939533077,"_timestamp":1.741555702014634e+09,"confusion_matrix":{"width":1000,"height":800,"_type":"image-file","sha256":"86c7a54a3374e5e6d19625c9da136aa8a984f161b82aa70b7e58b4fefa70cac3","size":61168,"path":"media/images/confusion_matrix_11_86c7a54a3374e5e6d196.png","format":"png"}}