{"loss":0.07071602158927576,"_wandb":{"runtime":133},"val_accuracy":0.8866666666666667,"_timestamp":1.741530071374365e+09,"_step":12,"test_loss":0.08738786424599526,"examples":{"sha256":"3b17a40d3c0003481150ce3cd5e234db4ef06f1019885019f6a3fed9b4772b2e","size":23873,"path":"media/images/examples_12_3b17a40d3c0003481150.png","format":"png","width":1200,"height":600,"_type":"image-file"},"_runtime":133.2326263,"val_loss":0.08075102727255459,"accuracy":0.9031521524486571,"epoch":9,"test_accuracy":0.8803,"confusion_matrix":{"size":60918,"path":"media/images/confusion_matrix_11_5f0a8ae71e018901ba66.png","format":"png","width":1000,"height":800,"_type":"image-file","sha256":"5f0a8ae71e018901ba660991f4a56a6c232ae436a65e124d0baade80190411af"}}