{"epoch":19,"loss":0.34214212316939174,"_wandb":{"runtime":140},"_timestamp":1.742118502398267e+09,"val_accuracy":0.8773333333333333,"val_loss":0.3825606016572483,"_step":22,"accuracy":0.8938154127172196,"examples":{"path":"media/images/examples_22_75cf3f2d6042056b9d89.png","format":"png","width":1200,"height":600,"_type":"image-file","sha256":"75cf3f2d6042056b9d89df460d23ed8f265f2d2a3c6eed2b5cf3bc7f22904ecc","size":29574},"test_loss":0.40960914670790854,"test_accuracy":0.8659,"confusion_matrix":{"path":"media/images/confusion_matrix_21_5db63dcef18c7fb8b5ae.png","format":"png","width":1000,"height":800,"_type":"image-file","sha256":"5db63dcef18c7fb8b5ae38a74a63f9e84a8a0a1f13d4e47d6fc62ea7a00abd1e","size":62423},"_runtime":140.918855}