{"_runtime":323.581538,"loss":0.45006036375134406,"accuracy":0.0972962962962963,"val_accuracy":0.10033333333333333,"val_loss":0.45001268329384203,"confusion_matrix":{"format":"png","width":1000,"height":800,"_type":"image-file","sha256":"52078e3460fc88c3d22fb8278017914305fbd3bdfd0183490eb31b83caf1886d","size":44781,"path":"media/images/confusion_matrix_16_52078e3460fc88c3d22f.png"},"_wandb":{"runtime":323},"examples":{"width":1200,"height":600,"_type":"image-file","sha256":"75cf3f2d6042056b9d89df460d23ed8f265f2d2a3c6eed2b5cf3bc7f22904ecc","size":29574,"path":"media/images/examples_17_75cf3f2d6042056b9d89.png","format":"png"},"epoch":14,"_timestamp":1.7420691992204978e+09,"test_loss":0.4500058059674582,"test_accuracy":0.1,"_step":17}