{"epoch":14,"loss":0.3940941972789085,"_wandb":{"runtime":83},"accuracy":0.8879097551342813,"_runtime":83.6170601,"val_accuracy":0.869,"_timestamp":1.7421152913077574e+09,"_step":17,"test_accuracy":0.8633,"val_loss":0.44399150729856723,"confusion_matrix":{"height":800,"_type":"image-file","sha256":"d015bb2838b362cb394e43f881cbd3af9026699189858d2bf2fa3a2278689a4f","size":60851,"path":"media/images/confusion_matrix_16_d015bb2838b362cb394e.png","format":"png","width":1000},"examples":{"path":"media/images/examples_17_75cf3f2d6042056b9d89.png","format":"png","width":1200,"height":600,"_type":"image-file","sha256":"75cf3f2d6042056b9d89df460d23ed8f265f2d2a3c6eed2b5cf3bc7f22904ecc","size":29574},"test_loss":0.46491766853082056}