{"test_loss":0.10468426539401157,"test_accuracy":0.8564,"_runtime":50.9697091,"loss":0.09640979077199945,"val_accuracy":0.8711666666666666,"examples":{"format":"png","width":1200,"height":600,"_type":"image-file","sha256":"3b17a40d3c0003481150ce3cd5e234db4ef06f1019885019f6a3fed9b4772b2e","size":23873,"path":"media/images/examples_7_3b17a40d3c0003481150.png"},"_timestamp":1.7415490294235067e+09,"epoch":4,"accuracy":0.8675762736966824,"_wandb":{"runtime":51},"_step":7,"val_loss":0.0946506383912788,"confusion_matrix":{"width":1000,"height":800,"_type":"image-file","sha256":"8698be8214266049ec2d745d5d2ef6b2b0956992a823fb88be5702337259b226","size":62840,"path":"media/images/confusion_matrix_6_8698be8214266049ec2d.png","format":"png"}}