{"confusion_matrix":{"sha256":"40689ad73f6fe48c16dbe358db5cbc1662bc725719d4c4f6ff4d9b886509d8d1","size":45101,"path":"media/images/confusion_matrix_11_40689ad73f6fe48c16db.png","format":"png","width":1000,"height":800,"_type":"image-file"},"accuracy":0.09718518518518518,"val_loss":2.3025691679095783,"val_accuracy":0.10716666666666666,"_runtime":152.4595759,"test_loss":2.3025880480039826,"examples":{"path":"media/images/examples_12_3b17a40d3c0003481150.png","format":"png","width":1200,"height":600,"_type":"image-file","sha256":"3b17a40d3c0003481150ce3cd5e234db4ef06f1019885019f6a3fed9b4772b2e","size":23873},"_wandb":{"runtime":152},"test_accuracy":0.1,"epoch":9,"_timestamp":1.7415641951705678e+09,"loss":2.3026113890204933,"_step":12}