{"_wandb":{"runtime":18},"test_loss":0.43360949737555704,"accuracy":0.8760614139020537,"test_accuracy":0.8582,"_timestamp":1.7415293470583022e+09,"val_loss":0.40940561904039857,"loss":0.36507755021545896,"_step":7,"confusion_matrix":{"format":"png","width":1000,"height":800,"_type":"image-file","sha256":"2e67df3877e5f3d5593f40e7270b60630afcc793ac9eecb381e08ed0efb64df4","size":61884,"path":"media/images/confusion_matrix_6_2e67df3877e5f3d5593f.png"},"val_accuracy":0.8703333333333333,"_runtime":18.9549441,"examples":{"_type":"image-file","sha256":"3b17a40d3c0003481150ce3cd5e234db4ef06f1019885019f6a3fed9b4772b2e","size":23873,"path":"media/images/examples_7_3b17a40d3c0003481150.png","format":"png","width":1200,"height":600},"epoch":4}