{"val_loss":0.3539784285848233,"epoch":14,"_timestamp":1.7421165031582127e+09,"_runtime":205.4787541,"test_accuracy":0.8707,"_wandb":{"runtime":205},"loss":0.29281862231759626,"_step":17,"val_accuracy":0.884,"confusion_matrix":{"size":60257,"path":"media/images/confusion_matrix_16_90433e076aea85d547de.png","format":"png","width":1000,"height":800,"_type":"image-file","sha256":"90433e076aea85d547de3fba01edfc59a0ccffdc64428b8fd2332ef63d42ae77"},"examples":{"_type":"image-file","sha256":"75cf3f2d6042056b9d89df460d23ed8f265f2d2a3c6eed2b5cf3bc7f22904ecc","size":29574,"path":"media/images/examples_17_75cf3f2d6042056b9d89.png","format":"png","width":1200,"height":600},"test_loss":0.3846883270560449,"accuracy":0.9037222222222222}