{"_wandb":{"runtime":295},"val_loss":2.302599932740558,"loss":2.3025888452128314,"accuracy":0.09827777777777778,"_runtime":295.0339996,"examples":{"format":"png","width":1200,"height":600,"_type":"image-file","sha256":"75cf3f2d6042056b9d89df460d23ed8f265f2d2a3c6eed2b5cf3bc7f22904ecc","size":29574,"path":"media/images/examples_17_75cf3f2d6042056b9d89.png"},"epoch":14,"val_accuracy":0.09333333333333334,"test_accuracy":0.1,"_timestamp":1.7421102510181334e+09,"test_loss":2.3025853711426807,"_step":17,"confusion_matrix":{"sha256":"24a617a8756e9b2d61681d6508f31a83b306fcb5703888b5b2a122aba43d688d","size":44800,"path":"media/images/confusion_matrix_16_24a617a8756e9b2d6168.png","format":"png","width":1000,"height":800,"_type":"image-file"}}