{"CE_test_accuracy":0.8774,"comparison_plots":{"format":"png","width":6000,"height":3600,"_type":"image-file","sha256":"2d7968a3a9e4ea382bb2ed953601e4c34a6034b2653a0f6fb7cdd8a13f6c351c","size":530594,"path":"media/images/comparison_plots_1_2d7968a3a9e4ea382bb2.png"},"_timestamp":1.7422212828461883e+09,"MSE_test_accuracy":0.8725,"_runtime":3.8952337999999997,"_step":1,"MSE_test_loss":0.0953167992625848,"_wandb":{"runtime":3},"CE_test_loss":0.36989825851198793}