{"confusion_matrix":{"width":1000,"height":800,"_type":"image-file","sha256":"bad6efe4170ea185e7e35fa4394f973c9d226dbc1365638dae9268a3776211cb","size":60490,"path":"media/images/confusion_matrix_6_bad6efe4170ea185e7e3.png","format":"png"},"examples":{"sha256":"3b17a40d3c0003481150ce3cd5e234db4ef06f1019885019f6a3fed9b4772b2e","size":23873,"path":"media/images/examples_7_3b17a40d3c0003481150.png","format":"png","width":1200,"height":600,"_type":"image-file"},"val_loss":0.09024501528025164,"_runtime":48.7380372,"val_accuracy":0.8758333333333334,"epoch":4,"test_loss":0.09981616932144344,"test_accuracy":0.8618,"_wandb":{"runtime":48},"_timestamp":1.7415457847637115e+09,"accuracy":0.880887144549763,"_step":7,"loss":0.08598884549590698}