{"val_loss":0.49571578121309473,"_timestamp":1.7415295122703028e+09,"_step":12,"epoch":9,"_wandb":{"runtime":77},"loss":0.36238342820702923,"examples":{"path":"media/images/examples_12_3b17a40d3c0003481150.png","format":"png","width":1200,"height":600,"_type":"image-file","sha256":"3b17a40d3c0003481150ce3cd5e234db4ef06f1019885019f6a3fed9b4772b2e","size":23873},"val_accuracy":0.886,"confusion_matrix":{"path":"media/images/confusion_matrix_11_23a08a33d1d1bd5171bb.png","format":"png","width":1000,"height":800,"_type":"image-file","sha256":"23a08a33d1d1bd5171bb84d2aea50233d06f9bad978babfd5c1bdbfe02b4e1b7","size":60991},"test_loss":0.5235356860560065,"_runtime":77.4272737,"test_accuracy":0.8773,"accuracy":0.8975427033965244}