{"_step":22,"_timestamp":1.7421444457049844e+09,"_wandb":{"runtime":343},"val_loss":0.3323765906436027,"test_loss":0.3586241523392503,"examples":{"_type":"image-file","sha256":"75cf3f2d6042056b9d89df460d23ed8f265f2d2a3c6eed2b5cf3bc7f22904ecc","size":29574,"path":"media/images/examples_22_75cf3f2d6042056b9d89.png","format":"png","width":1200,"height":600},"confusion_matrix":{"width":1000,"height":800,"_type":"image-file","sha256":"a9dc80207b585bf759726411491e0092f2986261496c190a5cd532ea0a8a0724","size":60982,"path":"media/images/confusion_matrix_21_a9dc80207b585bf75972.png","format":"png"},"val_accuracy":0.8878333333333334,"test_accuracy":0.8783,"epoch":19,"accuracy":0.9206901658767772,"_runtime":343.4781425,"loss":0.2526929655203419}