{"test_loss":0.09494237504769674,"test_accuracy":0.8681,"confusion_matrix":{"height":800,"_type":"image-file","sha256":"21f999373904843d5bbae9f2c244c80b357bfc641bfd3481b4a6abd1f71fcb94","size":60047,"path":"media/images/confusion_matrix_11_21f999373904843d5bba.png","format":"png","width":1000},"_step":12,"val_accuracy":0.881,"val_loss":0.08554676114709815,"_timestamp":1.7415592697546654e+09,"_runtime":301.1909415,"epoch":9,"_wandb":{"runtime":301},"examples":{"sha256":"3b17a40d3c0003481150ce3cd5e234db4ef06f1019885019f6a3fed9b4772b2e","size":23873,"path":"media/images/examples_12_3b17a40d3c0003481150.png","format":"png","width":1200,"height":600,"_type":"image-file"},"accuracy":0.8951481481481481,"loss":0.0762356523739318}