{"_step":12,"_timestamp":1.7415239161377614e+09,"loss":0.1634919986608024,"examples":{"sha256":"3b17a40d3c0003481150ce3cd5e234db4ef06f1019885019f6a3fed9b4772b2e","size":23873,"path":"media/images/examples_12_3b17a40d3c0003481150.png","format":"png","width":1200,"height":600,"_type":"image-file"},"_runtime":119.3666166,"epoch":9,"test_accuracy":0.77,"val_loss":0.1579178962704814,"val_accuracy":0.7791666666666667,"test_loss":0.16659472529001357,"confusion_matrix":{"path":"media/images/confusion_matrix_11_77d8a0f07d1d3c1b0493.png","format":"png","width":1000,"height":800,"_type":"image-file","sha256":"77d8a0f07d1d3c1b04939d053d961b51351213bb1849f68fe20398d552383eec","size":64133},"_wandb":{"runtime":119},"accuracy":0.7790284360189573}