{"examples":{"sha256":"3b17a40d3c0003481150ce3cd5e234db4ef06f1019885019f6a3fed9b4772b2e","size":23873,"path":"media/images/examples_12_3b17a40d3c0003481150.png","format":"png","width":1200,"height":600,"_type":"image-file"},"_runtime":75.3735149,"accuracy":0.8896376382306477,"test_accuracy":0.8641,"confusion_matrix":{"sha256":"27c0dabd1650b77ca7fd86495ebcc3ed03f1f3c942eb03ac6a1284177fa7ab98","size":61600,"path":"media/images/confusion_matrix_11_27c0dabd1650b77ca7fd.png","format":"png","width":1000,"height":800,"_type":"image-file"},"test_loss":0.09847014723460908,"val_loss":0.08977680065361501,"val_accuracy":0.8768333333333334,"_wandb":{"runtime":75},"epoch":9,"loss":0.08148919982387491,"_timestamp":1.741566792045792e+09,"_step":12}