{"_step":17,"loss":0.41975468718868764,"_runtime":355.4539677,"test_loss":0.4997210142159817,"val_loss":0.47095523196688166,"val_accuracy":0.8533333333333334,"test_accuracy":0.8437,"epoch":14,"confusion_matrix":{"path":"media/images/confusion_matrix_16_7ba4ab0f56e38dfbcd55.png","format":"png","width":1000,"height":800,"_type":"image-file","sha256":"7ba4ab0f56e38dfbcd559d4c74a83358d8993701d0d0ad1ec8dec97ea4e1dd69","size":63321},"examples":{"_type":"image-file","sha256":"75cf3f2d6042056b9d89df460d23ed8f265f2d2a3c6eed2b5cf3bc7f22904ecc","size":29574,"path":"media/images/examples_17_75cf3f2d6042056b9d89.png","format":"png","width":1200,"height":600},"_timestamp":1.742131936830452e+09,"accuracy":0.8693333333333333,"_wandb":{"runtime":355}}