{"_wandb":{"runtime":23},"_timestamp":1.7415488791591241e+09,"test_loss":0.46856426415292324,"examples":{"height":600,"_type":"image-file","sha256":"3b17a40d3c0003481150ce3cd5e234db4ef06f1019885019f6a3fed9b4772b2e","size":23873,"path":"media/images/examples_7_3b17a40d3c0003481150.png","format":"png","width":1200},"confusion_matrix":{"sha256":"f5153678fefa704cc92fa0b99ea1070344b18f92bd07fb06a208586b5482ca2d","size":63045,"path":"media/images/confusion_matrix_6_f5153678fefa704cc92f.png","format":"png","width":1000,"height":800,"_type":"image-file"},"accuracy":0.8642254146919431,"loss":0.4278689348241383,"_step":7,"epoch":4,"test_accuracy":0.8497,"_runtime":23.6058961,"val_loss":0.4342079572946923,"val_accuracy":0.8613333333333333}