{"val_accuracy":0.8678333333333333,"loss":0.09369620197379025,"examples":{"_type":"image-file","sha256":"3b17a40d3c0003481150ce3cd5e234db4ef06f1019885019f6a3fed9b4772b2e","size":23873,"path":"media/images/examples_12_3b17a40d3c0003481150.png","format":"png","width":1200,"height":600},"_runtime":200.0137116,"val_loss":0.09981321302664295,"_wandb":{"runtime":200},"_step":12,"confusion_matrix":{"path":"media/images/confusion_matrix_11_ecc38108c74dc50e10dc.png","format":"png","width":1000,"height":800,"_type":"image-file","sha256":"ecc38108c74dc50e10dcc645758b4bc8a3dc52e1e23d0390f99ea90b6f1aa03e","size":61496},"_timestamp":1.7415688023482566e+09,"test_loss":0.10633729573583973,"epoch":9,"accuracy":0.8771666666666667,"test_accuracy":0.8601}