{"loss":0.15720430290254572,"accuracy":0.7804724526066351,"_step":7,"epoch":4,"test_accuracy":0.7806,"_timestamp":1.741529076019624e+09,"_wandb":{"runtime":36},"val_loss":0.1523406122549572,"confusion_matrix":{"sha256":"90c2407e782746e3d78b0170ead337fda801917ffc8d7d18944664dd4668d771","size":65001,"path":"media/images/confusion_matrix_6_90c2407e782746e3d78b.png","format":"png","width":1000,"height":800,"_type":"image-file"},"examples":{"width":1200,"height":600,"_type":"image-file","sha256":"3b17a40d3c0003481150ce3cd5e234db4ef06f1019885019f6a3fed9b4772b2e","size":23873,"path":"media/images/examples_7_3b17a40d3c0003481150.png","format":"png"},"val_accuracy":0.7961666666666667,"_runtime":36.2160701,"test_loss":0.15948114920224046}