{"test_accuracy":0.1,"_wandb":{"runtime":24},"val_accuracy":0.09333333333333334,"val_loss":0.45000021086787806,"examples":{"width":1200,"height":600,"_type":"image-file","sha256":"3b17a40d3c0003481150ce3cd5e234db4ef06f1019885019f6a3fed9b4772b2e","size":23873,"path":"media/images/examples_7_3b17a40d3c0003481150.png","format":"png"},"loss":0.45000006614425014,"confusion_matrix":{"size":44800,"path":"media/images/confusion_matrix_6_24a617a8756e9b2d6168.png","format":"png","width":1000,"height":800,"_type":"image-file","sha256":"24a617a8756e9b2d61681d6508f31a83b306fcb5703888b5b2a122aba43d688d"},"_runtime":24.7015935,"_step":7,"epoch":4,"accuracy":0.09828569312796208,"test_loss":0.45000000031771176,"_timestamp":1.7415797854469495e+09}