{"val_accuracy":0.8635,"_timestamp":1.741563921601437e+09,"_wandb":{"runtime":75},"confusion_matrix":{"size":61941,"path":"media/images/confusion_matrix_6_64b35943549f872507e1.png","format":"png","width":1000,"height":800,"_type":"image-file","sha256":"64b35943549f872507e1ab926fc7b02646cd24c015581f4799529e54f3b7febd"},"epoch":4,"loss":0.09608887846213675,"val_loss":0.09879358602388397,"_runtime":75.7262102,"_step":7,"test_accuracy":0.8524,"accuracy":0.8692222222222222,"examples":{"width":1200,"height":600,"_type":"image-file","sha256":"3b17a40d3c0003481150ce3cd5e234db4ef06f1019885019f6a3fed9b4772b2e","size":23873,"path":"media/images/examples_7_3b17a40d3c0003481150.png","format":"png"},"test_loss":0.10706930591786012}