{"confusion_matrix":{"path":"media/images/confusion_matrix_21_06f02b33e54c83dd10a1.png","format":"png","width":1000,"height":800,"_type":"image-file","sha256":"06f02b33e54c83dd10a1326ef8d75ac6c28eb4afd39e4f267b4572164b27e8a2","size":61838},"loss":0.36032637879672014,"_timestamp":1.742124845704016e+09,"test_loss":0.45139217847006446,"test_accuracy":0.8542,"_runtime":283.06018,"epoch":19,"examples":{"height":600,"_type":"image-file","sha256":"75cf3f2d6042056b9d89df460d23ed8f265f2d2a3c6eed2b5cf3bc7f22904ecc","size":29574,"path":"media/images/examples_22_75cf3f2d6042056b9d89.png","format":"png","width":1200},"_step":22,"val_loss":0.41637040706033,"accuracy":0.8860893068720379,"val_accuracy":0.8643333333333333,"_wandb":{"runtime":283}}