{"val_accuracy":0.8825,"accuracy":0.8898968206951027,"epoch":9,"_step":12,"confusion_matrix":{"size":60738,"path":"media/images/confusion_matrix_11_111cd3ebf963ac563495.png","format":"png","width":1000,"height":800,"_type":"image-file","sha256":"111cd3ebf963ac5634959061124d15a8df64809eb42f74b24614d78723ad14d6"},"test_accuracy":0.8725,"examples":{"sha256":"3b17a40d3c0003481150ce3cd5e234db4ef06f1019885019f6a3fed9b4772b2e","size":23873,"path":"media/images/examples_12_3b17a40d3c0003481150.png","format":"png","width":1200,"height":600,"_type":"image-file"},"_wandb":{"runtime":119},"val_loss":0.08407456831616342,"loss":0.0811577580623063,"_timestamp":1.7415313189624074e+09,"test_loss":0.09346188922647504,"_runtime":119.3683533}