{"accuracy":0.9166481481481481,"test_loss":0.35020870484474603,"examples":{"sha256":"75cf3f2d6042056b9d89df460d23ed8f265f2d2a3c6eed2b5cf3bc7f22904ecc","size":29574,"path":"media/images/examples_17_75cf3f2d6042056b9d89.png","format":"png","width":1200,"height":600,"_type":"image-file"},"_timestamp":1.7421131833005161e+09,"confusion_matrix":{"format":"png","width":1000,"height":800,"_type":"image-file","sha256":"b561ac53f8c21afa9617afa751d932a0b46b1ff3948e53fa371d25f912a68937","size":62233,"path":"media/images/confusion_matrix_16_b561ac53f8c21afa9617.png"},"val_accuracy":0.893,"_step":17,"loss":0.2589505772362925,"val_loss":0.313682713802397,"_runtime":379.9350112,"_wandb":{"runtime":379},"test_accuracy":0.8843,"epoch":14}