{"val_loss":0.5182901257934759,"_wandb":{"runtime":166},"_step":17,"epoch":14,"predictions":{"path":"media/images/predictions_17_67eeaeab684241d57d46.png","format":"png","width":2250,"height":900,"_type":"image-file","sha256":"67eeaeab684241d57d46216cdf8bd1b5a8e46170a1751e87a390f696fad717a9","size":48998},"confusion_matrix":{"format":"png","width":3367,"height":2963,"_type":"image-file","sha256":"11b2e3c3ca314648cdcb59e4cb180de1c637903fa2a6f4aadaefc6f6feee5099","size":323995,"path":"media/images/confusion_matrix_16_11b2e3c3ca314648cdcb.png"},"val_accuracy":0.8463333333333334,"accuracy":0.8480820497630331,"_runtime":166.4327726,"test_loss":0.5389567983181263,"test_accuracy":0.8349,"_timestamp":1.7422082209732804e+09,"loss":0.5010503620564437}