{"_runtime":228.0246678,"test_accuracy":0.9726,"confusion_matrix":{"format":"png","width":4425,"height":4164,"_type":"image-file","sha256":"9993f806e6eeae6998932922c1d8100945a4eb96619b32f2d0e06bcccc1b7c56","size":294479,"path":"media/images/confusion_matrix_16_9993f806e6eeae699893.png"},"accuracy":0.9887592592592592,"epoch":14,"val_accuracy":0.9725,"loss":0.05642770179847521,"predictions":{"_type":"image-file","sha256":"d802a21f8118d78e2b6de487980e198e947b1a4ac6a3dd86d6e02e4364ccd352","size":27242,"path":"media/images/predictions_17_d802a21f8118d78e2b6d.png","format":"png","width":2250,"height":900},"_timestamp":1.7422313596224196e+09,"test_loss":0.09753915033297461,"val_loss":0.09382566203702696,"_wandb":{"runtime":228},"_step":17}