{"_timestamp":1.742068630962032e+09,"confusion_matrix":{"height":800,"_type":"image-file","sha256":"52078e3460fc88c3d22fb8278017914305fbd3bdfd0183490eb31b83caf1886d","size":44781,"path":"media/images/confusion_matrix_11_52078e3460fc88c3d22f.png","format":"png","width":1000},"examples":{"size":29574,"path":"media/images/examples_12_75cf3f2d6042056b9d89.png","format":"png","width":1200,"height":600,"_type":"image-file","sha256":"75cf3f2d6042056b9d89df460d23ed8f265f2d2a3c6eed2b5cf3bc7f22904ecc"},"accuracy":0.09926688388625593,"_wandb":{"runtime":82},"loss":0.45001844115804174,"test_loss":0.45000516732032103,"val_accuracy":0.10033333333333333,"_runtime":82.7668524,"epoch":9,"test_accuracy":0.1,"val_loss":0.450017689259827,"_step":12}