{"test_accuracy":0.8772,"accuracy":0.9088973637440758,"val_loss":0.3439357751888791,"test_loss":0.37380461923957664,"_wandb":{"runtime":114},"_timestamp":1.742128121710489e+09,"epoch":14,"_runtime":114.0219869,"confusion_matrix":{"format":"png","width":1000,"height":800,"_type":"image-file","sha256":"61d5042339ce0a33566f7b461ec1186cb90651059a77be949d808d6a36b15a7c","size":60961,"path":"media/images/confusion_matrix_16_61d5042339ce0a33566f.png"},"val_accuracy":0.8886666666666667,"examples":{"_type":"image-file","sha256":"75cf3f2d6042056b9d89df460d23ed8f265f2d2a3c6eed2b5cf3bc7f22904ecc","size":29574,"path":"media/images/examples_17_75cf3f2d6042056b9d89.png","format":"png","width":1200,"height":600},"_step":17,"loss":0.29071999859806463}