{"accuracy":0.8700570201421801,"epoch":4,"loss":0.09432963926169577,"test_loss":0.10886712707989361,"confusion_matrix":{"width":1000,"height":800,"_type":"image-file","sha256":"c5804a63d31e1fe0bdc079d745a3feb270958ce989a95bfa656338fc4092af5b","size":59495,"path":"media/images/confusion_matrix_6_c5804a63d31e1fe0bdc0.png","format":"png"},"_wandb":{"runtime":12},"_runtime":12.4740835,"examples":{"height":600,"_type":"image-file","sha256":"3b17a40d3c0003481150ce3cd5e234db4ef06f1019885019f6a3fed9b4772b2e","size":23873,"path":"media/images/examples_7_3b17a40d3c0003481150.png","format":"png","width":1200},"val_loss":0.09861061525424966,"_timestamp":1.7415535144794044e+09,"test_accuracy":0.8475,"_step":7,"val_accuracy":0.8638333333333333}