{"epoch":4,"test_accuracy":0.8583,"_wandb":{"runtime":54},"val_loss":0.3849802923536647,"val_accuracy":0.8731666666666666,"examples":{"path":"media/images/examples_7_3b17a40d3c0003481150.png","format":"png","width":1200,"height":600,"_type":"image-file","sha256":"3b17a40d3c0003481150ce3cd5e234db4ef06f1019885019f6a3fed9b4772b2e","size":23873},"_step":7,"test_loss":0.4223176255213644,"accuracy":0.8804798578199052,"_runtime":54.5357373,"loss":0.3637657498807064,"_timestamp":1.7415626158012686e+09,"confusion_matrix":{"size":62202,"path":"media/images/confusion_matrix_6_61537ccacd3385b13e25.png","format":"png","width":1000,"height":800,"_type":"image-file","sha256":"61537ccacd3385b13e259696de7dd2207cab6cdf3693112f12caa68de75c77f4"}}