{"val_loss":0.0921833415407145,"accuracy":0.8784619372037915,"epoch":4,"val_accuracy":0.8736666666666667,"_runtime":53.7397205,"test_loss":0.09994566159844889,"test_accuracy":0.8641,"confusion_matrix":{"height":800,"_type":"image-file","sha256":"e381741d8cd3650f8ce8155ed156e118d63183c45cd717608f54b251020ce4b9","size":61147,"path":"media/images/confusion_matrix_6_e381741d8cd3650f8ce8.png","format":"png","width":1000},"_wandb":{"runtime":53},"_timestamp":1.7415492176576235e+09,"_step":7,"examples":{"sha256":"3b17a40d3c0003481150ce3cd5e234db4ef06f1019885019f6a3fed9b4772b2e","size":23873,"path":"media/images/examples_7_3b17a40d3c0003481150.png","format":"png","width":1200,"height":600,"_type":"image-file"},"loss":0.08802338584502328}