{"val_accuracy":0.86,"_timestamp":1.7415514869057224e+09,"_step":7,"epoch":4,"loss":0.10666220726824681,"confusion_matrix":{"sha256":"ecdf9cea649b5bcccb2c7421665c2db075222fb26b85ace5f4df6b5a454f6f71","size":63659,"path":"media/images/confusion_matrix_6_ecdf9cea649b5bcccb2c.png","format":"png","width":1000,"height":800,"_type":"image-file"},"_wandb":{"runtime":18},"examples":{"path":"media/images/examples_7_3b17a40d3c0003481150.png","format":"png","width":1200,"height":600,"_type":"image-file","sha256":"3b17a40d3c0003481150ce3cd5e234db4ef06f1019885019f6a3fed9b4772b2e","size":23873},"test_accuracy":0.8457,"test_loss":0.11127939437840678,"accuracy":0.8537222222222223,"val_loss":0.10304125977343312,"_runtime":18.254301}