{"_timestamp":1.7420672184715397e+09,"examples":{"sha256":"75cf3f2d6042056b9d89df460d23ed8f265f2d2a3c6eed2b5cf3bc7f22904ecc","size":29574,"path":"media/images/examples_17_75cf3f2d6042056b9d89.png","format":"png","width":1200,"height":600,"_type":"image-file"},"loss":0.0804145449539742,"val_loss":0.090170480912694,"test_loss":0.09844535902518048,"_step":17,"val_accuracy":0.878,"_wandb":{"runtime":162},"epoch":14,"_runtime":162.6642139,"accuracy":0.8927169727488151,"confusion_matrix":{"_type":"image-file","sha256":"9d43906b9b33220b869811c61411c2a08eabd281839d1030ad2ba0273a1d81cd","size":61713,"path":"media/images/confusion_matrix_16_9d43906b9b33220b8698.png","format":"png","width":1000,"height":800},"test_accuracy":0.8659}