{"test_loss":0.6311534333647927,"val_loss":0.6074385073243433,"_wandb":{"runtime":53},"test_accuracy":0.7967,"loss":0.6107981832259459,"_step":12,"confusion_matrix":{"path":"media/images/confusion_matrix_11_460bec805cd0c243111a.png","format":"png","width":1000,"height":800,"_type":"image-file","sha256":"460bec805cd0c243111af7bd1d919964d87b99e12d5916633adecab218e0883c","size":62827},"examples":{"path":"media/images/examples_12_3b17a40d3c0003481150.png","format":"png","width":1200,"height":600,"_type":"image-file","sha256":"3b17a40d3c0003481150ce3cd5e234db4ef06f1019885019f6a3fed9b4772b2e","size":23873},"epoch":9,"val_accuracy":0.8078333333333333,"_timestamp":1.7415295727920752e+09,"_runtime":52.9872935,"accuracy":0.8060019253554502}