{"_step":22,"epoch":19,"test_accuracy":0.8777,"loss":0.29826895193260666,"_wandb":{"runtime":203},"examples":{"width":1200,"height":600,"_type":"image-file","sha256":"75cf3f2d6042056b9d89df460d23ed8f265f2d2a3c6eed2b5cf3bc7f22904ecc","size":29574,"path":"media/images/examples_22_75cf3f2d6042056b9d89.png","format":"png"},"val_accuracy":0.8896666666666667,"_runtime":203.537091,"val_loss":0.3396701827661211,"_timestamp":1.7421175741660564e+09,"test_loss":0.36891029926727464,"accuracy":0.9059537914691943,"confusion_matrix":{"width":1000,"height":800,"_type":"image-file","sha256":"1aabbec2e2efd4193ca6c2de4ec277224f1250707ade60240b8dfe0d9a0379e6","size":60735,"path":"media/images/confusion_matrix_21_1aabbec2e2efd4193ca6.png","format":"png"}}