{"_step":7,"_wandb":{"runtime":18},"confusion_matrix":{"format":"png","width":1000,"height":800,"_type":"image-file","sha256":"bf2ac0d49b5d214af1027c8961105eb4d07ca7d7f0180db008044642c889c25e","size":63755,"path":"media/images/confusion_matrix_6_bf2ac0d49b5d214af102.png"},"val_accuracy":0.8671666666666666,"_timestamp":1.7415637582425435e+09,"epoch":4,"val_loss":0.10079436184455352,"test_loss":0.11033211093027732,"_runtime":18.4916486,"examples":{"width":1200,"height":600,"_type":"image-file","sha256":"3b17a40d3c0003481150ce3cd5e234db4ef06f1019885019f6a3fed9b4772b2e","size":23873,"path":"media/images/examples_7_3b17a40d3c0003481150.png","format":"png"},"test_accuracy":0.848,"loss":0.10362877398452064,"accuracy":0.8582086789099526}