{"confusion_matrix":{"height":800,"_type":"image-file","sha256":"5685b11202ab841f287dbf7d51460b313b6980ec29bf17c1b523ca321c771e95","size":60587,"path":"media/images/confusion_matrix_11_5685b11202ab841f287d.png","format":"png","width":1000},"epoch":9,"accuracy":0.9036828593996841,"test_accuracy":0.8727,"_wandb":{"runtime":65},"val_loss":0.08868686931671571,"_runtime":65.2721675,"_step":12,"_timestamp":1.7415472519450796e+09,"examples":{"size":23873,"path":"media/images/examples_12_3b17a40d3c0003481150.png","format":"png","width":1200,"height":600,"_type":"image-file","sha256":"3b17a40d3c0003481150ce3cd5e234db4ef06f1019885019f6a3fed9b4772b2e"},"loss":0.0710536202304287,"val_accuracy":0.88,"test_loss":0.09470488038659214}