{"_timestamp":1.7415512506703167e+09,"loss":0.09229151784168753,"_wandb":{"runtime":42},"epoch":4,"examples":{"size":23873,"path":"media/images/examples_7_3b17a40d3c0003481150.png","format":"png","width":1200,"height":600,"_type":"image-file","sha256":"3b17a40d3c0003481150ce3cd5e234db4ef06f1019885019f6a3fed9b4772b2e"},"accuracy":0.8763329383886256,"test_accuracy":0.8492,"val_loss":0.10646530221441194,"val_accuracy":0.8621666666666666,"confusion_matrix":{"size":60293,"path":"media/images/confusion_matrix_6_77b6e47ef28d7becfc26.png","format":"png","width":1000,"height":800,"_type":"image-file","sha256":"77b6e47ef28d7becfc26bcdf28b028117257d44ac06e8bea62a2578a7d8d203b"},"test_loss":0.1161170629218838,"_runtime":42.8584185,"_step":7}