{"val_loss":0.0821261468913908,"val_accuracy":0.8898333333333334,"predictions":{"sha256":"43eb6338eccff8413da7f74a9aa1122207742e2fb36c43e48805dfb5aedcf840","size":55100,"path":"media/images/predictions_22_43eb6338eccff8413da7.png","format":"png","width":2250,"height":900,"_type":"image-file"},"_timestamp":1.7422237681183035e+09,"loss":0.05959117542285073,"_step":22,"epoch":19,"test_loss":0.08734018932555235,"_wandb":{"runtime":192},"accuracy":0.921819460900474,"test_accuracy":0.8814,"confusion_matrix":{"height":4163,"_type":"image-file","sha256":"c49649f389767d1a3e8739df88d07d79e432095161a9afe734bccc63b8791522","size":407185,"path":"media/images/confusion_matrix_21_c49649f389767d1a3e87.png","format":"png","width":4447},"_runtime":192.5673349}