{"test_accuracy":0.8816,"_timestamp":1.7421105742141607e+09,"_runtime":262.7174027,"test_loss":0.08766924532614842,"val_accuracy":0.8913333333333333,"_wandb":{"runtime":262},"_step":17,"epoch":14,"accuracy":0.9105185185185185,"val_loss":0.07984653217226723,"loss":0.06652064786338233,"confusion_matrix":{"sha256":"07ea8d9c060f3de5d9585ed24490b380dbcaa5a9397de3e0be8db669083bdcc1","size":61132,"path":"media/images/confusion_matrix_16_07ea8d9c060f3de5d958.png","format":"png","width":1000,"height":800,"_type":"image-file"},"examples":{"_type":"image-file","sha256":"75cf3f2d6042056b9d89df460d23ed8f265f2d2a3c6eed2b5cf3bc7f22904ecc","size":29574,"path":"media/images/examples_17_75cf3f2d6042056b9d89.png","format":"png","width":1200,"height":600}}