{"_step":17,"test_accuracy":0.8779,"_wandb":{"runtime":232},"val_loss":0.07863698132815204,"val_accuracy":0.8921666666666667,"accuracy":0.9140439869668247,"examples":{"height":600,"_type":"image-file","sha256":"75cf3f2d6042056b9d89df460d23ed8f265f2d2a3c6eed2b5cf3bc7f22904ecc","size":29574,"path":"media/images/examples_17_75cf3f2d6042056b9d89.png","format":"png","width":1200},"_runtime":232.4406437,"confusion_matrix":{"path":"media/images/confusion_matrix_16_0e2e0421588e34e8c1bb.png","format":"png","width":1000,"height":800,"_type":"image-file","sha256":"0e2e0421588e34e8c1bbc5db5ce19b8ce665fdfc0d04629bd69f1d59ca10dff1","size":61558},"epoch":14,"test_loss":0.08773737058679718,"loss":0.06353877977777896,"_timestamp":1.7421103059426506e+09}