{"_runtime":28.3114019,"test_loss":0.09425579457134221,"_wandb":{"runtime":28},"_timestamp":1.741564288804661e+09,"loss":0.07731100198505442,"_step":12,"epoch":9,"test_accuracy":0.8692,"examples":{"sha256":"3b17a40d3c0003481150ce3cd5e234db4ef06f1019885019f6a3fed9b4772b2e","size":23873,"path":"media/images/examples_12_3b17a40d3c0003481150.png","format":"png","width":1200,"height":600,"_type":"image-file"},"val_loss":0.0856113889854164,"accuracy":0.8944942239336493,"confusion_matrix":{"size":60342,"path":"media/images/confusion_matrix_11_19fe7c67ad2ddd9a9ab4.png","format":"png","width":1000,"height":800,"_type":"image-file","sha256":"19fe7c67ad2ddd9a9ab4068b4479432d80786cc8f480dd3a57cb686c14430d0e"},"val_accuracy":0.8823333333333333}