{"loss":0.08407386504864874,"_runtime":43.2117391,"epoch":4,"examples":{"sha256":"3b17a40d3c0003481150ce3cd5e234db4ef06f1019885019f6a3fed9b4772b2e","size":23873,"path":"media/images/examples_7_3b17a40d3c0003481150.png","format":"png","width":1200,"height":600,"_type":"image-file"},"_wandb":{"runtime":43},"accuracy":0.8838615718799367,"_timestamp":1.7415593180381846e+09,"test_accuracy":0.8486,"val_loss":0.09938104591950925,"val_accuracy":0.8603333333333333,"test_loss":0.10844029534120504,"_step":7,"confusion_matrix":{"height":800,"_type":"image-file","sha256":"c3448c7640c8a4850676846da5579b47a564f44bd0b521f8b9ebcfdc2073532f","size":62305,"path":"media/images/confusion_matrix_6_c3448c7640c8a4850676.png","format":"png","width":1000}}