{"loss":0.44999971558186164,"examples":{"path":"media/images/examples_22_75cf3f2d6042056b9d89.png","format":"png","width":1200,"height":600,"_type":"image-file","sha256":"75cf3f2d6042056b9d89df460d23ed8f265f2d2a3c6eed2b5cf3bc7f22904ecc","size":29574},"confusion_matrix":{"path":"media/images/confusion_matrix_21_24a617a8756e9b2d6168.png","format":"png","width":1000,"height":800,"_type":"image-file","sha256":"24a617a8756e9b2d61681d6508f31a83b306fcb5703888b5b2a122aba43d688d","size":44800},"test_loss":0.4500001744231913,"_timestamp":1.74207141707774e+09,"_wandb":{"runtime":71},"val_accuracy":0.09333333333333334,"val_loss":0.4500068254756827,"_runtime":71.3335798,"_step":22,"test_accuracy":0.1,"accuracy":0.10074074074074074,"epoch":19}