{"val_accuracy":0.8633333333333333,"_runtime":28.5192379,"loss":0.4166265057073628,"_wandb":{"runtime":28},"accuracy":0.863540432464455,"examples":{"_type":"image-file","sha256":"3b17a40d3c0003481150ce3cd5e234db4ef06f1019885019f6a3fed9b4772b2e","size":23873,"path":"media/images/examples_7_3b17a40d3c0003481150.png","format":"png","width":1200,"height":600},"_timestamp":1.7415555523664987e+09,"test_loss":0.43726288000778785,"confusion_matrix":{"format":"png","width":1000,"height":800,"_type":"image-file","sha256":"f080b6be2b4b3a51db34e7851f1ca6b81f6652a06f9bebc2b06c94cfbf552064","size":61946,"path":"media/images/confusion_matrix_6_f080b6be2b4b3a51db34.png"},"val_loss":0.4114421077982735,"epoch":4,"_step":7,"test_accuracy":0.8563}