{"examples":{"_type":"image-file","sha256":"3b17a40d3c0003481150ce3cd5e234db4ef06f1019885019f6a3fed9b4772b2e","size":23873,"path":"media/images/examples_7_3b17a40d3c0003481150.png","format":"png","width":1200,"height":600},"_timestamp":1.7415569202054691e+09,"val_loss":0.09010772396236277,"_wandb":{"runtime":47},"accuracy":0.8850710900473934,"confusion_matrix":{"sha256":"194798d255b2b0fd2b44f54567c4e6700344fa2bd9b9920d1b3a01f97b2b8e99","size":61868,"path":"media/images/confusion_matrix_6_194798d255b2b0fd2b44.png","format":"png","width":1000,"height":800,"_type":"image-file"},"val_accuracy":0.8781666666666667,"test_loss":0.09757599236124447,"loss":0.08336182967942826,"epoch":4,"test_accuracy":0.8654,"_runtime":47.24531,"_step":7}