{"epoch":4,"examples":{"width":1200,"height":600,"_type":"image-file","sha256":"3b17a40d3c0003481150ce3cd5e234db4ef06f1019885019f6a3fed9b4772b2e","size":23873,"path":"media/images/examples_7_3b17a40d3c0003481150.png","format":"png"},"val_accuracy":0.8781666666666667,"loss":0.08363410771066557,"_timestamp":1.741563697396691e+09,"_runtime":121.7488382,"_step":7,"accuracy":0.884537037037037,"val_loss":0.09030534180393213,"test_accuracy":0.8665,"confusion_matrix":{"sha256":"fdd872f1eb2abf32086c57e641c82f33ce06b4a7cdebd014282fef6fbbdbe502","size":60053,"path":"media/images/confusion_matrix_6_fdd872f1eb2abf32086c.png","format":"png","width":1000,"height":800,"_type":"image-file"},"test_loss":0.09758536255312204,"_wandb":{"runtime":121}}