{"epoch":14,"val_accuracy":0.8826666666666667,"test_accuracy":0.8716,"val_loss":0.08586586053833764,"_runtime":140.3085469,"examples":{"path":"media/images/examples_17_75cf3f2d6042056b9d89.png","format":"png","width":1200,"height":600,"_type":"image-file","sha256":"75cf3f2d6042056b9d89df460d23ed8f265f2d2a3c6eed2b5cf3bc7f22904ecc","size":29574},"accuracy":0.8891069312796208,"_timestamp":1.7420683485502667e+09,"confusion_matrix":{"size":62426,"path":"media/images/confusion_matrix_16_1507f5c2271974b39c50.png","format":"png","width":1000,"height":800,"_type":"image-file","sha256":"1507f5c2271974b39c50cdaf05084e9194e6860ff442628a4580ed2454c86adf"},"_step":17,"loss":0.0821140138096806,"test_loss":0.09442794447028822,"_wandb":{"runtime":140}}