{"loss":0.0889458126265069,"_step":4,"val_loss":0.09073394016260515,"_timestamp":1.7422199841514442e+09,"_runtime":38.5386515,"epoch":4,"accuracy":0.879029670221169,"val_accuracy":0.8736666666666667,"_wandb":{"runtime":39}}