{"test_loss":0.4315242590611354,"test_accuracy":0.8665,"examples":{"height":600,"_type":"image-file","sha256":"3b17a40d3c0003481150ce3cd5e234db4ef06f1019885019f6a3fed9b4772b2e","size":23873,"path":"media/images/examples_12_3b17a40d3c0003481150.png","format":"png","width":1200},"loss":0.36500136413649664,"_step":12,"_timestamp":1.7415432655005352e+09,"_wandb":{"runtime":59},"confusion_matrix":{"width":1000,"height":800,"_type":"image-file","sha256":"be1dda4b90d2f5fb7f9757ee726a131eff4b0c58c45a21d6c216a87442aa579c","size":61931,"path":"media/images/confusion_matrix_11_be1dda4b90d2f5fb7f97.png","format":"png"},"val_loss":0.39919709217370086,"_runtime":59.5316388,"accuracy":0.8852747334123223,"val_accuracy":0.879,"epoch":9}