{"val_loss":0.41107243055249415,"_timestamp":1.7415370926069615e+09,"_wandb":{"runtime":38},"accuracy":0.8636144845971564,"confusion_matrix":{"format":"png","width":1000,"height":800,"_type":"image-file","sha256":"ff8950fd9037ef08f9db0b5466e2cb81a1fd0220a19b17716a7e9fe66ad0cafd","size":62083,"path":"media/images/confusion_matrix_6_ff8950fd9037ef08f9db.png"},"examples":{"sha256":"3b17a40d3c0003481150ce3cd5e234db4ef06f1019885019f6a3fed9b4772b2e","size":23873,"path":"media/images/examples_7_3b17a40d3c0003481150.png","format":"png","width":1200,"height":600,"_type":"image-file"},"epoch":4,"loss":0.41454445202752704,"val_accuracy":0.8631666666666666,"_runtime":38.9443882,"_step":7,"test_accuracy":0.848,"test_loss":0.44446367189439195}