{"val_accuracy":0.8745,"_wandb":{"runtime":39},"loss":0.08805186216861806,"val_loss":0.09245608527865168,"_runtime":39.0135522,"test_accuracy":0.8597,"examples":{"size":23873,"path":"media/images/examples_7_3b17a40d3c0003481150.png","format":"png","width":1200,"height":600,"_type":"image-file","sha256":"3b17a40d3c0003481150ce3cd5e234db4ef06f1019885019f6a3fed9b4772b2e"},"accuracy":0.8788568819115324,"epoch":4,"confusion_matrix":{"format":"png","width":1000,"height":800,"_type":"image-file","sha256":"cd5411c8604be285e496778a65909775cf88eff5e0454018fa53db09d196408e","size":60981,"path":"media/images/confusion_matrix_6_cd5411c8604be285e496.png"},"_timestamp":1.7415661884048648e+09,"_step":7,"test_loss":0.10119894576731929}