{"test_accuracy":0.8837,"val_accuracy":0.887,"epoch":19,"val_loss":0.34295251747827116,"_runtime":281.099536,"test_loss":0.36335265837207187,"_wandb":{"runtime":281},"confusion_matrix":{"path":"media/images/confusion_matrix_21_83162f17d26ec79d3f5a.png","format":"png","width":1000,"height":800,"_type":"image-file","sha256":"83162f17d26ec79d3f5a22faf44a0b3b951348fa85baf86913c12fab79a69d29","size":60429},"_step":22,"accuracy":0.9092861374407583,"_timestamp":1.7421098521129546e+09,"loss":0.28842847401328353,"examples":{"width":1200,"height":600,"_type":"image-file","sha256":"75cf3f2d6042056b9d89df460d23ed8f265f2d2a3c6eed2b5cf3bc7f22904ecc","size":29574,"path":"media/images/examples_22_75cf3f2d6042056b9d89.png","format":"png"}}