{"loss":0.10667228280921075,"confusion_matrix":{"_type":"image-file","sha256":"3767ce897023e92e0740e7e1bf3691dcbffc1990770918a27292fc723034f953","size":62958,"path":"media/images/confusion_matrix_11_3767ce897023e92e0740.png","format":"png","width":1000,"height":800},"epoch":9,"accuracy":0.8554814814814815,"val_loss":0.1036217270149105,"examples":{"height":600,"_type":"image-file","sha256":"75cf3f2d6042056b9d89df460d23ed8f265f2d2a3c6eed2b5cf3bc7f22904ecc","size":29574,"path":"media/images/examples_12_75cf3f2d6042056b9d89.png","format":"png","width":1200},"test_accuracy":0.8451,"_runtime":33.4516304,"val_accuracy":0.8616666666666667,"_wandb":{"runtime":33},"test_loss":0.11382012080472162,"_step":12,"_timestamp":1.7420723995595772e+09}