{"val_loss":0.42630104660914425,"_timestamp":1.742217937016701e+09,"_runtime":130.3257298,"epoch":19,"val_accuracy":0.8581666666666666,"_wandb":{"runtime":130},"test_accuracy":0.8426,"test_loss":0.4595013409561021,"_step":21,"confusion_matrix":{"sha256":"6c1ca6d0b3b3e444d73430c1a24cf44a1fde0e4555e7c3fd971508b127298e19","size":416873,"path":"media/images/confusion_matrix_21_6c1ca6d0b3b3e444d734.png","format":"png","width":4447,"height":4163,"_type":"image-file"},"accuracy":0.8609609498420221,"loss":0.4195834774073899}