{"accuracy":0.8912359300947867,"test_accuracy":0.8666,"epoch":9,"examples":{"height":600,"_type":"image-file","sha256":"3b17a40d3c0003481150ce3cd5e234db4ef06f1019885019f6a3fed9b4772b2e","size":23873,"path":"media/images/examples_12_3b17a40d3c0003481150.png","format":"png","width":1200},"_wandb":{"runtime":81},"test_loss":0.09595769450928704,"val_loss":0.08593159143948746,"val_accuracy":0.8828333333333334,"loss":0.08053308915554884,"confusion_matrix":{"size":62422,"path":"media/images/confusion_matrix_11_24e54f9a69daddb090d9.png","format":"png","width":1000,"height":800,"_type":"image-file","sha256":"24e54f9a69daddb090d92ba565974ca37474cf21ae665aba6658ba7a40a8ebfc"},"_runtime":81.377753,"_timestamp":1.741565854244728e+09,"_step":12}