{"_timestamp":1.7422140745327773e+09,"_runtime":313.8719257,"confusion_matrix":{"format":"png","width":4447,"height":4163,"_type":"image-file","sha256":"4fc184b28c225419d3e2c099f249e79f793aa807675491aa162bdeda8962fc51","size":404515,"path":"media/images/confusion_matrix_44_4fc184b28c225419d3e2.png"},"val_accuracy":0.8848333333333334,"accuracy":0.9206284557661927,"loss":0.2513075010020111,"predictions":{"_type":"image-file","sha256":"fb581b0d807e86e4efaf285a8176b97a294b81cf376ba1a8c5208913d223532d","size":55531,"path":"media/images/predictions_45_fb581b0d807e86e4efaf.png","format":"png","width":2250,"height":900},"_step":45,"epoch":19,"test_accuracy":0.8755,"_wandb":{"runtime":314},"test_loss":0.3705759569275263,"val_loss":0.3527100284336972}