{"test_accuracy":0.8755,"confusion_matrix":{"format":"png","width":1000,"height":800,"_type":"image-file","sha256":"e29fbb8ffe48a768253871461747c91bdd9eb8bade6ba683099a436f085f92c8","size":61546,"path":"media/images/confusion_matrix_11_e29fbb8ffe48a7682538.png"},"loss":0.3082530374397376,"accuracy":0.8988333333333334,"val_accuracy":0.8835,"_timestamp":1.7415385314746077e+09,"test_loss":0.36555567751260487,"_wandb":{"runtime":134},"_step":12,"val_loss":0.345341880914379,"_runtime":134.7509774,"epoch":9,"examples":{"size":23873,"path":"media/images/examples_12_3b17a40d3c0003481150.png","format":"png","width":1200,"height":600,"_type":"image-file","sha256":"3b17a40d3c0003481150ce3cd5e234db4ef06f1019885019f6a3fed9b4772b2e"}}