{"val_accuracy":0.8445,"_timestamp":1.7420699197740467e+09,"_runtime":83.0405522,"_wandb":{"runtime":83},"loss":0.10944832151695166,"confusion_matrix":{"width":1000,"height":800,"_type":"image-file","sha256":"9068657e812a0caf506d62c2ac02204bb2e7ab174a98b1efee666c61a84b800e","size":62629,"path":"media/images/confusion_matrix_11_9068657e812a0caf506d.png","format":"png"},"examples":{"sha256":"75cf3f2d6042056b9d89df460d23ed8f265f2d2a3c6eed2b5cf3bc7f22904ecc","size":29574,"path":"media/images/examples_12_75cf3f2d6042056b9d89.png","format":"png","width":1200,"height":600,"_type":"image-file"},"test_accuracy":0.8282,"test_loss":0.12311482184445008,"epoch":9,"_step":12,"accuracy":0.8514143957345972,"val_loss":0.11178969158966029}