{"accuracy":0.8936611374407583,"_runtime":315.3186846,"loss":0.33153921038397677,"test_loss":0.4078614618421064,"_step":22,"examples":{"height":600,"_type":"image-file","sha256":"75cf3f2d6042056b9d89df460d23ed8f265f2d2a3c6eed2b5cf3bc7f22904ecc","size":29574,"path":"media/images/examples_22_75cf3f2d6042056b9d89.png","format":"png","width":1200},"val_accuracy":0.8736666666666667,"_timestamp":1.7421327279769218e+09,"confusion_matrix":{"height":800,"_type":"image-file","sha256":"1a7fb36c99938b147d0866ce8b602e8bfe813908d918ba0361ca94e0e320a2cf","size":61846,"path":"media/images/confusion_matrix_21_1a7fb36c99938b147d08.png","format":"png","width":1000},"epoch":19,"test_accuracy":0.8666,"_wandb":{"runtime":315},"val_loss":0.3744238495969079}