{"_wandb":{"runtime":72},"accuracy":0.09885959715639811,"val_loss":0.4499998325773802,"confusion_matrix":{"height":800,"_type":"image-file","sha256":"40689ad73f6fe48c16dbe358db5cbc1662bc725719d4c4f6ff4d9b886509d8d1","size":45101,"path":"media/images/confusion_matrix_11_40689ad73f6fe48c16db.png","format":"png","width":1000},"examples":{"_type":"image-file","sha256":"3b17a40d3c0003481150ce3cd5e234db4ef06f1019885019f6a3fed9b4772b2e","size":23873,"path":"media/images/examples_12_3b17a40d3c0003481150.png","format":"png","width":1200,"height":600},"epoch":9,"_runtime":72.8676994,"_step":12,"test_loss":0.4500000065096051,"loss":0.45000040184683665,"val_accuracy":0.10716666666666666,"_timestamp":1.7415282133158598e+09,"test_accuracy":0.1}