{"confusion_matrix":{"format":"png","width":1000,"height":800,"_type":"image-file","sha256":"67ba72071a27375ad708c1482dca51353ed542bced583e7df85a4143e637fb7c","size":60344,"path":"media/images/confusion_matrix_11_67ba72071a27375ad708.png"},"_step":12,"accuracy":0.8965491706161137,"examples":{"size":29574,"path":"media/images/examples_12_75cf3f2d6042056b9d89.png","format":"png","width":1200,"height":600,"_type":"image-file","sha256":"75cf3f2d6042056b9d89df460d23ed8f265f2d2a3c6eed2b5cf3bc7f22904ecc"},"val_accuracy":0.8773333333333333,"_runtime":126.6437833,"test_loss":0.09590792867040937,"epoch":9,"_wandb":{"runtime":126},"test_accuracy":0.8694,"loss":0.07588089155086515,"val_loss":0.08789710879450424,"_timestamp":1.7420701802330353e+09}