{"_step":7,"confusion_matrix":{"width":1000,"height":800,"_type":"image-file","sha256":"91eb09b754bbe0d0ea4dedd12a6ec44170e69fad5ffdc1b05864d80bdbfee956","size":45097,"path":"media/images/confusion_matrix_6_91eb09b754bbe0d0ea4d.png","format":"png"},"_runtime":28.8362178,"_timestamp":1.7415803510911288e+09,"test_loss":2.3025888432076957,"_wandb":{"runtime":28},"accuracy":0.09745260663507109,"epoch":4,"loss":2.302627935238523,"test_accuracy":0.1,"val_loss":2.3026201298406503,"val_accuracy":0.09733333333333333,"examples":{"path":"media/images/examples_7_3b17a40d3c0003481150.png","format":"png","width":1200,"height":600,"_type":"image-file","sha256":"3b17a40d3c0003481150ce3cd5e234db4ef06f1019885019f6a3fed9b4772b2e","size":23873}}