{"loss":0.07819934858733414,"_timestamp":1.7415720593539891e+09,"_runtime":117.714737,"val_loss":0.08566367391193125,"test_loss":0.093958932848943,"accuracy":0.8931427725118484,"confusion_matrix":{"width":1000,"height":800,"_type":"image-file","sha256":"a612acc87d73c45cbb656bb7754b0a74c35a70f81798702f7faa4691990cd784","size":60954,"path":"media/images/confusion_matrix_11_a612acc87d73c45cbb65.png","format":"png"},"val_accuracy":0.8818333333333334,"epoch":9,"test_accuracy":0.8717,"examples":{"size":23873,"path":"media/images/examples_12_3b17a40d3c0003481150.png","format":"png","width":1200,"height":600,"_type":"image-file","sha256":"3b17a40d3c0003481150ce3cd5e234db4ef06f1019885019f6a3fed9b4772b2e"},"_wandb":{"runtime":117},"_step":12}