{"loss":2.308927439342097,"_wandb":{"runtime":259},"confusion_matrix":{"path":"media/images/confusion_matrix_16_f48973bcd5afde71a195.png","format":"png","width":1000,"height":800,"_type":"image-file","sha256":"f48973bcd5afde71a19530ed7e355e7c7695692b6412dec21399dad952c2fc8b","size":45194},"_step":17,"epoch":14,"val_loss":2.304697659634724,"_runtime":259.7497409,"test_accuracy":0.1,"accuracy":0.09954457938388625,"examples":{"format":"png","width":1200,"height":600,"_type":"image-file","sha256":"75cf3f2d6042056b9d89df460d23ed8f265f2d2a3c6eed2b5cf3bc7f22904ecc","size":29574,"path":"media/images/examples_17_75cf3f2d6042056b9d89.png"},"_timestamp":1.742128827120272e+09,"test_loss":2.3048332026672815,"val_accuracy":0.10283333333333333}