{"_runtime":59.6441888,"test_loss":0.09491925606408036,"loss":0.07591416297637349,"val_accuracy":0.8785,"test_accuracy":0.8692,"examples":{"height":600,"_type":"image-file","sha256":"3b17a40d3c0003481150ce3cd5e234db4ef06f1019885019f6a3fed9b4772b2e","size":23873,"path":"media/images/examples_12_3b17a40d3c0003481150.png","format":"png","width":1200},"confusion_matrix":{"format":"png","width":1000,"height":800,"_type":"image-file","sha256":"529bf96c1a93593dba384347459497c330d91286311f517e2fe679cd577b6f0b","size":60876,"path":"media/images/confusion_matrix_11_529bf96c1a93593dba38.png"},"epoch":9,"_wandb":{"runtime":59},"_step":12,"accuracy":0.8955679798578199,"val_loss":0.08611740610531517,"_timestamp":1.74155320407879e+09}