{"test_loss":2.3044193668975272,"_wandb":{"runtime":69},"accuracy":0.10003703703703704,"val_loss":2.304244880424037,"val_accuracy":0.10133333333333333,"loss":2.304115337964431,"_runtime":69.659061,"_timestamp":1.7415693458036966e+09,"confusion_matrix":{"size":45245,"path":"media/images/confusion_matrix_11_2427d176970b250ea52d.png","format":"png","width":1000,"height":800,"_type":"image-file","sha256":"2427d176970b250ea52db84f8c761c5d9a75de7caa18e81a9bd96540be910880"},"epoch":9,"_step":12,"examples":{"_type":"image-file","sha256":"3b17a40d3c0003481150ce3cd5e234db4ef06f1019885019f6a3fed9b4772b2e","size":23873,"path":"media/images/examples_12_3b17a40d3c0003481150.png","format":"png","width":1200,"height":600},"test_accuracy":0.1}