{"confusion_matrix":{"size":62292,"path":"media/images/confusion_matrix_6_46a4befdaf6a7e2a5f6d.png","format":"png","width":1000,"height":800,"_type":"image-file","sha256":"46a4befdaf6a7e2a5f6ddd3ce310b9d33083fcaf28afe811e55c695e435f362c"},"loss":0.09376667068121687,"val_loss":0.09495542683641131,"epoch":4,"val_accuracy":0.8715,"_step":7,"examples":{"sha256":"3b17a40d3c0003481150ce3cd5e234db4ef06f1019885019f6a3fed9b4772b2e","size":23873,"path":"media/images/examples_7_3b17a40d3c0003481150.png","format":"png","width":1200,"height":600,"_type":"image-file"},"test_accuracy":0.8594,"_wandb":{"runtime":56},"accuracy":0.8726858708530806,"_timestamp":1.741545077168295e+09,"_runtime":56.1525601,"test_loss":0.10129888113911897}