{"examples":{"_type":"image-file","sha256":"3b17a40d3c0003481150ce3cd5e234db4ef06f1019885019f6a3fed9b4772b2e","size":23873,"path":"media/images/examples_7_3b17a40d3c0003481150.png","format":"png","width":1200,"height":600},"test_loss":0.4995485242353802,"val_accuracy":0.8561666666666666,"_runtime":41.0816611,"confusion_matrix":{"height":800,"_type":"image-file","sha256":"74051920e2a78f46127f0e54ea4cd374ffee16fad1464cd4a00e5a55c66ebfde","size":60963,"path":"media/images/confusion_matrix_6_74051920e2a78f46127f.png","format":"png","width":1000},"_timestamp":1.7415434753583324e+09,"accuracy":0.8526239139020537,"val_loss":0.46935809905027703,"loss":0.48505360152722843,"_wandb":{"runtime":41},"_step":7,"test_accuracy":0.8434,"epoch":4}