{"_wandb":{"runtime":450},"_timestamp":1.74207448196499e+09,"confusion_matrix":{"path":"media/images/confusion_matrix_21_47b7f9658ad82d61dd4f.png","format":"png","width":1000,"height":800,"_type":"image-file","sha256":"47b7f9658ad82d61dd4f7c9e6bb180b9b62c185c07c336dfdcbd2f85e7ed2728","size":59939},"epoch":19,"test_loss":0.08774668980295897,"examples":{"size":29574,"path":"media/images/examples_22_75cf3f2d6042056b9d89.png","format":"png","width":1200,"height":600,"_type":"image-file","sha256":"75cf3f2d6042056b9d89df460d23ed8f265f2d2a3c6eed2b5cf3bc7f22904ecc"},"_runtime":450.9466486,"test_accuracy":0.8809,"loss":0.05612391724222317,"_step":22,"accuracy":0.9254074074074075,"val_loss":0.07963767553091679,"val_accuracy":0.8915}