{"_wandb":{"runtime":87},"accuracy":0.899011404028436,"_step":12,"epoch":9,"_timestamp":1.7421322785330462e+09,"test_accuracy":0.8762,"loss":0.3016029106691358,"val_accuracy":0.8838333333333334,"_runtime":87.2010531,"test_loss":0.3642304717565338,"val_loss":0.32951042887565835,"confusion_matrix":{"path":"media/images/confusion_matrix_11_dd82a4cf2353ffb30510.png","format":"png","width":1000,"height":800,"_type":"image-file","sha256":"dd82a4cf2353ffb30510532f89a9c9ebe4a9e89497f8deeed1cd1af5a5644e77","size":60715},"examples":{"sha256":"75cf3f2d6042056b9d89df460d23ed8f265f2d2a3c6eed2b5cf3bc7f22904ecc","size":29574,"path":"media/images/examples_12_75cf3f2d6042056b9d89.png","format":"png","width":1200,"height":600,"_type":"image-file"}}