{"_timestamp":1.7420740514754515e+09,"test_loss":0.09330525335608246,"examples":{"height":600,"_type":"image-file","sha256":"75cf3f2d6042056b9d89df460d23ed8f265f2d2a3c6eed2b5cf3bc7f22904ecc","size":29574,"path":"media/images/examples_12_75cf3f2d6042056b9d89.png","format":"png","width":1200},"loss":0.08084337576197376,"accuracy":0.8894833629541865,"_wandb":{"runtime":61},"val_accuracy":0.8825,"_runtime":61.5959987,"_step":12,"val_loss":0.08556922842579896,"confusion_matrix":{"path":"media/images/confusion_matrix_11_00740e8dbc2500399473.png","format":"png","width":1000,"height":800,"_type":"image-file","sha256":"00740e8dbc25003994730d843b3d678ece5a60b730fc8977fab1114b7417148e","size":61459},"epoch":9,"test_accuracy":0.8695}