{"val_accuracy":0.09833333333333333,"epoch":9,"accuracy":0.10015550947867298,"_timestamp":1.7421106044196632e+09,"examples":{"height":600,"_type":"image-file","sha256":"75cf3f2d6042056b9d89df460d23ed8f265f2d2a3c6eed2b5cf3bc7f22904ecc","size":29574,"path":"media/images/examples_12_75cf3f2d6042056b9d89.png","format":"png","width":1200},"_runtime":62.2716342,"confusion_matrix":{"height":800,"_type":"image-file","sha256":"678dbf882bb444178ce8d74ee29d67ca68cce3b26ffefff6003501f2be5d4808","size":45059,"path":"media/images/confusion_matrix_11_678dbf882bb444178ce8.png","format":"png","width":1000},"_wandb":{"runtime":62},"loss":2.3226284152451324,"test_loss":2.320845619932051,"_step":12,"test_accuracy":0.1,"val_loss":2.3217266221156603}