{"val_loss":2.3025925740888074,"_timestamp":1.7421104474895794e+09,"val_accuracy":0.09733333333333333,"test_loss":2.3025851468127967,"accuracy":0.09897067535545023,"_runtime":190.9456091,"test_accuracy":0.1,"epoch":19,"confusion_matrix":{"sha256":"91eb09b754bbe0d0ea4dedd12a6ec44170e69fad5ffdc1b05864d80bdbfee956","size":45097,"path":"media/images/confusion_matrix_21_91eb09b754bbe0d0ea4d.png","format":"png","width":1000,"height":800,"_type":"image-file"},"examples":{"sha256":"75cf3f2d6042056b9d89df460d23ed8f265f2d2a3c6eed2b5cf3bc7f22904ecc","size":29574,"path":"media/images/examples_22_75cf3f2d6042056b9d89.png","format":"png","width":1200,"height":600,"_type":"image-file"},"loss":2.302588022945662,"_wandb":{"runtime":190},"_step":22}