{"examples":{"path":"media/images/examples_12_3b17a40d3c0003481150.png","format":"png","width":1200,"height":600,"_type":"image-file","sha256":"3b17a40d3c0003481150ce3cd5e234db4ef06f1019885019f6a3fed9b4772b2e","size":23873},"accuracy":0.8947719194312796,"_timestamp":1.741560710322574e+09,"epoch":9,"val_loss":0.3863360829541532,"test_loss":0.4040338911455763,"confusion_matrix":{"size":60891,"path":"media/images/confusion_matrix_11_39a7eac9f93cc2fd7199.png","format":"png","width":1000,"height":800,"_type":"image-file","sha256":"39a7eac9f93cc2fd71996ec534f70f6d3158476e5064903623abab6071783063"},"_wandb":{"runtime":80},"loss":0.31685459421591994,"val_accuracy":0.8726666666666667,"_runtime":80.1709587,"test_accuracy":0.8676,"_step":12}