{"val_loss":0.35415329435719844,"_wandb":{"runtime":82},"epoch":4,"accuracy":0.8797962962962963,"val_accuracy":0.8786666666666667,"loss":0.3545545602674857,"test_accuracy":0.8681,"_runtime":82.5726947,"confusion_matrix":{"path":"media/images/confusion_matrix_6_df13c8823811b13f6a4d.png","format":"png","width":1000,"height":800,"_type":"image-file","sha256":"df13c8823811b13f6a4d6bc9078a44779251e67c341ccd9b698def5b04140505","size":61008},"test_loss":0.39194358361230897,"_timestamp":1.741554659032418e+09,"_step":7,"examples":{"_type":"image-file","sha256":"3b17a40d3c0003481150ce3cd5e234db4ef06f1019885019f6a3fed9b4772b2e","size":23873,"path":"media/images/examples_7_3b17a40d3c0003481150.png","format":"png","width":1200,"height":600}}