{"val_loss":0.46319207634383835,"test_loss":0.5008196799160022,"loss":0.437078409651247,"accuracy":0.856221613349131,"_runtime":34.0031531,"val_accuracy":0.8416666666666667,"test_accuracy":0.8246,"confusion_matrix":{"sha256":"803334a018ca995d4ea8a31f41577f62fb3b68e11ed769a96109e2e1da18eb64","size":63125,"path":"media/images/confusion_matrix_6_803334a018ca995d4ea8.png","format":"png","width":1000,"height":800,"_type":"image-file"},"examples":{"_type":"image-file","sha256":"3b17a40d3c0003481150ce3cd5e234db4ef06f1019885019f6a3fed9b4772b2e","size":23873,"path":"media/images/examples_7_3b17a40d3c0003481150.png","format":"png","width":1200,"height":600},"epoch":4,"_step":7,"_wandb":{"runtime":34},"_timestamp":1.7415373633053272e+09}