{"loss":0.08818148812931426,"_runtime":59.7738812,"val_loss":0.08992648546062088,"test_loss":0.09844738514814338,"_wandb":{"runtime":59},"_timestamp":1.7415689532038844e+09,"val_accuracy":0.8765,"confusion_matrix":{"path":"media/images/confusion_matrix_6_5c6e6bf674946f510ad3.png","format":"png","width":1000,"height":800,"_type":"image-file","sha256":"5c6e6bf674946f510ad32ac42d57bced675f2aad1b8decc526db5508c45a35b0","size":61766},"accuracy":0.8801651362559242,"examples":{"sha256":"3b17a40d3c0003481150ce3cd5e234db4ef06f1019885019f6a3fed9b4772b2e","size":23873,"path":"media/images/examples_7_3b17a40d3c0003481150.png","format":"png","width":1200,"height":600,"_type":"image-file"},"_step":7,"epoch":4,"test_accuracy":0.8652}