{"_runtime":35.2178645,"loss":0.08220246638978998,"test_loss":0.09862532384034839,"test_accuracy":0.8648,"_timestamp":1.7415659518714716e+09,"confusion_matrix":{"width":1000,"height":800,"_type":"image-file","sha256":"ad92a07b9636fca9816dc257f7ac79968888af39048552f2b0fc244dd1367e55","size":60804,"path":"media/images/confusion_matrix_6_ad92a07b9636fca9816d.png","format":"png"},"_step":7,"examples":{"_type":"image-file","sha256":"3b17a40d3c0003481150ce3cd5e234db4ef06f1019885019f6a3fed9b4772b2e","size":23873,"path":"media/images/examples_7_3b17a40d3c0003481150.png","format":"png","width":1200,"height":600},"val_accuracy":0.878,"epoch":4,"_wandb":{"runtime":35},"accuracy":0.887428416271722,"val_loss":0.08961523260213075}