{"_step":12,"epoch":9,"_timestamp":1.7415319248712087e+09,"accuracy":0.8674590244865719,"examples":{"size":23873,"path":"media/images/examples_12_3b17a40d3c0003481150.png","format":"png","width":1200,"height":600,"_type":"image-file","sha256":"3b17a40d3c0003481150ce3cd5e234db4ef06f1019885019f6a3fed9b4772b2e"},"_wandb":{"runtime":45},"test_accuracy":0.8501,"loss":0.09775901022807237,"test_loss":0.10717149052907837,"confusion_matrix":{"size":63355,"path":"media/images/confusion_matrix_11_d6d4c12d1df0662042ea.png","format":"png","width":1000,"height":800,"_type":"image-file","sha256":"d6d4c12d1df0662042eaca45ad0a41d7f0ba2e6e30fbe1d616e4be2bffc00fb2"},"val_accuracy":0.868,"_runtime":45.7119507,"val_loss":0.0974151120845445}