{"accuracy":0.8448888888888889,"test_loss":0.5285435840649683,"loss":0.4994718525517542,"val_loss":0.4975917503868631,"_wandb":{"runtime":14},"examples":{"format":"png","width":1200,"height":600,"_type":"image-file","sha256":"3b17a40d3c0003481150ce3cd5e234db4ef06f1019885019f6a3fed9b4772b2e","size":23873,"path":"media/images/examples_7_3b17a40d3c0003481150.png"},"_runtime":14.6204234,"confusion_matrix":{"path":"media/images/confusion_matrix_6_c8dfbd87b65cc67d08ce.png","format":"png","width":1000,"height":800,"_type":"image-file","sha256":"c8dfbd87b65cc67d08ce553da6b0bd495deeb34dcab7b947419e4b80cd954701","size":62997},"test_accuracy":0.8317,"_step":7,"epoch":4,"val_accuracy":0.8475,"_timestamp":1.7415513713369553e+09}