{"epoch":9,"_runtime":61.0564113,"loss":0.4982190326583551,"test_accuracy":0.8253,"accuracy":0.8384552725118484,"val_loss":0.4936485811563735,"val_accuracy":0.8425,"test_loss":0.5242313964226257,"_step":12,"examples":{"format":"png","width":1200,"height":600,"_type":"image-file","sha256":"75cf3f2d6042056b9d89df460d23ed8f265f2d2a3c6eed2b5cf3bc7f22904ecc","size":29574,"path":"media/images/examples_12_75cf3f2d6042056b9d89.png"},"confusion_matrix":{"width":1000,"height":800,"_type":"image-file","sha256":"5b8818f65712e773a6e782d357b1d369fa026a0ee5e4dddd3075578773f8d158","size":65024,"path":"media/images/confusion_matrix_11_5b8818f65712e773a6e7.png","format":"png"},"_wandb":{"runtime":61},"_timestamp":1.7420711685998707e+09}