{"test_loss":0.0926235148157658,"confusion_matrix":{"_type":"image-file","sha256":"1c3cea29aabcddeda7f8bf26ab0e5a6e93f84f9c22b179d877312bd23be4adcc","size":61589,"path":"media/images/confusion_matrix_11_1c3cea29aabcddeda7f8.png","format":"png","width":1000,"height":800},"epoch":9,"_timestamp":1.7415692710134037e+09,"_step":12,"val_accuracy":0.8881666666666667,"accuracy":0.8927169727488151,"test_accuracy":0.8718,"loss":0.07876336550220991,"val_loss":0.08158018545990063,"_wandb":{"runtime":116},"examples":{"_type":"image-file","sha256":"3b17a40d3c0003481150ce3cd5e234db4ef06f1019885019f6a3fed9b4772b2e","size":23873,"path":"media/images/examples_12_3b17a40d3c0003481150.png","format":"png","width":1200,"height":600},"_runtime":116.5607991}