{"loss":0.07747605978480786,"_wandb":{"runtime":82},"_timestamp":1.742073993699233e+09,"test_accuracy":0.8745,"confusion_matrix":{"format":"png","width":1000,"height":800,"_type":"image-file","sha256":"9dcc4d42ca3686d40a58cd8f398814516f4fc441db03bada8cf8ca2e6606197b","size":61323,"path":"media/images/confusion_matrix_21_9dcc4d42ca3686d40a58.png"},"examples":{"height":600,"_type":"image-file","sha256":"75cf3f2d6042056b9d89df460d23ed8f265f2d2a3c6eed2b5cf3bc7f22904ecc","size":29574,"path":"media/images/examples_22_75cf3f2d6042056b9d89.png","format":"png","width":1200},"_runtime":82.7227077,"epoch":19,"_step":22,"val_loss":0.08444585137399534,"accuracy":0.8960122926540285,"val_accuracy":0.8835,"test_loss":0.09270635370767788}