{"accuracy":0.8463703703703703,"_timestamp":1.7415543096051254e+09,"test_accuracy":0.8375,"_runtime":14.2198134,"_wandb":{"runtime":14},"val_accuracy":0.8493333333333334,"confusion_matrix":{"size":62362,"path":"media/images/confusion_matrix_6_2aa4727e2b9e297926b0.png","format":"png","width":1000,"height":800,"_type":"image-file","sha256":"2aa4727e2b9e297926b0e06a9414b050da5b27d8f713346673f65ad496c93e03"},"loss":0.11230527177440829,"_step":7,"epoch":4,"val_loss":0.11141117030746282,"test_loss":0.11888358781207073,"examples":{"format":"png","width":1200,"height":600,"_type":"image-file","sha256":"3b17a40d3c0003481150ce3cd5e234db4ef06f1019885019f6a3fed9b4772b2e","size":23873,"path":"media/images/examples_7_3b17a40d3c0003481150.png"}}