{"loss":0.086871771089372,"test_loss":0.09861508923354133,"_wandb":{"runtime":34},"confusion_matrix":{"width":1000,"height":800,"_type":"image-file","sha256":"121aea5d93df2d766818acab35821c49ebb135672bd897ecfa893864c860f8ae","size":61883,"path":"media/images/confusion_matrix_6_121aea5d93df2d766818.png","format":"png"},"accuracy":0.8791469194312796,"val_loss":0.08965944809696903,"_timestamp":1.7415645895333385e+09,"examples":{"format":"png","width":1200,"height":600,"_type":"image-file","sha256":"3b17a40d3c0003481150ce3cd5e234db4ef06f1019885019f6a3fed9b4772b2e","size":23873,"path":"media/images/examples_7_3b17a40d3c0003481150.png"},"_runtime":33.9849475,"_step":7,"epoch":4,"val_accuracy":0.8761666666666666,"test_accuracy":0.8647}