{"epoch":19,"accuracy":0.9188265205371249,"val_loss":0.08508345063385953,"val_accuracy":0.8853333333333333,"_step":21,"_timestamp":1.7422203466020982e+09,"test_accuracy":0.8804,"_runtime":150.856552,"test_loss":0.08815612892318088,"loss":0.06104584275545295,"confusion_matrix":{"height":4163,"_type":"image-file","sha256":"519e82b7fa43a2cf002431cd5ae296117ed88e96e692689df3eebdc202db3bbe","size":401474,"path":"media/images/confusion_matrix_21_519e82b7fa43a2cf0024.png","format":"png","width":4447},"_wandb":{"runtime":150}}