{"test_loss":0.08771715638569053,"examples":{"_type":"image-file","sha256":"75cf3f2d6042056b9d89df460d23ed8f265f2d2a3c6eed2b5cf3bc7f22904ecc","size":29574,"path":"media/images/examples_17_75cf3f2d6042056b9d89.png","format":"png","width":1200,"height":600},"val_accuracy":0.8911666666666667,"accuracy":0.9119520142180095,"epoch":14,"_step":17,"_timestamp":1.742070052934927e+09,"loss":0.06502436336338296,"_wandb":{"runtime":294},"val_loss":0.0806505572487676,"_runtime":294.4011112,"test_accuracy":0.8807,"confusion_matrix":{"width":1000,"height":800,"_type":"image-file","sha256":"bd1cdf8108a9024115143e941daa596c31c82127a4538ab3e004989b391ce575","size":60938,"path":"media/images/confusion_matrix_16_bd1cdf8108a902411514.png","format":"png"}}