{"_runtime":40.9624237,"_step":7,"examples":{"_type":"image-file","sha256":"3b17a40d3c0003481150ce3cd5e234db4ef06f1019885019f6a3fed9b4772b2e","size":23873,"path":"media/images/examples_7_3b17a40d3c0003481150.png","format":"png","width":1200,"height":600},"accuracy":0.8656324052132701,"test_loss":0.4432463610277162,"val_accuracy":0.8661666666666666,"test_accuracy":0.8511,"loss":0.41161658561457426,"epoch":4,"confusion_matrix":{"sha256":"fb7d03e075dbc3c4c92e9c08abde41e1d8f28c7378426d6fe81ddba9e7c9ab3d","size":61645,"path":"media/images/confusion_matrix_6_fb7d03e075dbc3c4c92e.png","format":"png","width":1000,"height":800,"_type":"image-file"},"val_loss":0.40819441969827946,"_timestamp":1.7415377421466286e+09,"_wandb":{"runtime":40}}