{"val_loss":2.302613172638254,"test_accuracy":0.1,"_timestamp":1.741537454524062e+09,"test_loss":2.302586551607826,"epoch":4,"confusion_matrix":{"height":800,"_type":"image-file","sha256":"24a617a8756e9b2d61681d6508f31a83b306fcb5703888b5b2a122aba43d688d","size":44800,"path":"media/images/confusion_matrix_6_24a617a8756e9b2d6168.png","format":"png","width":1000},"_wandb":{"runtime":29},"val_accuracy":0.09333333333333334,"accuracy":0.0976439079778831,"_step":7,"examples":{"format":"png","width":1200,"height":600,"_type":"image-file","sha256":"3b17a40d3c0003481150ce3cd5e234db4ef06f1019885019f6a3fed9b4772b2e","size":23873,"path":"media/images/examples_7_3b17a40d3c0003481150.png"},"loss":2.302598824468211,"_runtime":29.2813091}