{"confusion_matrix":{"height":800,"_type":"image-file","sha256":"f33a867a85e417dddb3df34719c98819c27192998e66f184abac079defbacfe2","size":61271,"path":"media/images/confusion_matrix_21_f33a867a85e417dddb3d.png","format":"png","width":1000},"loss":0.36474070558952737,"epoch":19,"accuracy":0.8873518518518518,"examples":{"_type":"image-file","sha256":"75cf3f2d6042056b9d89df460d23ed8f265f2d2a3c6eed2b5cf3bc7f22904ecc","size":29574,"path":"media/images/examples_22_75cf3f2d6042056b9d89.png","format":"png","width":1200,"height":600},"val_accuracy":0.8718333333333333,"val_loss":0.4067045412984991,"test_loss":0.43665231094758045,"_wandb":{"runtime":80},"_timestamp":1.7421112587052608e+09,"_step":22,"test_accuracy":0.8628,"_runtime":80.2666099}