{"confusion_matrix":{"width":3367,"height":2963,"_type":"image-file","sha256":"6502dc3952e295b1de1d2afa170a08531ea152bd9b719db1269167953060fe57","size":331889,"path":"media/images/confusion_matrix_2_6502dc3952e295b1de1d.png","format":"png"},"test_accuracy":0.8112,"predictions":{"height":900,"_type":"image-file","sha256":"76f568dc5d68bc46dca11b83f8882c1bf04a5c6bcc28fb0f69d99a594129ff47","size":55975,"path":"media/images/predictions_3_76f568dc5d68bc46dca1.png","format":"png","width":2250},"_wandb":{"runtime":11},"test_loss":0.5710889025596564,"val_loss":0.5427052024210572,"val_accuracy":0.8256666666666667,"loss":0.930375408074409,"accuracy":0.6728191646919431,"_runtime":11.4029419,"_step":3,"epoch":0,"_timestamp":1.7422055527751884e+09}