{"_runtime":213.2790488,"val_accuracy":0.8833333333333333,"epoch":9,"loss":0.0747903779478314,"examples":{"width":1200,"height":600,"_type":"image-file","sha256":"3b17a40d3c0003481150ce3cd5e234db4ef06f1019885019f6a3fed9b4772b2e","size":23873,"path":"media/images/examples_12_3b17a40d3c0003481150.png","format":"png"},"val_loss":0.08516072684216508,"confusion_matrix":{"_type":"image-file","sha256":"75ac0772b92b6c27f96cf04d4ab0734e51318d89e98688c778fd44653037147b","size":61840,"path":"media/images/confusion_matrix_11_75ac0772b92b6c27f96c.png","format":"png","width":1000,"height":800},"test_loss":0.09192990596038979,"test_accuracy":0.8744,"_timestamp":1.741561327836838e+09,"_step":12,"_wandb":{"runtime":213},"accuracy":0.8979259259259259}