{"val_accuracy":0.14116666666666666,"_wandb":{"runtime":46},"_runtime":46.2841718,"examples":{"path":"media/images/examples_12_3b17a40d3c0003481150.png","format":"png","width":1200,"height":600,"_type":"image-file","sha256":"3b17a40d3c0003481150ce3cd5e234db4ef06f1019885019f6a3fed9b4772b2e","size":23873},"epoch":9,"loss":2.3023475322204363,"confusion_matrix":{"height":800,"_type":"image-file","sha256":"ae75ca8945d319af0733fa896719fb7a9fa824e99b56577e93b5587a01228aad","size":52587,"path":"media/images/confusion_matrix_11_ae75ca8945d319af0733.png","format":"png","width":1000},"accuracy":0.10975760268562401,"test_loss":2.3022964976195373,"test_accuracy":0.1469,"_step":12,"_timestamp":1.7415400645426037e+09,"val_loss":2.3024307854332493}