{"_runtime":29.53773,"epoch":4,"confusion_matrix":{"size":59569,"path":"media/images/confusion_matrix_6_7f33dda1fcfd5e95d9cd.png","format":"png","width":1000,"height":800,"_type":"image-file","sha256":"7f33dda1fcfd5e95d9cdcfc82b4627196999fa1d1a476fdf11916f7d8da6d8bb"},"_wandb":{"runtime":29},"accuracy":0.8786840936018957,"_timestamp":1.7415540369978664e+09,"test_loss":0.4054205462609943,"val_accuracy":0.8728333333333333,"examples":{"size":23873,"path":"media/images/examples_7_3b17a40d3c0003481150.png","format":"png","width":1200,"height":600,"_type":"image-file","sha256":"3b17a40d3c0003481150ce3cd5e234db4ef06f1019885019f6a3fed9b4772b2e"},"val_loss":0.3685944318888894,"_step":7,"loss":0.35394694496416523,"test_accuracy":0.8644}