{"_step":12,"test_loss":0.11520053429451818,"_runtime":47.4320848,"accuracy":0.8568510564770931,"examples":{"height":600,"_type":"image-file","sha256":"3b17a40d3c0003481150ce3cd5e234db4ef06f1019885019f6a3fed9b4772b2e","size":23873,"path":"media/images/examples_12_3b17a40d3c0003481150.png","format":"png","width":1200},"val_loss":0.10552004337838997,"val_accuracy":0.8551666666666666,"_timestamp":1.7415493709192593e+09,"epoch":9,"confusion_matrix":{"size":63183,"path":"media/images/confusion_matrix_11_cc795a57e82cb5bdf455.png","format":"png","width":1000,"height":800,"_type":"image-file","sha256":"cc795a57e82cb5bdf45580dae3e4b314d188702b18b8c1692f00bd17a80861d8"},"_wandb":{"runtime":47},"test_accuracy":0.8398,"loss":0.10567514632438893}