{"test_loss":0.4500000035921253,"epoch":4,"val_loss":0.45000026282828376,"confusion_matrix":{"path":"media/images/confusion_matrix_6_2b3a05ec871c33689ee9.png","format":"png","width":1000,"height":800,"_type":"image-file","sha256":"2b3a05ec871c33689ee911aab8ce77044427c04bbb582f962239aca311c9a1be","size":45099},"_runtime":13.6621442,"test_accuracy":0.1,"_timestamp":1.7415264339553778e+09,"_step":7,"accuracy":0.09839677132701422,"_wandb":{"runtime":13},"loss":0.45000030218812026,"examples":{"path":"media/images/examples_7_3b17a40d3c0003481150.png","format":"png","width":1200,"height":600,"_type":"image-file","sha256":"3b17a40d3c0003481150ce3cd5e234db4ef06f1019885019f6a3fed9b4772b2e","size":23873},"val_accuracy":0.099}