{"test_accuracy":0.8626,"loss":0.08239214307674617,"_step":12,"accuracy":0.886663210900474,"val_accuracy":0.8766666666666667,"confusion_matrix":{"width":1000,"height":800,"_type":"image-file","sha256":"1cb2e32acf6fdeba07825750721858c415c74ad0710356653e189fff0db49303","size":61298,"path":"media/images/confusion_matrix_11_1cb2e32acf6fdeba0782.png","format":"png"},"val_loss":0.09089678581806743,"epoch":9,"examples":{"path":"media/images/examples_12_3b17a40d3c0003481150.png","format":"png","width":1200,"height":600,"_type":"image-file","sha256":"3b17a40d3c0003481150ce3cd5e234db4ef06f1019885019f6a3fed9b4772b2e","size":23873},"_timestamp":1.7415505880160348e+09,"test_loss":0.09847729447746299,"_runtime":36.2358155,"_wandb":{"runtime":36}}