{"epoch":19,"val_accuracy":0.781,"_runtime":659.252949,"_timestamp":1.7421396627144988e+09,"_step":22,"_wandb":{"runtime":659},"test_accuracy":0.7706,"confusion_matrix":{"path":"media/images/confusion_matrix_21_bea1b62976acd6702a9c.png","format":"png","width":1000,"height":800,"_type":"image-file","sha256":"bea1b62976acd6702a9c00c61d0c55bacd85ea3e8e10486311f91581ffd0354f","size":64671},"accuracy":0.7750555555555556,"val_loss":0.7809252278510667,"examples":{"path":"media/images/examples_22_75cf3f2d6042056b9d89.png","format":"png","width":1200,"height":600,"_type":"image-file","sha256":"75cf3f2d6042056b9d89df460d23ed8f265f2d2a3c6eed2b5cf3bc7f22904ecc","size":29574},"loss":0.7666484024418515,"test_loss":0.8124839582813802}