{"loss":0.4129481777495799,"confusion_matrix":{"height":800,"_type":"image-file","sha256":"ecbcae3d07bdaa30a5518780d6561f32d3dcb935112fe3267cb78e25834b61b6","size":62426,"path":"media/images/confusion_matrix_6_ecbcae3d07bdaa30a551.png","format":"png","width":1000},"_step":7,"_runtime":42.9949369,"_wandb":{"runtime":43},"test_accuracy":0.847,"examples":{"path":"media/images/examples_7_3b17a40d3c0003481150.png","format":"png","width":1200,"height":600,"_type":"image-file","sha256":"3b17a40d3c0003481150ce3cd5e234db4ef06f1019885019f6a3fed9b4772b2e","size":23873},"_timestamp":1.741549890736258e+09,"epoch":4,"val_loss":0.43070946901419316,"val_accuracy":0.8615,"accuracy":0.8642809537914692,"test_loss":0.45045994592684474}