{"test_loss":0.36120245601312045,"_timestamp":1.742127626346474e+09,"test_accuracy":0.8795,"confusion_matrix":{"path":"media/images/confusion_matrix_11_d0f6f5b4de507ba9d9f5.png","format":"png","width":1000,"height":800,"_type":"image-file","sha256":"d0f6f5b4de507ba9d9f5f7d95e72d2af71e4627d2bc7d7de137e093d63d76fda","size":60947},"val_loss":0.33049531427241013,"loss":0.30372863915010373,"epoch":9,"_wandb":{"runtime":99},"_step":12,"examples":{"height":600,"_type":"image-file","sha256":"75cf3f2d6042056b9d89df460d23ed8f265f2d2a3c6eed2b5cf3bc7f22904ecc","size":29574,"path":"media/images/examples_12_75cf3f2d6042056b9d89.png","format":"png","width":1200},"accuracy":0.8995667950236966,"val_accuracy":0.8848333333333334,"_runtime":99.6188828}