{"val_loss":0.40641638076455583,"examples":{"_type":"image-file","sha256":"3b17a40d3c0003481150ce3cd5e234db4ef06f1019885019f6a3fed9b4772b2e","size":23873,"path":"media/images/examples_7_3b17a40d3c0003481150.png","format":"png","width":1200,"height":600},"epoch":4,"accuracy":0.8703532286729858,"val_accuracy":0.8641666666666666,"test_loss":0.42651931977908797,"_runtime":25.099014,"_timestamp":1.74153202601102e+09,"_wandb":{"runtime":25},"loss":0.38067407379638263,"test_accuracy":0.8505,"confusion_matrix":{"format":"png","width":1000,"height":800,"_type":"image-file","sha256":"d5d5cc67b32cc4e4ceb84a07524c9512f4f7aada183d18aa9770fc4cf36b72d4","size":61462,"path":"media/images/confusion_matrix_6_d5d5cc67b32cc4e4ceb8.png"},"_step":7}