{"_timestamp":1.7420719282368379e+09,"loss":0.06286639073097768,"val_loss":0.08330583723404549,"test_loss":0.08834400506668806,"_step":17,"accuracy":0.915987855450237,"confusion_matrix":{"format":"png","width":1000,"height":800,"_type":"image-file","sha256":"8753e5df5a384f4480939a1075f145a88f6a643fc2cd8a9215d700560d3bf736","size":60923,"path":"media/images/confusion_matrix_16_8753e5df5a384f448093.png"},"val_accuracy":0.888,"_wandb":{"runtime":251},"epoch":14,"test_accuracy":0.8795,"examples":{"width":1200,"height":600,"_type":"image-file","sha256":"75cf3f2d6042056b9d89df460d23ed8f265f2d2a3c6eed2b5cf3bc7f22904ecc","size":29574,"path":"media/images/examples_17_75cf3f2d6042056b9d89.png","format":"png"},"_runtime":251.7684887}