{"loss":0.4499998575062404,"val_loss":0.45000052361700965,"confusion_matrix":{"height":800,"_type":"image-file","sha256":"678dbf882bb444178ce8d74ee29d67ca68cce3b26ffefff6003501f2be5d4808","size":45059,"path":"media/images/confusion_matrix_6_678dbf882bb444178ce8.png","format":"png","width":1000},"_step":7,"test_accuracy":0.1,"examples":{"size":23873,"path":"media/images/examples_7_3b17a40d3c0003481150.png","format":"png","width":1200,"height":600,"_type":"image-file","sha256":"3b17a40d3c0003481150ce3cd5e234db4ef06f1019885019f6a3fed9b4772b2e"},"_timestamp":1.7415250958253007e+09,"epoch":4,"test_loss":0.4500000249406007,"_runtime":15.0891688,"accuracy":0.10198148148148148,"val_accuracy":0.09833333333333333,"_wandb":{"runtime":15}}