{"val_loss":0.0997426222437183,"examples":{"format":"png","width":1200,"height":600,"_type":"image-file","sha256":"3b17a40d3c0003481150ce3cd5e234db4ef06f1019885019f6a3fed9b4772b2e","size":23873,"path":"media/images/examples_7_3b17a40d3c0003481150.png"},"_runtime":46.524071,"test_accuracy":0.8483,"_wandb":{"runtime":46},"epoch":4,"loss":0.10045073443114211,"val_accuracy":0.8623333333333333,"_timestamp":1.7415497564228787e+09,"accuracy":0.864114336492891,"_step":7,"confusion_matrix":{"_type":"image-file","sha256":"32c4800a07b80d56d04fdbc67b200bbc289ac8e2d11be479a2886e7ff7348011","size":62110,"path":"media/images/confusion_matrix_6_32c4800a07b80d56d04f.png","format":"png","width":1000,"height":800},"test_loss":0.10849908585662071}