{"_runtime":32.1025158,"accuracy":0.8824175552922591,"val_loss":0.3619286547161806,"examples":{"size":23873,"path":"media/images/examples_7_3b17a40d3c0003481150.png","format":"png","width":1200,"height":600,"_type":"image-file","sha256":"3b17a40d3c0003481150ce3cd5e234db4ef06f1019885019f6a3fed9b4772b2e"},"_step":7,"test_loss":0.3916049906787151,"_timestamp":1.7415489735165992e+09,"val_accuracy":0.8766666666666667,"confusion_matrix":{"format":"png","width":1000,"height":800,"_type":"image-file","sha256":"8ad1aa514bf65748acd0ac520798f08c7a3824029d065b59edb77fbb3fad219d","size":61825,"path":"media/images/confusion_matrix_6_8ad1aa514bf65748acd0.png"},"loss":0.3473553263749934,"test_accuracy":0.8674,"epoch":4,"_wandb":{"runtime":32}}