{"test_accuracy":0.1,"_wandb":{"runtime":114},"epoch":14,"val_loss":0.4503418763677689,"_timestamp":1.7420713659007285e+09,"_step":17,"accuracy":0.0994074074074074,"test_loss":0.4502989178852108,"loss":0.4505283173363212,"confusion_matrix":{"width":1000,"height":800,"_type":"image-file","sha256":"f48973bcd5afde71a19530ed7e355e7c7695692b6412dec21399dad952c2fc8b","size":45194,"path":"media/images/confusion_matrix_16_f48973bcd5afde71a195.png","format":"png"},"examples":{"width":1200,"height":600,"_type":"image-file","sha256":"75cf3f2d6042056b9d89df460d23ed8f265f2d2a3c6eed2b5cf3bc7f22904ecc","size":29574,"path":"media/images/examples_17_75cf3f2d6042056b9d89.png","format":"png"},"_runtime":114.4732889,"val_accuracy":0.10283333333333333}