{"_step":7,"_wandb":{"runtime":29},"test_loss":0.10353392379598775,"accuracy":0.882497778436019,"_timestamp":1.7415525103508658e+09,"_runtime":29.531524,"test_accuracy":0.8591,"val_loss":0.09537366110183938,"examples":{"sha256":"3b17a40d3c0003481150ce3cd5e234db4ef06f1019885019f6a3fed9b4772b2e","size":23873,"path":"media/images/examples_7_3b17a40d3c0003481150.png","format":"png","width":1200,"height":600,"_type":"image-file"},"confusion_matrix":{"format":"png","width":1000,"height":800,"_type":"image-file","sha256":"7b79eeed62b4bac476484bc0f5cef1bfd1ee47c36c8748a1f3102aa30add0727","size":59535,"path":"media/images/confusion_matrix_6_7b79eeed62b4bac47648.png"},"epoch":4,"loss":0.08545060153580256,"val_accuracy":0.8673333333333333}