{"_step":7,"val_loss":0.3914725266619954,"test_accuracy":0.8583,"test_loss":0.4261244467262975,"examples":{"format":"png","width":1200,"height":600,"_type":"image-file","sha256":"3b17a40d3c0003481150ce3cd5e234db4ef06f1019885019f6a3fed9b4772b2e","size":23873,"path":"media/images/examples_7_3b17a40d3c0003481150.png"},"_wandb":{"runtime":29},"val_accuracy":0.8686666666666667,"_timestamp":1.7415512852959087e+09,"accuracy":0.8787951718009479,"_runtime":29.6564456,"epoch":4,"confusion_matrix":{"height":800,"_type":"image-file","sha256":"f490cb82e24aad3f7450c955b7c99208cad1076f186432dd3cd0b4fe5c2c6d68","size":63118,"path":"media/images/confusion_matrix_6_f490cb82e24aad3f7450.png","format":"png","width":1000},"loss":0.3571211682966057}