{"_wandb":{"runtime":226},"accuracy":0.9260774585308057,"test_loss":0.35367580511420915,"examples":{"size":29574,"path":"media/images/examples_22_75cf3f2d6042056b9d89.png","format":"png","width":1200,"height":600,"_type":"image-file","sha256":"75cf3f2d6042056b9d89df460d23ed8f265f2d2a3c6eed2b5cf3bc7f22904ecc"},"loss":0.23291554808465303,"val_loss":0.33581962616955113,"_step":22,"confusion_matrix":{"path":"media/images/confusion_matrix_21_d1c8bf25faa63615df58.png","format":"png","width":1000,"height":800,"_type":"image-file","sha256":"d1c8bf25faa63615df5842d8cb44132a88159b3efd8ba6e5cb6ff1572980eafb","size":60876},"val_accuracy":0.8876666666666667,"_timestamp":1.7421332050657396e+09,"_runtime":226.7383706,"epoch":19,"test_accuracy":0.8837}