{"_wandb":{"runtime":308},"test_accuracy":0.8728,"examples":{"width":1200,"height":600,"_type":"image-file","sha256":"75cf3f2d6042056b9d89df460d23ed8f265f2d2a3c6eed2b5cf3bc7f22904ecc","size":29574,"path":"media/images/examples_17_75cf3f2d6042056b9d89.png","format":"png"},"val_loss":0.08528607301619727,"val_accuracy":0.8825,"epoch":14,"_timestamp":1.742073114150901e+09,"accuracy":0.9063610781990521,"test_loss":0.09217885724402312,"_runtime":308.4477635,"_step":17,"loss":0.06949110255089909,"confusion_matrix":{"_type":"image-file","sha256":"c7bfc6036de44d4b3eb4ef60222e8a8c83b9380eabde84a8cc51712a632c998f","size":59735,"path":"media/images/confusion_matrix_16_c7bfc6036de44d4b3eb4.png","format":"png","width":1000,"height":800}}