{"_timestamp":1.7421245581596875e+09,"test_loss":0.4282554597817082,"accuracy":0.8924022511848341,"confusion_matrix":{"width":1000,"height":800,"_type":"image-file","sha256":"a3402bb7a2fc6cdf95076f2e7d9fbed19133ab07d072a2d468ad84fad8618c12","size":61880,"path":"media/images/confusion_matrix_11_a3402bb7a2fc6cdf9507.png","format":"png"},"_runtime":150.6059044,"_step":12,"examples":{"width":1200,"height":600,"_type":"image-file","sha256":"75cf3f2d6042056b9d89df460d23ed8f265f2d2a3c6eed2b5cf3bc7f22904ecc","size":29574,"path":"media/images/examples_12_75cf3f2d6042056b9d89.png","format":"png"},"val_loss":0.40677910679422047,"test_accuracy":0.8668,"loss":0.35430247134744386,"val_accuracy":0.8736666666666667,"epoch":9,"_wandb":{"runtime":150}}