{"test_accuracy":0.1,"test_loss":2.302634322226978,"_timestamp":1.7415447248824778e+09,"_step":7,"confusion_matrix":{"height":800,"_type":"image-file","sha256":"f14a9af4f0d45c6ac57d13e859cef2fa5eab488f3854babdf639d573af3afc06","size":45125,"path":"media/images/confusion_matrix_6_f14a9af4f0d45c6ac57d.png","format":"png","width":1000},"_wandb":{"runtime":27},"epoch":4,"val_loss":2.302612288186859,"val_accuracy":0.09833333333333333,"_runtime":27.609719,"loss":2.3027955121991166,"accuracy":0.09789691943127962,"examples":{"size":23873,"path":"media/images/examples_7_3b17a40d3c0003481150.png","format":"png","width":1200,"height":600,"_type":"image-file","sha256":"3b17a40d3c0003481150ce3cd5e234db4ef06f1019885019f6a3fed9b4772b2e"}}