{"_wandb":{"runtime":204},"predictions":{"_type":"image-file","sha256":"9b2322137b77cce0adf5e866e8c0a7bbf91198afb7145c85ba8fcd7e204376fe","size":51580,"path":"media/images/predictions_22_9b2322137b77cce0adf5.png","format":"png","width":2250,"height":900},"_step":22,"epoch":19,"val_accuracy":0.8875,"confusion_matrix":{"height":2963,"_type":"image-file","sha256":"09d62ed232f328efd2fab072c7f3b8cf11c344fd18ea0039a881d97b894f1f4d","size":320889,"path":"media/images/confusion_matrix_21_09d62ed232f328efd2fa.png","format":"png","width":3367},"accuracy":0.9228500197472354,"_runtime":203.8268174,"loss":0.2504906611643081,"_timestamp":1.7422085471428993e+09,"test_accuracy":0.8821,"val_loss":0.34448553553343714,"test_loss":0.35936599857088863}