{"_timestamp":1.742220193346556e+09,"loss":0.2549316912239801,"accuracy":0.9214060031595576,"test_accuracy":0.8816,"val_accuracy":0.8906666666666667,"epoch":19,"val_loss":0.34477598015748495,"test_loss":0.3677403658928368,"_runtime":172.6846498,"_step":21,"_wandb":{"runtime":172},"confusion_matrix":{"height":4163,"_type":"image-file","sha256":"2f6c01f64fd5a46741be396f6e7101919e5a36f2bd4de3601a599659daf0ffc3","size":405491,"path":"media/images/confusion_matrix_21_2f6c01f64fd5a46741be.png","format":"png","width":4447}}