{"_step":22,"epoch":19,"_timestamp":1.742112790851837e+09,"test_loss":0.35543633272966674,"val_accuracy":0.885,"val_loss":0.3322946603535556,"_runtime":518.8539933,"loss":0.25819088569797083,"test_accuracy":0.8824,"examples":{"path":"media/images/examples_22_75cf3f2d6042056b9d89.png","format":"png","width":1200,"height":600,"_type":"image-file","sha256":"75cf3f2d6042056b9d89df460d23ed8f265f2d2a3c6eed2b5cf3bc7f22904ecc","size":29574},"_wandb":{"runtime":518},"confusion_matrix":{"path":"media/images/confusion_matrix_21_0c4a443566847e576ae2.png","format":"png","width":1000,"height":800,"_type":"image-file","sha256":"0c4a443566847e576ae2ae0e9578c88959648a1cd8d050c819b5d2d100647e14","size":59891},"accuracy":0.9191481481481482}