{"_step":12,"test_accuracy":0.8165,"confusion_matrix":{"format":"png","width":1000,"height":800,"_type":"image-file","sha256":"e361d6524ec374ec3445f64d8f1a854a7ae38b7155b2c888c7ce2e5ea5b69253","size":64543,"path":"media/images/confusion_matrix_11_e361d6524ec374ec3445.png"},"examples":{"sha256":"75cf3f2d6042056b9d89df460d23ed8f265f2d2a3c6eed2b5cf3bc7f22904ecc","size":29574,"path":"media/images/examples_12_75cf3f2d6042056b9d89.png","format":"png","width":1200,"height":600,"_type":"image-file"},"val_accuracy":0.8308333333333333,"test_loss":0.13352597079821177,"val_loss":0.12433983978856279,"_wandb":{"runtime":78},"accuracy":0.824928416271722,"epoch":9,"loss":0.12983518744903003,"_timestamp":1.7420736405024433e+09,"_runtime":78.5645019}