{"_runtime":34.6595833,"val_accuracy":0.864,"_timestamp":1.7415511245841653e+09,"examples":{"height":600,"_type":"image-file","sha256":"3b17a40d3c0003481150ce3cd5e234db4ef06f1019885019f6a3fed9b4772b2e","size":23873,"path":"media/images/examples_12_3b17a40d3c0003481150.png","format":"png","width":1200},"test_loss":0.10892827980310169,"accuracy":0.8765612657977884,"val_loss":0.09837225308547132,"test_accuracy":0.8483,"_wandb":{"runtime":34},"confusion_matrix":{"path":"media/images/confusion_matrix_11_af9c0e4b5aa559600d1f.png","format":"png","width":1000,"height":800,"_type":"image-file","sha256":"af9c0e4b5aa559600d1f534066efbe17bedb2277890c3659d77b1a1e06cea0b9","size":60631},"_step":12,"loss":0.09150255316490162,"epoch":9}