{"_runtime":43.6720411,"examples":{"format":"png","width":1200,"height":600,"_type":"image-file","sha256":"3b17a40d3c0003481150ce3cd5e234db4ef06f1019885019f6a3fed9b4772b2e","size":23873,"path":"media/images/examples_7_3b17a40d3c0003481150.png"},"val_loss":0.08664717953762988,"val_accuracy":0.8796666666666667,"loss":0.08344503147719874,"test_loss":0.09638178971354985,"confusion_matrix":{"width":1000,"height":800,"_type":"image-file","sha256":"6c861a758550d9b89ec22b411a2093a1ee8751f4cbbc09925cf76846659c0910","size":60127,"path":"media/images/confusion_matrix_6_6c861a758550d9b89ec2.png","format":"png"},"epoch":4,"_step":7,"test_accuracy":0.8648,"_wandb":{"runtime":43},"_timestamp":1.7415504934450758e+09,"accuracy":0.8856326520537126}