{"_wandb":{"runtime":48},"_timestamp":1.7415382335282648e+09,"loss":0.37878046503601237,"accuracy":0.8727228969194313,"_runtime":48.5841947,"confusion_matrix":{"height":800,"_type":"image-file","sha256":"f935ad483cbb4646186fdeb014218c6e1046ea9fa8cd7b95dadc5938d2d0fe0e","size":60124,"path":"media/images/confusion_matrix_6_f935ad483cbb4646186f.png","format":"png","width":1000},"examples":{"size":23873,"path":"media/images/examples_7_3b17a40d3c0003481150.png","format":"png","width":1200,"height":600,"_type":"image-file","sha256":"3b17a40d3c0003481150ce3cd5e234db4ef06f1019885019f6a3fed9b4772b2e"},"_step":7,"epoch":4,"val_accuracy":0.8696666666666667,"test_accuracy":0.8588,"test_loss":0.41606596901694604,"val_loss":0.37685332615936423}