{"_step":22,"val_loss":0.08661995304699435,"test_accuracy":0.8711,"confusion_matrix":{"path":"media/images/confusion_matrix_21_80adc8c54b4c6e2632db.png","format":"png","width":1000,"height":800,"_type":"image-file","sha256":"80adc8c54b4c6e2632db0652ae805a19a0e55e280559c1d6bc471a6e9051aa9a","size":62220},"examples":{"_type":"image-file","sha256":"75cf3f2d6042056b9d89df460d23ed8f265f2d2a3c6eed2b5cf3bc7f22904ecc","size":29574,"path":"media/images/examples_22_75cf3f2d6042056b9d89.png","format":"png","width":1200,"height":600},"val_accuracy":0.8833333333333333,"_runtime":100.6179992,"_wandb":{"runtime":100},"accuracy":0.8929082740916272,"test_loss":0.09455984896292473,"loss":0.07994653889377977,"_timestamp":1.742075548932477e+09,"epoch":19}