{"loss":2.3025780644275193,"test_accuracy":0.1,"_wandb":{"runtime":106},"_step":12,"test_loss":2.3025779873358667,"accuracy":0.1007037037037037,"_timestamp":1.7415478126777074e+09,"_runtime":106.8079564,"examples":{"sha256":"3b17a40d3c0003481150ce3cd5e234db4ef06f1019885019f6a3fed9b4772b2e","size":23873,"path":"media/images/examples_12_3b17a40d3c0003481150.png","format":"png","width":1200,"height":600,"_type":"image-file"},"val_loss":2.302582710598048,"val_accuracy":0.09333333333333334,"confusion_matrix":{"_type":"image-file","sha256":"24a617a8756e9b2d61681d6508f31a83b306fcb5703888b5b2a122aba43d688d","size":44800,"path":"media/images/confusion_matrix_11_24a617a8756e9b2d6168.png","format":"png","width":1000,"height":800},"epoch":9}