{"_runtime":119.7536086,"test_loss":0.09404393149805838,"val_accuracy":0.8805,"_wandb":{"runtime":119},"val_loss":0.08688601836005429,"loss":0.07766988521601845,"accuracy":0.8942407407407408,"test_accuracy":0.8709,"_step":12,"confusion_matrix":{"sha256":"9fbe1930e5a1288ed116b302254bda83b69d6a74238b697fd1a02bd0394774c2","size":62958,"path":"media/images/confusion_matrix_11_9fbe1930e5a1288ed116.png","format":"png","width":1000,"height":800,"_type":"image-file"},"examples":{"format":"png","width":1200,"height":600,"_type":"image-file","sha256":"3b17a40d3c0003481150ce3cd5e234db4ef06f1019885019f6a3fed9b4772b2e","size":23873,"path":"media/images/examples_12_3b17a40d3c0003481150.png"},"epoch":9,"_timestamp":1.7415635682512836e+09}