{"examples":{"height":600,"_type":"image-file","sha256":"3b17a40d3c0003481150ce3cd5e234db4ef06f1019885019f6a3fed9b4772b2e","size":23873,"path":"media/images/examples_12_3b17a40d3c0003481150.png","format":"png","width":1200},"accuracy":0.901425925925926,"test_accuracy":0.8793,"val_accuracy":0.8868333333333334,"test_loss":0.3666693853345943,"loss":0.30004689771646115,"_timestamp":1.7415620760250878e+09,"val_loss":0.3415500127082605,"_runtime":171.6965492,"confusion_matrix":{"_type":"image-file","sha256":"5468fa01c28c72b38d6fdf2aa9c9a6ad3df70a5f6ddf972fc9dce9bf445a4d2a","size":60781,"path":"media/images/confusion_matrix_11_5468fa01c28c72b38d6f.png","format":"png","width":1000,"height":800},"_wandb":{"runtime":171},"epoch":9,"_step":12}