{"loss":0.4500027529481193,"examples":{"size":23873,"path":"media/images/examples_12_3b17a40d3c0003481150.png","format":"png","width":1200,"height":600,"_type":"image-file","sha256":"3b17a40d3c0003481150ce3cd5e234db4ef06f1019885019f6a3fed9b4772b2e"},"val_loss":0.4500138458043862,"test_accuracy":0.1,"_step":12,"_wandb":{"runtime":225},"_timestamp":1.7415801083693306e+09,"_runtime":225.2331656,"accuracy":0.10074074074074074,"test_loss":0.4500007224568716,"confusion_matrix":{"sha256":"24a617a8756e9b2d61681d6508f31a83b306fcb5703888b5b2a122aba43d688d","size":44800,"path":"media/images/confusion_matrix_11_24a617a8756e9b2d6168.png","format":"png","width":1000,"height":800,"_type":"image-file"},"val_accuracy":0.09333333333333334,"epoch":9}