{"_wandb":{"runtime":108},"_step":17,"examples":{"sha256":"75cf3f2d6042056b9d89df460d23ed8f265f2d2a3c6eed2b5cf3bc7f22904ecc","size":29574,"path":"media/images/examples_17_75cf3f2d6042056b9d89.png","format":"png","width":1200,"height":600,"_type":"image-file"},"test_loss":0.4068613953299449,"epoch":14,"accuracy":0.8816111111111111,"test_accuracy":0.8633,"val_loss":0.3778177909140899,"val_accuracy":0.8755,"_timestamp":1.7421099478277037e+09,"loss":0.36314064212710395,"confusion_matrix":{"format":"png","width":1000,"height":800,"_type":"image-file","sha256":"96fa6f5f54428387a400bd03aca6cbf9ca85d459ce6f383669c3f307cb9c351d","size":62761,"path":"media/images/confusion_matrix_16_96fa6f5f54428387a400.png"},"_runtime":108.6044214}