{"_timestamp":1.7415534587664974e+09,"_runtime":85.2708403,"loss":0.08315170069551238,"accuracy":0.8878542160347552,"val_accuracy":0.8788333333333334,"test_accuracy":0.872,"val_loss":0.08757516422481691,"_wandb":{"runtime":85},"epoch":9,"confusion_matrix":{"width":1000,"height":800,"_type":"image-file","sha256":"0a42463afc00a8285556c88b5533c08d12468979bd6eba706f6484b05ff8daf5","size":62381,"path":"media/images/confusion_matrix_11_0a42463afc00a8285556.png","format":"png"},"examples":{"height":600,"_type":"image-file","sha256":"3b17a40d3c0003481150ce3cd5e234db4ef06f1019885019f6a3fed9b4772b2e","size":23873,"path":"media/images/examples_12_3b17a40d3c0003481150.png","format":"png","width":1200},"test_loss":0.09425240750533032,"_step":12}