{"examples":{"height":600,"_type":"image-file","sha256":"75cf3f2d6042056b9d89df460d23ed8f265f2d2a3c6eed2b5cf3bc7f22904ecc","size":29574,"path":"media/images/examples_22_75cf3f2d6042056b9d89.png","format":"png","width":1200},"_step":22,"val_accuracy":0.10283333333333333,"_timestamp":1.7421222769599662e+09,"_wandb":{"runtime":248},"loss":2.3032212162603565,"test_accuracy":0.1,"confusion_matrix":{"format":"png","width":1000,"height":800,"_type":"image-file","sha256":"f48973bcd5afde71a19530ed7e355e7c7695692b6412dec21399dad952c2fc8b","size":45194,"path":"media/images/confusion_matrix_21_f48973bcd5afde71a195.png"},"test_loss":2.3030062094370654,"epoch":19,"val_loss":2.303026445568718,"accuracy":0.09912962962962962,"_runtime":248.1850197}