{"test_loss":0.11010206938496214,"test_accuracy":0.8457,"examples":{"size":23873,"path":"media/images/examples_12_3b17a40d3c0003481150.png","format":"png","width":1200,"height":600,"_type":"image-file","sha256":"3b17a40d3c0003481150ce3cd5e234db4ef06f1019885019f6a3fed9b4772b2e"},"_wandb":{"runtime":100},"epoch":9,"accuracy":0.8609486078199052,"_timestamp":1.741546403737501e+09,"val_accuracy":0.8611666666666666,"_runtime":100.4867182,"confusion_matrix":{"width":1000,"height":800,"_type":"image-file","sha256":"4a9f81b33e68eb09fc900f56102f607d831c01383af17c8ecc2fa675a4e1bbfe","size":62849,"path":"media/images/confusion_matrix_11_4a9f81b33e68eb09fc90.png","format":"png"},"loss":0.10112303264517397,"_step":12,"val_loss":0.10135760959341762}