{"_step":17,"test_loss":0.08846988134025889,"test_accuracy":0.877,"epoch":14,"_runtime":226.6944226,"val_accuracy":0.8876666666666667,"_timestamp":1.7420702869208088e+09,"examples":{"size":29574,"path":"media/images/examples_17_75cf3f2d6042056b9d89.png","format":"png","width":1200,"height":600,"_type":"image-file","sha256":"75cf3f2d6042056b9d89df460d23ed8f265f2d2a3c6eed2b5cf3bc7f22904ecc"},"loss":0.07009217985019432,"accuracy":0.9039358708530806,"val_loss":0.08254835306895203,"_wandb":{"runtime":226},"confusion_matrix":{"size":60620,"path":"media/images/confusion_matrix_16_0ec3f9e8504dfcd0067d.png","format":"png","width":1000,"height":800,"_type":"image-file","sha256":"0ec3f9e8504dfcd0067df7b88ef4f59b6b504c1c3984075dec578a86c55f5828"}}