{"_runtime":31.8015906,"examples":{"format":"png","width":1200,"height":600,"_type":"image-file","sha256":"3b17a40d3c0003481150ce3cd5e234db4ef06f1019885019f6a3fed9b4772b2e","size":23873,"path":"media/images/examples_7_3b17a40d3c0003481150.png"},"_step":7,"epoch":4,"loss":0.42904981877204207,"accuracy":0.8600970082938388,"val_loss":0.4278583499836601,"_wandb":{"runtime":31},"val_accuracy":0.859,"_timestamp":1.7415387569557877e+09,"test_loss":0.45982159043007853,"test_accuracy":0.8497,"confusion_matrix":{"sha256":"91d63676d94bb7097a3646ae90630cfd1aaad703b84b80cd9e5868edec9130bd","size":62434,"path":"media/images/confusion_matrix_6_91d63676d94bb7097a36.png","format":"png","width":1000,"height":800,"_type":"image-file"}}