{"confusion_matrix":{"size":61440,"path":"media/images/confusion_matrix_11_a8b82ff341436f891084.png","format":"png","width":1000,"height":800,"_type":"image-file","sha256":"a8b82ff341436f891084ba647d69478aadd13d45b83ce83ed5d7336825cbeccc"},"_timestamp":1.742075436236003e+09,"loss":0.37865797396854456,"val_loss":0.39246459314941007,"_wandb":{"runtime":74},"val_accuracy":0.871,"accuracy":0.8768204482622434,"test_loss":0.4223751967387098,"_runtime":74.934319,"examples":{"height":600,"_type":"image-file","sha256":"75cf3f2d6042056b9d89df460d23ed8f265f2d2a3c6eed2b5cf3bc7f22904ecc","size":29574,"path":"media/images/examples_12_75cf3f2d6042056b9d89.png","format":"png","width":1200},"_step":12,"epoch":9,"test_accuracy":0.861}