{"test_loss":0.08710662403682638,"examples":{"height":600,"_type":"image-file","sha256":"75cf3f2d6042056b9d89df460d23ed8f265f2d2a3c6eed2b5cf3bc7f22904ecc","size":29574,"path":"media/images/examples_22_75cf3f2d6042056b9d89.png","format":"png","width":1200},"_wandb":{"runtime":1713},"epoch":19,"loss":0.06382582947997566,"_timestamp":1.7421119427547727e+09,"_runtime":1712.8814166,"_step":22,"accuracy":0.9154629629629629,"val_loss":0.0817851364502292,"confusion_matrix":{"_type":"image-file","sha256":"e1d1ee48be585a6aabb5e06659d577c7016cdadd134541197a2834664ef0cca2","size":60386,"path":"media/images/confusion_matrix_21_e1d1ee48be585a6aabb5.png","format":"png","width":1000,"height":800},"val_accuracy":0.8895,"test_accuracy":0.8819}