{"test_accuracy":0.8628,"val_loss":0.09106676182664274,"val_accuracy":0.8721666666666666,"_step":17,"test_loss":0.10049579987983516,"accuracy":0.8924763033175356,"_timestamp":1.7420674738850906e+09,"confusion_matrix":{"format":"png","width":1000,"height":800,"_type":"image-file","sha256":"db8c8fd829ea2ebdbdf328ac77aacb5cbb605cb4ae186a61c16d3166bd9791bf","size":60921,"path":"media/images/confusion_matrix_16_db8c8fd829ea2ebdbdf3.png"},"examples":{"path":"media/images/examples_17_75cf3f2d6042056b9d89.png","format":"png","width":1200,"height":600,"_type":"image-file","sha256":"75cf3f2d6042056b9d89df460d23ed8f265f2d2a3c6eed2b5cf3bc7f22904ecc","size":29574},"_wandb":{"runtime":137},"epoch":14,"_runtime":137.6256789,"loss":0.08107504574620926}