{"confusion_matrix":{"format":"png","width":1000,"height":800,"_type":"image-file","sha256":"44067ff93adfa8660fbd90f76095eb0b9928e7b56fa3dc510105ae150af85fd9","size":60881,"path":"media/images/confusion_matrix_21_44067ff93adfa8660fbd.png"},"accuracy":0.9082679206161137,"test_accuracy":0.8699,"_timestamp":1.742116290112062e+09,"_wandb":{"runtime":119},"epoch":19,"val_loss":0.37420732549143343,"_runtime":119.7109442,"test_loss":0.4097726358581227,"examples":{"_type":"image-file","sha256":"75cf3f2d6042056b9d89df460d23ed8f265f2d2a3c6eed2b5cf3bc7f22904ecc","size":29574,"path":"media/images/examples_22_75cf3f2d6042056b9d89.png","format":"png","width":1200,"height":600},"_step":22,"loss":0.2983648379188391,"val_accuracy":0.8766666666666667}