{"val_loss":0.09399065001840294,"epoch":4,"accuracy":0.88229413507109,"test_accuracy":0.8603,"_step":7,"_runtime":22.7281311,"confusion_matrix":{"sha256":"bfc566fce32685a7cd764b1c94a37b517cf1481086d16540631e909e55233989","size":61539,"path":"media/images/confusion_matrix_6_bfc566fce32685a7cd76.png","format":"png","width":1000,"height":800,"_type":"image-file"},"loss":0.08543789825625858,"val_accuracy":0.8708333333333333,"_timestamp":1.7415696024800708e+09,"test_loss":0.10161523095184985,"_wandb":{"runtime":22},"examples":{"width":1200,"height":600,"_type":"image-file","sha256":"3b17a40d3c0003481150ce3cd5e234db4ef06f1019885019f6a3fed9b4772b2e","size":23873,"path":"media/images/examples_7_3b17a40d3c0003481150.png","format":"png"}}