{"epoch":9,"_runtime":26.4652564,"val_loss":0.8097582768486798,"val_accuracy":0.8115,"test_accuracy":0.808,"_wandb":{"runtime":26},"_timestamp":1.7415399226145344e+09,"test_loss":0.886852122426038,"examples":{"width":1200,"height":600,"_type":"image-file","sha256":"3b17a40d3c0003481150ce3cd5e234db4ef06f1019885019f6a3fed9b4772b2e","size":23873,"path":"media/images/examples_12_3b17a40d3c0003481150.png","format":"png"},"confusion_matrix":{"size":63120,"path":"media/images/confusion_matrix_11_66a140c0874ea0a35abf.png","format":"png","width":1000,"height":800,"_type":"image-file","sha256":"66a140c0874ea0a35abfd6ae23f2af93efb94867e8c194cda31fe0f60d76b93e"},"loss":0.8017133631104941,"accuracy":0.818905509478673,"_step":12}