{"confusion_matrix":{"sha256":"790f4961d880200cb743cc655fb3e83a4ef59bf4c01f6a33552453bb92883f90","size":61580,"path":"media/images/confusion_matrix_11_790f4961d880200cb743.png","format":"png","width":1000,"height":800,"_type":"image-file"},"_timestamp":1.741553283130352e+09,"_runtime":32.6551881,"_wandb":{"runtime":32},"examples":{"width":1200,"height":600,"_type":"image-file","sha256":"3b17a40d3c0003481150ce3cd5e234db4ef06f1019885019f6a3fed9b4772b2e","size":23873,"path":"media/images/examples_12_3b17a40d3c0003481150.png","format":"png"},"accuracy":0.8773264711690363,"val_accuracy":0.8745,"epoch":9,"_step":12,"test_loss":0.42054133602136345,"test_accuracy":0.862,"val_loss":0.3819982857793061,"loss":0.3817053593114922}