{"val_loss":0.3405563007666176,"examples":{"width":1200,"height":600,"_type":"image-file","sha256":"3b17a40d3c0003481150ce3cd5e234db4ef06f1019885019f6a3fed9b4772b2e","size":23873,"path":"media/images/examples_7_3b17a40d3c0003481150.png","format":"png"},"_wandb":{"runtime":32},"_timestamp":1.7415315923289523e+09,"epoch":4,"accuracy":0.8797455075039495,"_step":7,"loss":0.35408401980804677,"val_accuracy":0.8803333333333333,"confusion_matrix":{"sha256":"91ba5febc8f8518e1e4c4254b087cf7fbfe9878f8fecd4b74e0b8fa6c1278f11","size":60930,"path":"media/images/confusion_matrix_6_91ba5febc8f8518e1e4c.png","format":"png","width":1000,"height":800,"_type":"image-file"},"_runtime":32.0945853,"test_loss":0.37566093392674954,"test_accuracy":0.8702}