{"_timestamp":1.7415321681275718e+09,"epoch":9,"accuracy":0.8971045616113744,"_step":12,"test_accuracy":0.8667,"_wandb":{"runtime":59},"examples":{"sha256":"3b17a40d3c0003481150ce3cd5e234db4ef06f1019885019f6a3fed9b4772b2e","size":23873,"path":"media/images/examples_12_3b17a40d3c0003481150.png","format":"png","width":1200,"height":600,"_type":"image-file"},"loss":0.0757152282704691,"test_loss":0.09589801601240887,"val_loss":0.08995471181757093,"_runtime":59.5596668,"val_accuracy":0.8751666666666666,"confusion_matrix":{"_type":"image-file","sha256":"1ed30628fe738224ce5a0bdc3b0ba6e126827541084c2372f4ded08f25cedc6b","size":60702,"path":"media/images/confusion_matrix_11_1ed30628fe738224ce5a.png","format":"png","width":1000,"height":800}}