{"_step":12,"val_accuracy":0.8705,"accuracy":0.8768821583728278,"epoch":9,"confusion_matrix":{"_type":"image-file","sha256":"db43e048ba7a501e693419d03e9f99e67e7af8062dd886ac7781e950c64feb29","size":62337,"path":"media/images/confusion_matrix_11_db43e048ba7a501e6934.png","format":"png","width":1000,"height":800},"_timestamp":1.741531987563068e+09,"_runtime":55.186402,"_wandb":{"runtime":55},"test_loss":0.10010578063484092,"test_accuracy":0.8619,"val_loss":0.09266636692643244,"loss":0.09033215889746618,"examples":{"format":"png","width":1200,"height":600,"_type":"image-file","sha256":"3b17a40d3c0003481150ce3cd5e234db4ef06f1019885019f6a3fed9b4772b2e","size":23873,"path":"media/images/examples_12_3b17a40d3c0003481150.png"}}