{"examples":{"size":23873,"path":"media/images/examples_7_3b17a40d3c0003481150.png","format":"png","width":1200,"height":600,"_type":"image-file","sha256":"3b17a40d3c0003481150ce3cd5e234db4ef06f1019885019f6a3fed9b4772b2e"},"_wandb":{"runtime":73},"epoch":4,"val_loss":0.40639501574714815,"confusion_matrix":{"size":62977,"path":"media/images/confusion_matrix_6_58f8a75246f593d0f00a.png","format":"png","width":1000,"height":800,"_type":"image-file","sha256":"58f8a75246f593d0f00aba7f978f3e9513f7b2260b9c28e38fc894b13299251c"},"test_accuracy":0.8549,"_timestamp":1.7415378278598168e+09,"test_loss":0.4367382210292055,"val_accuracy":0.8661666666666666,"_runtime":73.1967692,"_step":7,"loss":0.4069064472353082,"accuracy":0.8661507701421801}