{"_step":17,"accuracy":0.9196164099526066,"test_accuracy":0.8855,"confusion_matrix":{"path":"media/images/confusion_matrix_16_7639eb59231d732a9c3a.png","format":"png","width":1000,"height":800,"_type":"image-file","sha256":"7639eb59231d732a9c3a4ac4ec2797bb394e7da3d2d81e72c004c72317f496cc","size":60195},"_wandb":{"runtime":182},"val_loss":0.32750646922854626,"_runtime":182.1930624,"_timestamp":1.7421102172425318e+09,"epoch":14,"loss":0.24713067477738615,"test_loss":0.35585372971066004,"val_accuracy":0.8868333333333334,"examples":{"height":600,"_type":"image-file","sha256":"75cf3f2d6042056b9d89df460d23ed8f265f2d2a3c6eed2b5cf3bc7f22904ecc","size":29574,"path":"media/images/examples_17_75cf3f2d6042056b9d89.png","format":"png","width":1200}}