{"val_accuracy":0.8795,"test_accuracy":0.8713,"examples":{"size":29574,"path":"media/images/examples_17_75cf3f2d6042056b9d89.png","format":"png","width":1200,"height":600,"_type":"image-file","sha256":"75cf3f2d6042056b9d89df460d23ed8f265f2d2a3c6eed2b5cf3bc7f22904ecc"},"_step":17,"confusion_matrix":{"sha256":"cf29b172cf561bb01cf854dc8b4277dc94cbd2b91f0225bfd938af652e73fbdd","size":59789,"path":"media/images/confusion_matrix_16_cf29b172cf561bb01cf8.png","format":"png","width":1000,"height":800,"_type":"image-file"},"_wandb":{"runtime":146},"_timestamp":1.742075008441218e+09,"epoch":14,"val_loss":0.09527914048625617,"accuracy":0.8905925925925926,"_runtime":146.8101753,"test_loss":0.10161680907006258,"loss":0.08496713835618164}