{"_runtime":56.9116309,"confusion_matrix":{"width":1000,"height":800,"_type":"image-file","sha256":"40854b3030205a1657dfc78ca0532360ead96f26559f3d4358dbba37cd108ebe","size":61135,"path":"media/images/confusion_matrix_11_40854b3030205a1657df.png","format":"png"},"_wandb":{"runtime":56},"epoch":9,"_timestamp":1.74155088410199e+09,"val_accuracy":0.8761666666666666,"loss":0.3607095925102902,"_step":12,"test_loss":0.40698710383494396,"test_accuracy":0.8637,"val_loss":0.3729042234895519,"examples":{"_type":"image-file","sha256":"3b17a40d3c0003481150ce3cd5e234db4ef06f1019885019f6a3fed9b4772b2e","size":23873,"path":"media/images/examples_12_3b17a40d3c0003481150.png","format":"png","width":1200,"height":600},"accuracy":0.8815351007109005}