{"loss":0.0910813004272144,"val_loss":0.09047475369036437,"_runtime":54.6694755,"test_accuracy":0.865,"epoch":4,"_step":7,"_wandb":{"runtime":54},"val_accuracy":0.8761666666666666,"_timestamp":1.7415694140445094e+09,"examples":{"_type":"image-file","sha256":"3b17a40d3c0003481150ce3cd5e234db4ef06f1019885019f6a3fed9b4772b2e","size":23873,"path":"media/images/examples_7_3b17a40d3c0003481150.png","format":"png","width":1200,"height":600},"confusion_matrix":{"sha256":"f52a78621bab7573928599778f42c7197bf14471d9bbf57713922712c96c53bf","size":61692,"path":"media/images/confusion_matrix_6_f52a78621bab75739285.png","format":"png","width":1000,"height":800,"_type":"image-file"},"test_loss":0.09865337393038501,"accuracy":0.8754628258293838}