{"accuracy":0.7614101994470774,"val_loss":0.6928931566465353,"confusion_matrix":{"size":64222,"path":"media/images/confusion_matrix_16_2bef731744bde5f99024.png","format":"png","width":1000,"height":800,"_type":"image-file","sha256":"2bef731744bde5f99024645163d9070964f45d878e19b4751b540b550552bf95"},"_step":17,"_wandb":{"runtime":145},"_runtime":145.3857031,"loss":0.7014852751418461,"val_accuracy":0.7693333333333333,"test_accuracy":0.7629,"epoch":14,"test_loss":0.7137416458848487,"examples":{"_type":"image-file","sha256":"75cf3f2d6042056b9d89df460d23ed8f265f2d2a3c6eed2b5cf3bc7f22904ecc","size":29574,"path":"media/images/examples_17_75cf3f2d6042056b9d89.png","format":"png","width":1200,"height":600},"_timestamp":1.7421398150536668e+09}