{"_timestamp":1.7415318428081708e+09,"epoch":9,"val_accuracy":0.862,"test_loss":0.11199435464720678,"loss":0.10288909454958424,"confusion_matrix":{"size":63925,"path":"media/images/confusion_matrix_11_fda40af0fb31c7f848ac.png","format":"png","width":1000,"height":800,"_type":"image-file","sha256":"fda40af0fb31c7f848ac490b89a448c2227d37305918f0e85d4355c51c37b4e5"},"_runtime":48.8114633,"val_loss":0.10190917331078293,"_wandb":{"runtime":48},"test_accuracy":0.8468,"accuracy":0.8602389415481833,"examples":{"sha256":"3b17a40d3c0003481150ce3cd5e234db4ef06f1019885019f6a3fed9b4772b2e","size":23873,"path":"media/images/examples_12_3b17a40d3c0003481150.png","format":"png","width":1200,"height":600,"_type":"image-file"},"_step":12}