{"confusion_matrix":{"width":1000,"height":800,"_type":"image-file","sha256":"6bfcc28d9a0b19376af4a9a8e0322b04000825a7e72b8482661e60a54c31694f","size":61087,"path":"media/images/confusion_matrix_21_6bfcc28d9a0b19376af4.png","format":"png"},"val_accuracy":0.8896666666666667,"_runtime":644.9842906,"_step":22,"loss":0.05507082333377063,"test_loss":0.08506909348655566,"test_accuracy":0.8866,"examples":{"format":"png","width":1200,"height":600,"_type":"image-file","sha256":"75cf3f2d6042056b9d89df460d23ed8f265f2d2a3c6eed2b5cf3bc7f22904ecc","size":29574,"path":"media/images/examples_22_75cf3f2d6042056b9d89.png"},"accuracy":0.926537037037037,"val_loss":0.08159891084919554,"_wandb":{"runtime":645},"_timestamp":1.742112945836295e+09,"epoch":19}