{"val_accuracy":0.8856666666666667,"_runtime":259.5270907,"_wandb":{"runtime":259},"_timestamp":1.7421427514745166e+09,"test_loss":0.36999789224415996,"val_loss":0.3374683561731184,"loss":0.2992858069730146,"accuracy":0.9030287322274881,"confusion_matrix":{"path":"media/images/confusion_matrix_16_92ec77d319d82ea52b30.png","format":"png","width":1000,"height":800,"_type":"image-file","sha256":"92ec77d319d82ea52b30d3fe6224eb9c05e775dc3a4871566df16d3c325c7101","size":60964},"_step":17,"test_accuracy":0.8748,"epoch":14,"examples":{"format":"png","width":1200,"height":600,"_type":"image-file","sha256":"75cf3f2d6042056b9d89df460d23ed8f265f2d2a3c6eed2b5cf3bc7f22904ecc","size":29574,"path":"media/images/examples_17_75cf3f2d6042056b9d89.png"}}