{"test_accuracy":0.8765,"epoch":19,"accuracy":0.9206839948657187,"test_loss":0.38431496988687586,"predictions":{"height":900,"_type":"image-file","sha256":"4999f67d9df3c31b39210cec36a269b1df287f75033e881ebadb86f30b72946f","size":52879,"path":"media/images/predictions_45_4999f67d9df3c31b3921.png","format":"png","width":2250},"confusion_matrix":{"path":"media/images/confusion_matrix_44_ec72bffc82cfda8e63b0.png","format":"png","width":4447,"height":4163,"_type":"image-file","sha256":"ec72bffc82cfda8e63b024100098ecbde1d107173f3c2760d87877c8b13078b2","size":401224},"val_accuracy":0.886,"_timestamp":1.742215712504659e+09,"loss":0.25456588543797165,"_runtime":332.7971698,"_wandb":{"runtime":332},"val_loss":0.34650763191406836,"_step":45}