{"accuracy":0.9119149881516587,"confusion_matrix":{"sha256":"ae56aa7ae9d4d36ab20cd806043c3a497b9784482b8b85686c44e74e942f861c","size":60389,"path":"media/images/confusion_matrix_16_ae56aa7ae9d4d36ab20c.png","format":"png","width":1000,"height":800,"_type":"image-file"},"_runtime":429.7885652,"_step":17,"_timestamp":1.7421294889658408e+09,"loss":0.2826744678792681,"test_loss":0.39219382144185727,"test_accuracy":0.8831,"_wandb":{"runtime":429},"epoch":14,"val_loss":0.3572898971419858,"val_accuracy":0.8896666666666667,"examples":{"path":"media/images/examples_17_75cf3f2d6042056b9d89.png","format":"png","width":1200,"height":600,"_type":"image-file","sha256":"75cf3f2d6042056b9d89df460d23ed8f265f2d2a3c6eed2b5cf3bc7f22904ecc","size":29574}}