{"val_loss":0.3485608121950835,"loss":0.28934507679965393,"_wandb":{"runtime":106},"_runtime":106.9093929,"accuracy":0.9027695497630331,"examples":{"sha256":"3b17a40d3c0003481150ce3cd5e234db4ef06f1019885019f6a3fed9b4772b2e","size":23873,"path":"media/images/examples_12_3b17a40d3c0003481150.png","format":"png","width":1200,"height":600,"_type":"image-file"},"test_loss":0.38586716158815654,"_step":12,"confusion_matrix":{"width":1000,"height":800,"_type":"image-file","sha256":"40b989446982272cd911f6f9a90eb0d3efe72fef04efe5c7817da983a8a14dd7","size":60766,"path":"media/images/confusion_matrix_11_40b989446982272cd911.png","format":"png"},"epoch":9,"val_accuracy":0.8858333333333334,"test_accuracy":0.8754,"_timestamp":1.7415645423352408e+09}