{"loss":0.2624862674833295,"_timestamp":1.7421370032372904e+09,"epoch":19,"val_accuracy":0.8868333333333334,"accuracy":0.916561759478673,"_wandb":{"runtime":304},"_runtime":304.3732215,"_step":22,"confusion_matrix":{"size":61291,"path":"media/images/confusion_matrix_21_bf7ad83b829e295a5d5b.png","format":"png","width":1000,"height":800,"_type":"image-file","sha256":"bf7ad83b829e295a5d5b30ef2e5eb25128c8baabc234a882d8743a3b30a5c1d2"},"val_loss":0.3444922375053374,"examples":{"sha256":"75cf3f2d6042056b9d89df460d23ed8f265f2d2a3c6eed2b5cf3bc7f22904ecc","size":29574,"path":"media/images/examples_22_75cf3f2d6042056b9d89.png","format":"png","width":1200,"height":600,"_type":"image-file"},"test_loss":0.3842344194414921,"test_accuracy":0.8748}