{"test_accuracy":0.8852,"examples":{"height":600,"_type":"image-file","sha256":"75cf3f2d6042056b9d89df460d23ed8f265f2d2a3c6eed2b5cf3bc7f22904ecc","size":29574,"path":"media/images/examples_22_75cf3f2d6042056b9d89.png","format":"png","width":1200},"_step":22,"loss":0.05506793620043075,"_runtime":847.279217,"_wandb":{"runtime":847},"_timestamp":1.7421118865469398e+09,"confusion_matrix":{"_type":"image-file","sha256":"ac3397fc703501d4365d78a72d5d86617e9e93ccade86f75855239bfed9d9363","size":60801,"path":"media/images/confusion_matrix_21_ac3397fc703501d4365d.png","format":"png","width":1000,"height":800},"test_loss":0.08372053211191646,"epoch":19,"val_loss":0.07949499473962762,"accuracy":0.9270185185185185,"val_accuracy":0.8923333333333333}