{"confusion_matrix":{"size":402264,"path":"media/images/confusion_matrix_21_231fc0b178fdca0fe84b.png","format":"png","width":4447,"height":4163,"_type":"image-file","sha256":"231fc0b178fdca0fe84b75c546fa00245a97cd14ffb4065fa2d0eace6c0e0376"},"test_loss":0.38878074183919037,"val_accuracy":0.8885,"loss":0.2649776096731602,"_timestamp":1.742223573664561e+09,"test_accuracy":0.875,"epoch":19,"val_loss":0.35333190053524427,"accuracy":0.919949644549763,"predictions":{"sha256":"a0e93935f41ffd349fa34696d496e4fa271537a4f8d44aa6d9a569c52baacea2","size":58660,"path":"media/images/predictions_22_a0e93935f41ffd349fa3.png","format":"png","width":2250,"height":900,"_type":"image-file"},"_wandb":{"runtime":214},"_runtime":214.0207566,"_step":22}