{"_wandb":{"runtime":56},"val_accuracy":0.858,"loss":0.4165178795245343,"test_loss":0.4589034039220943,"test_accuracy":0.8428,"_step":7,"confusion_matrix":{"size":60781,"path":"media/images/confusion_matrix_6_579f74276111db8f77b7.png","format":"png","width":1000,"height":800,"_type":"image-file","sha256":"579f74276111db8f77b7bdb8db070051029524a34db71ccdfc58a042675e04d4"},"_timestamp":1.741537954251738e+09,"accuracy":0.8625098736176936,"val_loss":0.4235208084434964,"examples":{"_type":"image-file","sha256":"3b17a40d3c0003481150ce3cd5e234db4ef06f1019885019f6a3fed9b4772b2e","size":23873,"path":"media/images/examples_7_3b17a40d3c0003481150.png","format":"png","width":1200,"height":600},"_runtime":56.096311,"epoch":4}