{"epoch":9,"confusion_matrix":{"width":1000,"height":800,"_type":"image-file","sha256":"64a8d19260da38f7a2f41211e9aaa6a8607b1e10b9c983aab00172fb037ad1c7","size":61473,"path":"media/images/confusion_matrix_11_64a8d19260da38f7a2f4.png","format":"png"},"val_accuracy":0.8448333333333333,"_runtime":78.6136366,"test_loss":0.12632479497559482,"loss":0.08276640516456664,"accuracy":0.8901251481042654,"_step":12,"val_loss":0.11590009341687114,"_timestamp":1.7415649023921037e+09,"test_accuracy":0.8351,"examples":{"height":600,"_type":"image-file","sha256":"3b17a40d3c0003481150ce3cd5e234db4ef06f1019885019f6a3fed9b4772b2e","size":23873,"path":"media/images/examples_12_3b17a40d3c0003481150.png","format":"png","width":1200},"_wandb":{"runtime":78}}