{"_runtime":82.6036304,"confusion_matrix":{"sha256":"d8889c16a0bbfca5de7079d210da3c4e17d8f6bc87605def70de97a8b34bbde2","size":61504,"path":"media/images/confusion_matrix_6_d8889c16a0bbfca5de70.png","format":"png","width":1000,"height":800,"_type":"image-file"},"test_loss":0.09765063553579148,"test_accuracy":0.8671,"loss":0.08791912186189052,"examples":{"size":23873,"path":"media/images/examples_7_3b17a40d3c0003481150.png","format":"png","width":1200,"height":600,"_type":"image-file","sha256":"3b17a40d3c0003481150ce3cd5e234db4ef06f1019885019f6a3fed9b4772b2e"},"val_loss":0.09116529712952084,"_step":7,"epoch":4,"val_accuracy":0.8705,"_timestamp":1.7415450134774003e+09,"_wandb":{"runtime":82},"accuracy":0.8800740740740741}