{"_wandb":{"runtime":142},"val_accuracy":0.8691666666666666,"_timestamp":1.7415709945721078e+09,"confusion_matrix":{"size":61812,"path":"media/images/confusion_matrix_11_0903a573dc3c50f84c1a.png","format":"png","width":1000,"height":800,"_type":"image-file","sha256":"0903a573dc3c50f84c1a9a998b4a4b1f78b9a7bb78306d82057ea9563032c7f3"},"val_loss":0.09564203749141632,"test_loss":0.10274689487168112,"examples":{"_type":"image-file","sha256":"3b17a40d3c0003481150ce3cd5e234db4ef06f1019885019f6a3fed9b4772b2e","size":23873,"path":"media/images/examples_12_3b17a40d3c0003481150.png","format":"png","width":1200,"height":600},"test_accuracy":0.8582,"_runtime":142.7503533,"_step":12,"epoch":9,"loss":0.09405359666670145,"accuracy":0.8720740740740741}