{"epoch":9,"loss":2.302772488088726,"confusion_matrix":{"sha256":"f14a9af4f0d45c6ac57d13e859cef2fa5eab488f3854babdf639d573af3afc06","size":45125,"path":"media/images/confusion_matrix_11_f14a9af4f0d45c6ac57d.png","format":"png","width":1000,"height":800,"_type":"image-file"},"examples":{"path":"media/images/examples_12_3b17a40d3c0003481150.png","format":"png","width":1200,"height":600,"_type":"image-file","sha256":"3b17a40d3c0003481150ce3cd5e234db4ef06f1019885019f6a3fed9b4772b2e","size":23873},"_runtime":34.2157584,"accuracy":0.10130331753554503,"_timestamp":1.7415481514966805e+09,"val_accuracy":0.09833333333333333,"val_loss":2.30291359169584,"_step":12,"test_loss":2.3030110530605694,"test_accuracy":0.1,"_wandb":{"runtime":34}}