{"examples":{"size":23873,"path":"media/images/examples_12_3b17a40d3c0003481150.png","format":"png","width":1200,"height":600,"_type":"image-file","sha256":"3b17a40d3c0003481150ce3cd5e234db4ef06f1019885019f6a3fed9b4772b2e"},"val_accuracy":0.872,"_step":12,"test_accuracy":0.8604,"_timestamp":1.7415317887661195e+09,"loss":0.0837911941460442,"confusion_matrix":{"_type":"image-file","sha256":"f6bffd312612f2f8a5e9c2b66201ef9714d567eb1abcd346802e597d0e7017f8","size":62831,"path":"media/images/confusion_matrix_11_f6bffd312612f2f8a5e9.png","format":"png","width":1000,"height":800},"accuracy":0.8845465541074249,"_wandb":{"runtime":52},"test_loss":0.09949290624869041,"_runtime":52.6596157,"epoch":9,"val_loss":0.09142870071569875}