{"_wandb":{"runtime":19},"_runtime":19.0492094,"_step":7,"_timestamp":1.7415625534023042e+09,"confusion_matrix":{"width":1000,"height":800,"_type":"image-file","sha256":"69e4599b9bb5b2823915389c0c5e0595aa3c0c16ab640e91ae37ee3433b3cba9","size":62751,"path":"media/images/confusion_matrix_6_69e4599b9bb5b2823915.png","format":"png"},"epoch":4,"examples":{"sha256":"3b17a40d3c0003481150ce3cd5e234db4ef06f1019885019f6a3fed9b4772b2e","size":23873,"path":"media/images/examples_7_3b17a40d3c0003481150.png","format":"png","width":1200,"height":600,"_type":"image-file"},"val_loss":0.40426390666018786,"val_accuracy":0.864,"loss":0.3974247154576649,"test_accuracy":0.8491,"test_loss":0.44334820535730357,"accuracy":0.8684340442338073}