{"accuracy":0.8651510663507109,"test_accuracy":0.8486,"_step":7,"_runtime":58.9867637,"confusion_matrix":{"size":61436,"path":"media/images/confusion_matrix_6_898ff7d1f079c6b97eaa.png","format":"png","width":1000,"height":800,"_type":"image-file","sha256":"898ff7d1f079c6b97eaacb6b7c6dbc82a503b75c6eefd9766199f35da1b3ab73"},"loss":0.09802968000542012,"val_accuracy":0.863,"examples":{"size":23873,"path":"media/images/examples_7_3b17a40d3c0003481150.png","format":"png","width":1200,"height":600,"_type":"image-file","sha256":"3b17a40d3c0003481150ce3cd5e234db4ef06f1019885019f6a3fed9b4772b2e"},"epoch":4,"val_loss":0.10062316120701392,"test_loss":0.10875159224544387,"_wandb":{"runtime":59},"_timestamp":1.7415619003769739e+09}