{"epoch":9,"val_accuracy":0.792,"_runtime":243.9092093,"val_loss":0.14435349726421925,"_step":12,"test_loss":0.15205309513058676,"accuracy":0.7875,"confusion_matrix":{"width":1000,"height":800,"_type":"image-file","sha256":"cf8d7f35b69cad582b3686996f2df89f1b15974bbcf2f16bf6905d6d0b6d1979","size":64114,"path":"media/images/confusion_matrix_11_cf8d7f35b69cad582b36.png","format":"png"},"loss":0.14755359671452023,"_timestamp":1.7415601866791263e+09,"test_accuracy":0.7835,"examples":{"height":600,"_type":"image-file","sha256":"3b17a40d3c0003481150ce3cd5e234db4ef06f1019885019f6a3fed9b4772b2e","size":23873,"path":"media/images/examples_12_3b17a40d3c0003481150.png","format":"png","width":1200},"_wandb":{"runtime":243}}