{"examples":{"width":1200,"height":600,"_type":"image-file","sha256":"3b17a40d3c0003481150ce3cd5e234db4ef06f1019885019f6a3fed9b4772b2e","size":23873,"path":"media/images/examples_12_3b17a40d3c0003481150.png","format":"png"},"val_loss":0.368150433457509,"_timestamp":1.7415534939221113e+09,"_step":12,"_wandb":{"runtime":30},"val_accuracy":0.8763333333333333,"loss":0.33279428978424647,"_runtime":30.0164947,"epoch":9,"confusion_matrix":{"path":"media/images/confusion_matrix_11_cb275e607612ba66be3a.png","format":"png","width":1000,"height":800,"_type":"image-file","sha256":"cb275e607612ba66be3a737afe68cade0bb987587d46295d81f963b9ae4e2272","size":61110},"test_accuracy":0.8665,"accuracy":0.8905818029225908,"test_loss":0.40495387858706405}