{"confusion_matrix":{"width":1000,"height":800,"_type":"image-file","sha256":"7ab077ad33f3c6365ff6e703a763dcaa60d728e78f2de5ccfddc7813fbaccf2f","size":60687,"path":"media/images/confusion_matrix_11_7ab077ad33f3c6365ff6.png","format":"png"},"epoch":9,"_wandb":{"runtime":93},"examples":{"height":600,"_type":"image-file","sha256":"3b17a40d3c0003481150ce3cd5e234db4ef06f1019885019f6a3fed9b4772b2e","size":23873,"path":"media/images/examples_12_3b17a40d3c0003481150.png","format":"png","width":1200},"loss":0.0715842872442201,"test_loss":0.08752161344585808,"_timestamp":1.7415653191650174e+09,"_runtime":93.5808744,"val_accuracy":0.8875,"_step":12,"test_accuracy":0.8815,"accuracy":0.90234375,"val_loss":0.08159411721658107}