{"test_loss":2.302588040303233,"accuracy":0.09793394549763033,"test_accuracy":0.1,"confusion_matrix":{"size":45097,"path":"media/images/confusion_matrix_11_91eb09b754bbe0d0ea4d.png","format":"png","width":1000,"height":800,"_type":"image-file","sha256":"91eb09b754bbe0d0ea4dedd12a6ec44170e69fad5ffdc1b05864d80bdbfee956"},"examples":{"path":"media/images/examples_12_3b17a40d3c0003481150.png","format":"png","width":1200,"height":600,"_type":"image-file","sha256":"3b17a40d3c0003481150ce3cd5e234db4ef06f1019885019f6a3fed9b4772b2e","size":23873},"val_accuracy":0.09733333333333333,"epoch":9,"_runtime":63.8289322,"_step":12,"val_loss":2.3025690453429957,"_wandb":{"runtime":63},"loss":2.3026024777893714,"_timestamp":1.74158066787995e+09}