{"_wandb":{"runtime":56},"accuracy":0.895802478278041,"confusion_matrix":{"path":"media/images/confusion_matrix_11_a449b2ddeb3c928b258a.png","format":"png","width":1000,"height":800,"_type":"image-file","sha256":"a449b2ddeb3c928b258a981eea08deffb6a8568d33ff04ab1bdb4a501b3c055c","size":60811},"epoch":9,"_timestamp":1.7415494411359925e+09,"val_accuracy":0.8845,"val_loss":0.33453796275628495,"_step":12,"test_accuracy":0.8776,"examples":{"width":1200,"height":600,"_type":"image-file","sha256":"3b17a40d3c0003481150ce3cd5e234db4ef06f1019885019f6a3fed9b4772b2e","size":23873,"path":"media/images/examples_12_3b17a40d3c0003481150.png","format":"png"},"_runtime":56.4224118,"test_loss":0.37079261033070604,"loss":0.30715112237307224}