{"accuracy":0.8870581556082149,"test_loss":0.09957562373921788,"examples":{"width":1200,"height":600,"_type":"image-file","sha256":"3b17a40d3c0003481150ce3cd5e234db4ef06f1019885019f6a3fed9b4772b2e","size":23873,"path":"media/images/examples_12_3b17a40d3c0003481150.png","format":"png"},"val_accuracy":0.8705,"val_loss":0.09302986367594736,"test_accuracy":0.8651,"_wandb":{"runtime":29},"loss":0.08205764386316791,"confusion_matrix":{"path":"media/images/confusion_matrix_11_5498a10f10161aeacc0e.png","format":"png","width":1000,"height":800,"_type":"image-file","sha256":"5498a10f10161aeacc0ec9b4b098379b23526e7233622156029388a93f46f690","size":62448},"epoch":9,"_runtime":29.4018196,"_step":12,"_timestamp":1.7415511618020384e+09}