{"accuracy":0.22167505924170616,"test_loss":0.4324982604902856,"confusion_matrix":{"sha256":"de83987a4aa06672547e28141b0c57a243d275495ed6baa20e586dfc21c5b27e","size":54585,"path":"media/images/confusion_matrix_6_de83987a4aa06672547e.png","format":"png","width":1000,"height":800,"_type":"image-file"},"_timestamp":1.7415281330405927e+09,"test_accuracy":0.2623,"epoch":4,"val_accuracy":0.27016666666666667,"_wandb":{"runtime":18},"loss":0.4346892427236049,"val_loss":0.4319479414532552,"_runtime":18.7393786,"examples":{"format":"png","width":1200,"height":600,"_type":"image-file","sha256":"3b17a40d3c0003481150ce3cd5e234db4ef06f1019885019f6a3fed9b4772b2e","size":23873,"path":"media/images/examples_7_3b17a40d3c0003481150.png"},"_step":7}