{"val_loss":0.34550028030014246,"_runtime":77.1931601,"loss":0.27836231555013463,"accuracy":0.9081815264612955,"examples":{"_type":"image-file","sha256":"3b17a40d3c0003481150ce3cd5e234db4ef06f1019885019f6a3fed9b4772b2e","size":23873,"path":"media/images/examples_12_3b17a40d3c0003481150.png","format":"png","width":1200,"height":600},"epoch":9,"test_loss":0.36615996090250263,"_wandb":{"runtime":77},"confusion_matrix":{"height":800,"_type":"image-file","sha256":"02271624f696463ff613889202eacb866d179d57218dd0c1abe22de849ec7dce","size":59198,"path":"media/images/confusion_matrix_11_02271624f696463ff613.png","format":"png","width":1000},"val_accuracy":0.8853333333333333,"_step":12,"_timestamp":1.7415307731831772e+09,"test_accuracy":0.8804}