{"val_accuracy":0.8478333333333333,"confusion_matrix":{"path":"media/images/confusion_matrix_6_57040885d40d32a231b7.png","format":"png","width":1000,"height":800,"_type":"image-file","sha256":"57040885d40d32a231b7a1ede686b5a4b275f6990deb2fb18d28620a53a58e25","size":62164},"_wandb":{"runtime":16},"_runtime":16.5762464,"epoch":4,"val_loss":0.45124976460917793,"loss":0.4575876730854962,"accuracy":0.8483288902053713,"test_loss":0.4865002922631773,"_timestamp":1.7415294296502852e+09,"test_accuracy":0.84,"_step":7,"examples":{"path":"media/images/examples_7_3b17a40d3c0003481150.png","format":"png","width":1200,"height":600,"_type":"image-file","sha256":"3b17a40d3c0003481150ce3cd5e234db4ef06f1019885019f6a3fed9b4772b2e","size":23873}}