{"examples":{"sha256":"3b17a40d3c0003481150ce3cd5e234db4ef06f1019885019f6a3fed9b4772b2e","size":23873,"path":"media/images/examples_7_3b17a40d3c0003481150.png","format":"png","width":1200,"height":600,"_type":"image-file"},"_timestamp":1.7415640363682394e+09,"accuracy":0.8620779028436019,"val_accuracy":0.8663333333333333,"_wandb":{"runtime":15},"epoch":4,"confusion_matrix":{"_type":"image-file","sha256":"461c9f4c4cb57a8ebb8d4a5c1cdf10124ad50387dbc794eaba053e18282a8fa0","size":62380,"path":"media/images/confusion_matrix_6_461c9f4c4cb57a8ebb8d.png","format":"png","width":1000,"height":800},"val_loss":0.09813886687273875,"test_loss":0.10686592420913318,"_runtime":14.9900073,"loss":0.10001814642485751,"test_accuracy":0.851,"_step":7}