{"accuracy":0.8833888888888889,"loss":0.5311193128979328,"test_loss":0.6911520308419712,"_runtime":143.2466454,"confusion_matrix":{"width":1000,"height":800,"_type":"image-file","sha256":"d6e31224951037f4859a393dd0792e8b550157f2e2b6f2f6a6f4ad3151068946","size":61130,"path":"media/images/confusion_matrix_11_d6e31224951037f4859a.png","format":"png"},"val_loss":0.6565536502121316,"_timestamp":1.7414981778510149e+09,"test_accuracy":0.8555,"examples":{"height":600,"_type":"image-file","sha256":"3b17a40d3c0003481150ce3cd5e234db4ef06f1019885019f6a3fed9b4772b2e","size":23873,"path":"media/images/examples_12_3b17a40d3c0003481150.png","format":"png","width":1200},"_wandb":{"runtime":143},"_step":12,"epoch":9,"val_accuracy":0.8693333333333333}