{"test_loss":0.43582857854032847,"val_accuracy":0.235,"_timestamp":1.7415298021998656e+09,"_runtime":97.0688717,"accuracy":0.2075187598736177,"epoch":9,"_step":12,"examples":{"format":"png","width":1200,"height":600,"_type":"image-file","sha256":"3b17a40d3c0003481150ce3cd5e234db4ef06f1019885019f6a3fed9b4772b2e","size":23873,"path":"media/images/examples_12_3b17a40d3c0003481150.png"},"test_accuracy":0.2285,"confusion_matrix":{"path":"media/images/confusion_matrix_11_8117334d697c59f1e15b.png","format":"png","width":1000,"height":800,"_type":"image-file","sha256":"8117334d697c59f1e15bdec7deb14b48c4d3d8d8c6469a379e7cc5d90afd223c","size":61955},"val_loss":0.43563338111390293,"_wandb":{"runtime":97},"loss":0.4368161551964716}