{"_runtime":39.1099686,"_wandb":{"runtime":39},"loss":0.4500001441008998,"test_loss":0.4500000232287932,"_timestamp":1.7415478562328308e+09,"test_accuracy":0.1,"confusion_matrix":{"width":1000,"height":800,"_type":"image-file","sha256":"f14a9af4f0d45c6ac57d13e859cef2fa5eab488f3854babdf639d573af3afc06","size":45125,"path":"media/images/confusion_matrix_11_f14a9af4f0d45c6ac57d.png","format":"png"},"val_accuracy":0.09833333333333333,"examples":{"size":23873,"path":"media/images/examples_12_3b17a40d3c0003481150.png","format":"png","width":1200,"height":600,"_type":"image-file","sha256":"3b17a40d3c0003481150ce3cd5e234db4ef06f1019885019f6a3fed9b4772b2e"},"epoch":9,"val_loss":0.449999673341561,"accuracy":0.1005257701421801,"_step":12}