{"_wandb":{"runtime":31},"val_loss":2.1769099758432957,"val_accuracy":0.30666666666666664,"accuracy":0.3071682464454976,"_timestamp":1.7420728789723742e+09,"confusion_matrix":{"width":1000,"height":800,"_type":"image-file","sha256":"f427df68b5354b5d371bee37d99f3337dfacfe93964a7578c891ec4b8140e7ef","size":60149,"path":"media/images/confusion_matrix_11_f427df68b5354b5d371b.png","format":"png"},"examples":{"sha256":"75cf3f2d6042056b9d89df460d23ed8f265f2d2a3c6eed2b5cf3bc7f22904ecc","size":29574,"path":"media/images/examples_12_75cf3f2d6042056b9d89.png","format":"png","width":1200,"height":600,"_type":"image-file"},"loss":2.1925318434355687,"_step":12,"test_accuracy":0.296,"epoch":9,"_runtime":31.5752852,"test_loss":2.1789823784384135}