{"_timestamp":1.7415417119053116e+09,"test_loss":0.41291515726540245,"_runtime":193.9758537,"confusion_matrix":{"path":"media/images/confusion_matrix_11_f9dff81a31de57be831d.png","format":"png","width":1000,"height":800,"_type":"image-file","sha256":"f9dff81a31de57be831d58fe09c62227be123093c59d36060b6a7f1d602885eb","size":60641},"_wandb":{"runtime":194},"val_loss":0.37381966607397216,"loss":0.33403362126858993,"epoch":9,"examples":{"size":23873,"path":"media/images/examples_12_3b17a40d3c0003481150.png","format":"png","width":1200,"height":600,"_type":"image-file","sha256":"3b17a40d3c0003481150ce3cd5e234db4ef06f1019885019f6a3fed9b4772b2e"},"val_accuracy":0.8738333333333334,"accuracy":0.8886626184834123,"test_accuracy":0.8604,"_step":12}