{"_runtime":50.5428645,"accuracy":0.10104413507109004,"val_loss":0.4501453228862315,"_timestamp":1.7415294098578115e+09,"_step":7,"_wandb":{"runtime":50},"test_accuracy":0.1,"confusion_matrix":{"width":1000,"height":800,"_type":"image-file","sha256":"f14a9af4f0d45c6ac57d13e859cef2fa5eab488f3854babdf639d573af3afc06","size":45125,"path":"media/images/confusion_matrix_6_f14a9af4f0d45c6ac57d.png","format":"png"},"epoch":4,"examples":{"_type":"image-file","sha256":"3b17a40d3c0003481150ce3cd5e234db4ef06f1019885019f6a3fed9b4772b2e","size":23873,"path":"media/images/examples_7_3b17a40d3c0003481150.png","format":"png","width":1200,"height":600},"loss":0.4501267568891036,"val_accuracy":0.09833333333333333,"test_loss":0.45016513474172243}