{"confusion_matrix":{"_type":"image-file","sha256":"ea5f71b479b622cc07aefa00aa4e09099477326e39ca5d0196c552ec9d0d3749","size":61028,"path":"media/images/confusion_matrix_16_ea5f71b479b622cc07ae.png","format":"png","width":1000,"height":800},"_runtime":129.5297897,"_step":17,"loss":0.08345431666129112,"val_loss":0.09403651298651565,"val_accuracy":0.8793333333333333,"_wandb":{"runtime":129},"_timestamp":1.7420733697677596e+09,"test_loss":0.10004920337928197,"epoch":14,"examples":{"height":600,"_type":"image-file","sha256":"75cf3f2d6042056b9d89df460d23ed8f265f2d2a3c6eed2b5cf3bc7f22904ecc","size":29574,"path":"media/images/examples_17_75cf3f2d6042056b9d89.png","format":"png","width":1200},"accuracy":0.890537037037037,"test_accuracy":0.8692}