{"_runtime":23.7048734,"examples":{"height":600,"_type":"image-file","sha256":"3b17a40d3c0003481150ce3cd5e234db4ef06f1019885019f6a3fed9b4772b2e","size":23873,"path":"media/images/examples_7_3b17a40d3c0003481150.png","format":"png","width":1200},"accuracy":0.0997543937598736,"test_loss":2.3025892065083213,"val_loss":2.3026326476232266,"confusion_matrix":{"width":1000,"height":800,"_type":"image-file","sha256":"2427d176970b250ea52db84f8c761c5d9a75de7caa18e81a9bd96540be910880","size":45245,"path":"media/images/confusion_matrix_6_2427d176970b250ea52d.png","format":"png"},"_step":7,"epoch":4,"loss":2.3025896933235197,"_wandb":{"runtime":23},"val_accuracy":0.10133333333333333,"_timestamp":1.7415401428728256e+09,"test_accuracy":0.1}