{"val_accuracy":0.7306666666666667,"_wandb":{"runtime":58},"_timestamp":1.741556758402626e+09,"accuracy":0.7244890402843602,"test_accuracy":0.7219,"_runtime":58.8164603,"_step":7,"epoch":4,"val_loss":0.9291217133561984,"loss":0.9182151110079888,"examples":{"_type":"image-file","sha256":"3b17a40d3c0003481150ce3cd5e234db4ef06f1019885019f6a3fed9b4772b2e","size":23873,"path":"media/images/examples_7_3b17a40d3c0003481150.png","format":"png","width":1200,"height":600},"test_loss":0.9439501224645893,"confusion_matrix":{"sha256":"b8bec2e7e86d56b7918929804503d37e93b6eccf7d13a79a107ad9c12e8de4e4","size":65831,"path":"media/images/confusion_matrix_6_b8bec2e7e86d56b79189.png","format":"png","width":1000,"height":800,"_type":"image-file"}}