{"val_loss":0.08305254994315817,"_step":17,"accuracy":0.8999617397314377,"_timestamp":1.7421121371371148e+09,"_runtime":181.6454276,"loss":0.07415034173131303,"epoch":14,"test_accuracy":0.8752,"val_accuracy":0.8865,"examples":{"sha256":"75cf3f2d6042056b9d89df460d23ed8f265f2d2a3c6eed2b5cf3bc7f22904ecc","size":29574,"path":"media/images/examples_17_75cf3f2d6042056b9d89.png","format":"png","width":1200,"height":600,"_type":"image-file"},"confusion_matrix":{"sha256":"a56515ed932733c0a9667a582849bce1fd3f500ac5cb503ba2d2776e75e108a6","size":60186,"path":"media/images/confusion_matrix_16_a56515ed932733c0a966.png","format":"png","width":1000,"height":800,"_type":"image-file"},"test_loss":0.09036594906033425,"_wandb":{"runtime":181}}