{"val_loss":0.40812975497739007,"_timestamp":1.7415814725332289e+09,"confusion_matrix":{"sha256":"bf9bb84bf1a057a82df6fcb25665b7a7898eed8d85ff178bda88bd51d1fb0df3","size":57355,"path":"media/images/confusion_matrix_11_bf9bb84bf1a057a82df6.png","format":"png","width":1000,"height":800,"_type":"image-file"},"val_accuracy":0.229,"_runtime":80.1295861,"_wandb":{"runtime":80},"accuracy":0.21715787914691942,"_step":12,"examples":{"_type":"image-file","sha256":"3b17a40d3c0003481150ce3cd5e234db4ef06f1019885019f6a3fed9b4772b2e","size":23873,"path":"media/images/examples_12_3b17a40d3c0003481150.png","format":"png","width":1200,"height":600},"test_accuracy":0.2196,"epoch":9,"loss":0.41173299214750103,"test_loss":0.4088476797548577}