{"accuracy":0.893124259478673,"val_accuracy":0.8791666666666667,"_wandb":{"runtime":108},"val_loss":0.3531694533077568,"_timestamp":1.741557978909693e+09,"examples":{"sha256":"3b17a40d3c0003481150ce3cd5e234db4ef06f1019885019f6a3fed9b4772b2e","size":23873,"path":"media/images/examples_12_3b17a40d3c0003481150.png","format":"png","width":1200,"height":600,"_type":"image-file"},"_step":12,"test_accuracy":0.8712,"_runtime":108.274597,"epoch":9,"loss":0.3192808829705455,"test_loss":0.37734230336930746,"confusion_matrix":{"_type":"image-file","sha256":"bdd21eb3e1a4945113e0ae2182020f3ddb672597841b6c85434ec0872a20ee2f","size":60646,"path":"media/images/confusion_matrix_11_bdd21eb3e1a4945113e0.png","format":"png","width":1000,"height":800}}