{"val_loss":0.38926375485416803,"_step":7,"loss":0.3725842893730707,"val_accuracy":0.8695,"test_loss":0.422487828932315,"_timestamp":1.7415705347326975e+09,"_runtime":55.4254855,"epoch":4,"test_accuracy":0.8566,"accuracy":0.875314721563981,"confusion_matrix":{"size":61137,"path":"media/images/confusion_matrix_6_4d3e673908d230a910b5.png","format":"png","width":1000,"height":800,"_type":"image-file","sha256":"4d3e673908d230a910b52047f977c4d754859237531eaa8ef05f81752c8c7280"},"_wandb":{"runtime":55},"examples":{"sha256":"3b17a40d3c0003481150ce3cd5e234db4ef06f1019885019f6a3fed9b4772b2e","size":23873,"path":"media/images/examples_7_3b17a40d3c0003481150.png","format":"png","width":1200,"height":600,"_type":"image-file"}}