{"accuracy":0.8962962962962963,"val_accuracy":0.8756666666666667,"test_accuracy":0.8628,"_step":17,"test_loss":0.4239003256763961,"val_loss":0.391964387886772,"loss":0.33283646947508294,"confusion_matrix":{"format":"png","width":1000,"height":800,"_type":"image-file","sha256":"1fa1ca5ddf527206b2bc2fa64c16e07ac722a1f688cf9a398e5d6d861ad4504d","size":61037,"path":"media/images/confusion_matrix_16_1fa1ca5ddf527206b2bc.png"},"examples":{"size":29574,"path":"media/images/examples_17_75cf3f2d6042056b9d89.png","format":"png","width":1200,"height":600,"_type":"image-file","sha256":"75cf3f2d6042056b9d89df460d23ed8f265f2d2a3c6eed2b5cf3bc7f22904ecc"},"_runtime":393.0656803,"_wandb":{"runtime":393},"_timestamp":1.7421243949432323e+09,"epoch":14}