{"_wandb":{"runtime":25},"accuracy":0.8721983609794628,"val_accuracy":0.8671666666666666,"loss":0.09327724862969221,"test_loss":0.1060054896982558,"confusion_matrix":{"format":"png","width":1000,"height":800,"_type":"image-file","sha256":"b34d604c273d961e489ecb34cb134549b4f9549416c1b2dd4f8b2d16c7eb5a7c","size":62850,"path":"media/images/confusion_matrix_6_b34d604c273d961e489e.png"},"epoch":4,"_step":7,"val_loss":0.09686870895430834,"test_accuracy":0.8528,"_runtime":25.1414152,"_timestamp":1.7415313516580374e+09,"examples":{"size":23873,"path":"media/images/examples_7_3b17a40d3c0003481150.png","format":"png","width":1200,"height":600,"_type":"image-file","sha256":"3b17a40d3c0003481150ce3cd5e234db4ef06f1019885019f6a3fed9b4772b2e"}}