{"_timestamp":1.7422211283664463e+09,"test_loss":0.36989825851198793,"_step":21,"val_accuracy":0.8888333333333334,"confusion_matrix":{"height":4163,"_type":"image-file","sha256":"4b6ae4c907c4f9efe09235e445cc3399274bb8673807c6cb078855271ccf0622","size":404986,"path":"media/images/confusion_matrix_21_4b6ae4c907c4f9efe092.png","format":"png","width":4447},"_wandb":{"runtime":161},"accuracy":0.9187833234597157,"_runtime":161.0196745,"epoch":19,"val_loss":0.340020058766318,"loss":0.2608830114140114,"test_accuracy":0.8774}