{"_runtime":25.370249,"epoch":4,"val_loss":0.09192268749247379,"test_accuracy":0.8631,"_wandb":{"runtime":25},"_timestamp":1.7415532427059762e+09,"test_loss":0.09965908119448244,"val_accuracy":0.875,"confusion_matrix":{"sha256":"b7936e73087e3e9ad40bc11c8810d763805a38891a836c97ab8b42c74273d52c","size":61285,"path":"media/images/confusion_matrix_6_b7936e73087e3e9ad40b.png","format":"png","width":1000,"height":800,"_type":"image-file"},"examples":{"width":1200,"height":600,"_type":"image-file","sha256":"3b17a40d3c0003481150ce3cd5e234db4ef06f1019885019f6a3fed9b4772b2e","size":23873,"path":"media/images/examples_7_3b17a40d3c0003481150.png","format":"png"},"loss":0.09422236430718742,"accuracy":0.8706111111111111,"_step":7}