{"_wandb":{"runtime":631},"loss":0.2541841585343869,"_timestamp":1.7421135819672673e+09,"examples":{"_type":"image-file","sha256":"75cf3f2d6042056b9d89df460d23ed8f265f2d2a3c6eed2b5cf3bc7f22904ecc","size":29574,"path":"media/images/examples_22_75cf3f2d6042056b9d89.png","format":"png","width":1200,"height":600},"confusion_matrix":{"size":60819,"path":"media/images/confusion_matrix_21_118300dd1c0120eb6353.png","format":"png","width":1000,"height":800,"_type":"image-file","sha256":"118300dd1c0120eb6353c1ac0efebf1e5bec0202bc49426936fff4793847c3c1"},"epoch":19,"_runtime":631.2818956,"val_loss":0.34279765248099847,"val_accuracy":0.8891666666666667,"accuracy":0.9195740740740741,"test_loss":0.3763100122051952,"test_accuracy":0.8781,"_step":22}