{"confusion_matrix":{"height":800,"_type":"image-file","sha256":"0eb0f2d6e9631d10273c5f18cf1f00e898b236640e781f66863ddfdcd8ae82a3","size":62067,"path":"media/images/confusion_matrix_21_0eb0f2d6e9631d10273c.png","format":"png","width":1000},"_timestamp":1.742066846099257e+09,"val_accuracy":0.8698333333333333,"test_accuracy":0.8596,"_wandb":{"runtime":65},"accuracy":0.8772222222222222,"examples":{"height":600,"_type":"image-file","sha256":"75cf3f2d6042056b9d89df460d23ed8f265f2d2a3c6eed2b5cf3bc7f22904ecc","size":29574,"path":"media/images/examples_22_75cf3f2d6042056b9d89.png","format":"png","width":1200},"_runtime":65.2634632,"epoch":19,"val_loss":0.09403821292601301,"loss":0.09191206765248841,"_step":22,"test_loss":0.10167517980906181}