{"_runtime":183.2700091,"test_loss":0.42152399804718244,"_wandb":{"runtime":183},"epoch":9,"accuracy":0.8967528139810427,"loss":0.3135866705815626,"confusion_matrix":{"format":"png","width":1000,"height":800,"_type":"image-file","sha256":"89f3138b6c059d0ea01985b0c6c3a5fdfecbf2e9d245eba10398e54d159bba76","size":60923,"path":"media/images/confusion_matrix_11_89f3138b6c059d0ea019.png"},"examples":{"format":"png","width":1200,"height":600,"_type":"image-file","sha256":"3b17a40d3c0003481150ce3cd5e234db4ef06f1019885019f6a3fed9b4772b2e","size":23873,"path":"media/images/examples_12_3b17a40d3c0003481150.png"},"val_loss":0.38663061924069164,"val_accuracy":0.8708333333333333,"_step":12,"_timestamp":1.7415408483196146e+09,"test_accuracy":0.8649}