{"_timestamp":1.7415691272237344e+09,"_wandb":{"runtime":170},"loss":0.07560451143569477,"_step":12,"epoch":9,"val_loss":0.08558106601102072,"val_accuracy":0.8778333333333334,"test_accuracy":0.8734,"examples":{"height":600,"_type":"image-file","sha256":"3b17a40d3c0003481150ce3cd5e234db4ef06f1019885019f6a3fed9b4772b2e","size":23873,"path":"media/images/examples_12_3b17a40d3c0003481150.png","format":"png","width":1200},"accuracy":0.8969444444444444,"test_loss":0.0916534301922266,"confusion_matrix":{"height":800,"_type":"image-file","sha256":"9ad9c864759acf8fc35dfed387b499f697740ac93d3e3eaee5738af3bcf371bd","size":61786,"path":"media/images/confusion_matrix_11_9ad9c864759acf8fc35d.png","format":"png","width":1000},"_runtime":170.1343659}