{"_step":17,"test_accuracy":0.8798,"examples":{"sha256":"75cf3f2d6042056b9d89df460d23ed8f265f2d2a3c6eed2b5cf3bc7f22904ecc","size":29574,"path":"media/images/examples_17_75cf3f2d6042056b9d89.png","format":"png","width":1200,"height":600,"_type":"image-file"},"accuracy":0.9112222222222223,"_runtime":407.3589574,"val_accuracy":0.8918333333333334,"loss":0.06572919922689935,"val_loss":0.07972552710225475,"confusion_matrix":{"_type":"image-file","sha256":"307f46d1ceaccb3a2229258fa393adc90362cd9506da75b9e2e228beec6268b6","size":61603,"path":"media/images/confusion_matrix_16_307f46d1ceaccb3a2229.png","format":"png","width":1000,"height":800},"test_loss":0.08704789144085119,"_wandb":{"runtime":407},"epoch":14,"_timestamp":1.7421139967458603e+09}