{"test_loss":0.09210024365820887,"epoch":9,"val_accuracy":0.8816666666666667,"accuracy":0.8962159360189573,"loss":0.07630954615209488,"_step":12,"examples":{"path":"media/images/examples_12_3b17a40d3c0003481150.png","format":"png","width":1200,"height":600,"_type":"image-file","sha256":"3b17a40d3c0003481150ce3cd5e234db4ef06f1019885019f6a3fed9b4772b2e","size":23873},"_timestamp":1.7415542891530538e+09,"confusion_matrix":{"sha256":"6ce5bf55b77d356cae55c7a7785b2da7b93536de0b7c227bba39fe45360c4d95","size":60956,"path":"media/images/confusion_matrix_11_6ce5bf55b77d356cae55.png","format":"png","width":1000,"height":800,"_type":"image-file"},"val_loss":0.08651607685094259,"test_accuracy":0.8713,"_runtime":84.2405707,"_wandb":{"runtime":84}}