{"val_loss":0.42351622108075654,"val_accuracy":0.8593333333333333,"confusion_matrix":{"path":"media/images/confusion_matrix_6_d31a47a1927f4828b350.png","format":"png","width":1000,"height":800,"_type":"image-file","sha256":"d31a47a1927f4828b35013a2e869908f1243f675a034881f52d96807cb835300","size":62726},"examples":{"size":23873,"path":"media/images/examples_7_3b17a40d3c0003481150.png","format":"png","width":1200,"height":600,"_type":"image-file","sha256":"3b17a40d3c0003481150ce3cd5e234db4ef06f1019885019f6a3fed9b4772b2e"},"_wandb":{"runtime":45},"loss":0.4112960408097842,"test_accuracy":0.8491,"accuracy":0.8651325533175356,"epoch":4,"test_loss":0.4528576070022015,"_timestamp":1.741538177116086e+09,"_runtime":45.177231,"_step":7}