{"accuracy":0.09737855450236967,"examples":{"sha256":"3b17a40d3c0003481150ce3cd5e234db4ef06f1019885019f6a3fed9b4772b2e","size":23873,"path":"media/images/examples_12_3b17a40d3c0003481150.png","format":"png","width":1200,"height":600,"_type":"image-file"},"_step":12,"loss":0.45000009141535746,"val_accuracy":0.09333333333333334,"_timestamp":1.7415812889414e+09,"_runtime":113.416572,"test_accuracy":0.1,"epoch":9,"confusion_matrix":{"height":800,"_type":"image-file","sha256":"24a617a8756e9b2d61681d6508f31a83b306fcb5703888b5b2a122aba43d688d","size":44800,"path":"media/images/confusion_matrix_11_24a617a8756e9b2d6168.png","format":"png","width":1000},"_wandb":{"runtime":113},"test_loss":0.4500000006015868,"val_loss":0.45000037175410457}