{"_timestamp":1.7421353667220862e+09,"test_accuracy":0.8695,"_wandb":{"runtime":337},"epoch":14,"_runtime":337.5756642,"val_accuracy":0.8775,"test_loss":0.3915180205257345,"loss":0.3500341050924753,"accuracy":0.8843888888888889,"_step":17,"val_loss":0.3594200986446558,"confusion_matrix":{"sha256":"3d4780de8c2ce41e72a199a1d47627f24e1fdda09984883403d9f6ddde2c1f81","size":61955,"path":"media/images/confusion_matrix_16_3d4780de8c2ce41e72a1.png","format":"png","width":1000,"height":800,"_type":"image-file"},"examples":{"format":"png","width":1200,"height":600,"_type":"image-file","sha256":"75cf3f2d6042056b9d89df460d23ed8f265f2d2a3c6eed2b5cf3bc7f22904ecc","size":29574,"path":"media/images/examples_17_75cf3f2d6042056b9d89.png"}}