{"accuracy":0.09961863151658767,"val_loss":2.302550719815679,"loss":2.3025966617851394,"epoch":4,"test_accuracy":0.1,"test_loss":2.3025885173958116,"_wandb":{"runtime":23},"_runtime":23.0335996,"_timestamp":1.7414984571670465e+09,"examples":{"_type":"image-file","sha256":"3b17a40d3c0003481150ce3cd5e234db4ef06f1019885019f6a3fed9b4772b2e","size":23873,"path":"media/images/examples_7_3b17a40d3c0003481150.png","format":"png","width":1200,"height":600},"confusion_matrix":{"format":"png","width":1000,"height":800,"_type":"image-file","sha256":"91eb09b754bbe0d0ea4dedd12a6ec44170e69fad5ffdc1b05864d80bdbfee956","size":45097,"path":"media/images/confusion_matrix_6_91eb09b754bbe0d0ea4d.png"},"_step":7,"val_accuracy":0.09733333333333333}