{"val_loss":0.34782275612127983,"_timestamp":1.742205961750394e+09,"predictions":{"sha256":"f7db667d657f82d9cbb02ff86a3b7d7750d2947351ded96426d8b1e6a0a0ccae","size":56785,"path":"media/images/predictions_22_f7db667d657f82d9cbb0.png","format":"png","width":2250,"height":900,"_type":"image-file"},"_runtime":210.1853791,"test_accuracy":0.879,"accuracy":0.9215294233807267,"val_accuracy":0.887,"_wandb":{"runtime":210},"loss":0.2578977707089734,"_step":22,"epoch":19,"test_loss":0.3702072425632225,"confusion_matrix":{"height":2963,"_type":"image-file","sha256":"9ed8809eb342c247e1e2248e6285d0fac848fe2fd815f196d67e8c8a59b3a35f","size":322073,"path":"media/images/confusion_matrix_21_9ed8809eb342c247e1e2.png","format":"png","width":3367}}