{"test_loss":0.45005746332416474,"confusion_matrix":{"format":"png","width":1000,"height":800,"_type":"image-file","sha256":"678dbf882bb444178ce8d74ee29d67ca68cce3b26ffefff6003501f2be5d4808","size":45059,"path":"media/images/confusion_matrix_11_678dbf882bb444178ce8.png"},"loss":0.45014236123336143,"test_accuracy":0.1,"val_loss":0.4500880262860311,"examples":{"height":600,"_type":"image-file","sha256":"3b17a40d3c0003481150ce3cd5e234db4ef06f1019885019f6a3fed9b4772b2e","size":23873,"path":"media/images/examples_12_3b17a40d3c0003481150.png","format":"png","width":1200},"_step":12,"epoch":9,"_runtime":62.375389,"_timestamp":1.741547699403383e+09,"_wandb":{"runtime":62},"accuracy":0.09874851895734597,"val_accuracy":0.09833333333333333}