{"_timestamp":1.7420754665823562e+09,"_step":22,"accuracy":0.8980857523696683,"examples":{"width":1200,"height":600,"_type":"image-file","sha256":"75cf3f2d6042056b9d89df460d23ed8f265f2d2a3c6eed2b5cf3bc7f22904ecc","size":29574,"path":"media/images/examples_22_75cf3f2d6042056b9d89.png","format":"png"},"loss":0.07831491904685696,"val_loss":0.1062980843578283,"epoch":19,"val_accuracy":0.8681666666666666,"test_accuracy":0.8636,"_wandb":{"runtime":255},"_runtime":255.525604,"test_loss":0.11181498866353012,"confusion_matrix":{"_type":"image-file","sha256":"b361c5b7970d1882fa35a6fbab940cb5fa5139c80382ab3f4af985c9a4ecee74","size":58785,"path":"media/images/confusion_matrix_21_b361c5b7970d1882fa35.png","format":"png","width":1000,"height":800}}