{"examples":{"path":"media/images/examples_12_3b17a40d3c0003481150.png","format":"png","width":1200,"height":600,"_type":"image-file","sha256":"3b17a40d3c0003481150ce3cd5e234db4ef06f1019885019f6a3fed9b4772b2e","size":23873},"val_accuracy":0.8861666666666667,"test_loss":0.08946654643382598,"accuracy":0.9063857622432859,"val_loss":0.08282242944597108,"_wandb":{"runtime":58},"_step":12,"loss":0.06912628214727348,"test_accuracy":0.8781,"confusion_matrix":{"size":60300,"path":"media/images/confusion_matrix_11_2a5a674db1c24e9c4d88.png","format":"png","width":1000,"height":800,"_type":"image-file","sha256":"2a5a674db1c24e9c4d88b0de40d825d9564745e8abcdcd4c48da91158e958283"},"_runtime":58.636161799999996,"_timestamp":1.7415454297302198e+09,"epoch":9}