{"_step":12,"test_loss":0.37213442880712494,"test_accuracy":0.8752,"epoch":9,"accuracy":0.9039667259083728,"val_loss":0.34341076704309625,"val_accuracy":0.8865,"loss":0.2891225231926393,"confusion_matrix":{"_type":"image-file","sha256":"fd8761f67ae5a07d80e9ec3cfe7ac70a5b747fbc339ec3c348e54b4b326ddb76","size":61835,"path":"media/images/confusion_matrix_11_fd8761f67ae5a07d80e9.png","format":"png","width":1000,"height":800},"_wandb":{"runtime":84},"_timestamp":1.7415701133797288e+09,"examples":{"sha256":"3b17a40d3c0003481150ce3cd5e234db4ef06f1019885019f6a3fed9b4772b2e","size":23873,"path":"media/images/examples_12_3b17a40d3c0003481150.png","format":"png","width":1200,"height":600,"_type":"image-file"},"_runtime":84.6224939}