{"_wandb":{"runtime":15},"_step":7,"epoch":4,"loss":0.4689031979063708,"val_loss":0.46042172760864475,"test_loss":0.4956424367672212,"confusion_matrix":{"_type":"image-file","sha256":"529d00b59a8f3b1deb2ca90583f2c82cdcd4660fcefef9847fe56ed2413769ef","size":64249,"path":"media/images/confusion_matrix_6_529d00b59a8f3b1deb2c.png","format":"png","width":1000,"height":800},"examples":{"path":"media/images/examples_7_3b17a40d3c0003481150.png","format":"png","width":1200,"height":600,"_type":"image-file","sha256":"3b17a40d3c0003481150ce3cd5e234db4ef06f1019885019f6a3fed9b4772b2e","size":23873},"test_accuracy":0.838,"val_accuracy":0.8516666666666667,"accuracy":0.8475821978672986,"_timestamp":1.7415502885425506e+09,"_runtime":15.7189785}