{"_wandb":{"runtime":104},"accuracy":0.9068794431279621,"examples":{"sha256":"75cf3f2d6042056b9d89df460d23ed8f265f2d2a3c6eed2b5cf3bc7f22904ecc","size":29574,"path":"media/images/examples_17_75cf3f2d6042056b9d89.png","format":"png","width":1200,"height":600,"_type":"image-file"},"_step":17,"val_loss":0.34494031305289347,"test_accuracy":0.8768,"_runtime":104.0128002,"test_loss":0.3776203405975535,"_timestamp":1.7420756580709708e+09,"epoch":14,"loss":0.29582890362279257,"val_accuracy":0.8855,"confusion_matrix":{"size":61242,"path":"media/images/confusion_matrix_16_27473a6ddd8f45309fb1.png","format":"png","width":1000,"height":800,"_type":"image-file","sha256":"27473a6ddd8f45309fb17176cffa14e1d5ba4fb77c2ac5b9124bfe81e425b750"}}