{"examples":{"sha256":"3b17a40d3c0003481150ce3cd5e234db4ef06f1019885019f6a3fed9b4772b2e","size":23873,"path":"media/images/examples_7_3b17a40d3c0003481150.png","format":"png","width":1200,"height":600,"_type":"image-file"},"_runtime":36.38183,"test_loss":0.09486833076705495,"test_accuracy":0.8704,"accuracy":0.8785174763033176,"confusion_matrix":{"sha256":"cf15e5ef7ca249b4540e759e787362a80251ee9d776c1b73d7687cdf60d9e62b","size":61709,"path":"media/images/confusion_matrix_6_cf15e5ef7ca249b4540e.png","format":"png","width":1000,"height":800,"_type":"image-file"},"val_loss":0.08731231583494055,"_wandb":{"runtime":36},"epoch":4,"loss":0.08802922999636768,"val_accuracy":0.8828333333333334,"_timestamp":1.741567986645344e+09,"_step":7}