{"_runtime":107.9127708,"_step":21,"_timestamp":1.7422180471908424e+09,"epoch":19,"test_loss":0.11127465583134118,"confusion_matrix":{"height":4163,"_type":"image-file","sha256":"3c211752f253644cdea6853d41faa61a25bdcd729a4400bce70cd17ea701e2bb","size":417137,"path":"media/images/confusion_matrix_21_3c211752f253644cdea6.png","format":"png","width":4447},"val_accuracy":0.8606666666666667,"_wandb":{"runtime":107},"loss":0.1012922283872148,"accuracy":0.86232474328594,"test_accuracy":0.8441,"val_loss":0.10202821756748676}