{"val_loss":0.1173706824577461,"loss":0.03493251093487314,"_timestamp":1.7422302909135158e+09,"epoch":19,"_step":22,"test_accuracy":0.9738,"_wandb":{"runtime":405},"predictions":{"path":"media/images/predictions_22_1f379a4c244f131d1e3e.png","format":"png","width":2250,"height":900,"_type":"image-file","sha256":"1f379a4c244f131d1e3e244afc294c97ac7b2d7c76015846f64089f21c8df95b","size":29074},"confusion_matrix":{"path":"media/images/confusion_matrix_21_8bc671aa1ac221de3b01.png","format":"png","width":4425,"height":4164,"_type":"image-file","sha256":"8bc671aa1ac221de3b01335e25f9a6d45459dedee81700461e8fd3a7b0a645bd","size":290996},"test_loss":0.117335371175715,"accuracy":0.9927407407407407,"val_accuracy":0.9745,"_runtime":405.7644219}