{"epoch":9,"confusion_matrix":{"height":800,"_type":"image-file","sha256":"edfa91ad2f8774ed8d0677bea080867ffbed65ee269f4be986fb21c235683151","size":63869,"path":"media/images/confusion_matrix_11_edfa91ad2f8774ed8d06.png","format":"png","width":1000},"_timestamp":1.7415485560345616e+09,"val_accuracy":0.8585,"test_accuracy":0.8447,"_wandb":{"runtime":40},"examples":{"width":1200,"height":600,"_type":"image-file","sha256":"3b17a40d3c0003481150ce3cd5e234db4ef06f1019885019f6a3fed9b4772b2e","size":23873,"path":"media/images/examples_12_3b17a40d3c0003481150.png","format":"png"},"loss":0.10389851261682241,"_runtime":40.8865656,"val_loss":0.10361384745182954,"accuracy":0.8596773795418642,"_step":12,"test_loss":0.11254532068215135}