{"_wandb":{"runtime":93},"_step":7,"val_loss":2.302588674177314,"val_accuracy":0.10033333333333333,"loss":2.302590617896238,"accuracy":0.09961111111111111,"epoch":4,"test_loss":2.3025854135453168,"_timestamp":1.7415403673801525e+09,"examples":{"height":600,"_type":"image-file","sha256":"3b17a40d3c0003481150ce3cd5e234db4ef06f1019885019f6a3fed9b4772b2e","size":23873,"path":"media/images/examples_7_3b17a40d3c0003481150.png","format":"png","width":1200},"_runtime":93.8400905,"confusion_matrix":{"size":44781,"path":"media/images/confusion_matrix_6_52078e3460fc88c3d22f.png","format":"png","width":1000,"height":800,"_type":"image-file","sha256":"52078e3460fc88c3d22fb8278017914305fbd3bdfd0183490eb31b83caf1886d"},"test_accuracy":0.1}