{"confusion_matrix":{"size":63794,"path":"media/images/confusion_matrix_6_3fed8a067d198e5ca11c.png","format":"png","width":1000,"height":800,"_type":"image-file","sha256":"3fed8a067d198e5ca11cee6cf08a63828c0910dd86a8ffc3a5eabdc53e5ff674"},"_runtime":16.7375046,"_step":7,"val_loss":0.10532601676383378,"val_accuracy":0.854,"loss":0.10644331103611704,"examples":{"_type":"image-file","sha256":"3b17a40d3c0003481150ce3cd5e234db4ef06f1019885019f6a3fed9b4772b2e","size":23873,"path":"media/images/examples_7_3b17a40d3c0003481150.png","format":"png","width":1200,"height":600},"_timestamp":1.7415633255876446e+09,"accuracy":0.8528888888888889,"epoch":4,"_wandb":{"runtime":16},"test_accuracy":0.8425,"test_loss":0.1130064686510502}