{"val_accuracy":0.8745,"loss":0.08858481226083516,"_timestamp":1.7415663569492e+09,"_step":7,"epoch":4,"confusion_matrix":{"sha256":"17a321bd212e3188e0c6df87a7f08eb327bcc2f5b0a331ed8cb4335d2acec3ba","size":61997,"path":"media/images/confusion_matrix_6_17a321bd212e3188e0c6.png","format":"png","width":1000,"height":800,"_type":"image-file"},"accuracy":0.8792222222222222,"_wandb":{"runtime":79},"_runtime":79.5932746,"val_loss":0.09100850988830451,"examples":{"height":600,"_type":"image-file","sha256":"3b17a40d3c0003481150ce3cd5e234db4ef06f1019885019f6a3fed9b4772b2e","size":23873,"path":"media/images/examples_7_3b17a40d3c0003481150.png","format":"png","width":1200},"test_loss":0.09812814546398183,"test_accuracy":0.8634}