{"accuracy":0.8705740740740741,"val_accuracy":0.8768333333333334,"_timestamp":1.741561108914639e+09,"_step":7,"_runtime":63.8820965,"epoch":4,"val_loss":0.09104175536829384,"confusion_matrix":{"format":"png","width":1000,"height":800,"_type":"image-file","sha256":"1e3367066f033399f747c4de5497463c58284aa8b4cc659b782c7302eb0bb71f","size":62005,"path":"media/images/confusion_matrix_6_1e3367066f033399f747.png"},"_wandb":{"runtime":63},"loss":0.09499626852214452,"test_loss":0.09864438108664458,"test_accuracy":0.8676,"examples":{"format":"png","width":1200,"height":600,"_type":"image-file","sha256":"3b17a40d3c0003481150ce3cd5e234db4ef06f1019885019f6a3fed9b4772b2e","size":23873,"path":"media/images/examples_7_3b17a40d3c0003481150.png"}}