{"_runtime":302.1855673,"_step":12,"test_accuracy":0.8728,"_wandb":{"runtime":302},"val_loss":0.08400344296445302,"test_loss":0.0950493441985641,"confusion_matrix":{"_type":"image-file","sha256":"2e9e1eda019eb12fd3edc75f233e1af6f5f3122bec097e9813e39eb357a57146","size":59878,"path":"media/images/confusion_matrix_11_2e9e1eda019eb12fd3ed.png","format":"png","width":1000,"height":800},"_timestamp":1.7415675965266528e+09,"examples":{"size":23873,"path":"media/images/examples_12_3b17a40d3c0003481150.png","format":"png","width":1200,"height":600,"_type":"image-file","sha256":"3b17a40d3c0003481150ce3cd5e234db4ef06f1019885019f6a3fed9b4772b2e"},"accuracy":0.9003333333333333,"epoch":9,"loss":0.07296709147902887,"val_accuracy":0.8851666666666667}