{"test_accuracy":0.8808,"epoch":14,"_wandb":{"runtime":652},"loss":0.06685262700987588,"val_accuracy":0.8858333333333334,"_timestamp":1.742071159182348e+09,"_step":17,"test_loss":0.08856899431255133,"confusion_matrix":{"_type":"image-file","sha256":"0c46b85467324b3f80131164b9518cb427291d7e9fdb98e85094b6534d9765f3","size":61941,"path":"media/images/confusion_matrix_16_0c46b85467324b3f8013.png","format":"png","width":1000,"height":800},"val_loss":0.08261076501673262,"accuracy":0.9099074074074074,"_runtime":652.0111568,"examples":{"format":"png","width":1200,"height":600,"_type":"image-file","sha256":"75cf3f2d6042056b9d89df460d23ed8f265f2d2a3c6eed2b5cf3bc7f22904ecc","size":29574,"path":"media/images/examples_17_75cf3f2d6042056b9d89.png"}}