{"examples":{"format":"png","width":1200,"height":600,"_type":"image-file","sha256":"75cf3f2d6042056b9d89df460d23ed8f265f2d2a3c6eed2b5cf3bc7f22904ecc","size":29574,"path":"media/images/examples_12_75cf3f2d6042056b9d89.png"},"val_loss":0.3424057546519839,"test_loss":0.3729995166946157,"_step":12,"val_accuracy":0.884,"_timestamp":1.742114488009078e+09,"accuracy":0.8973888888888889,"epoch":9,"confusion_matrix":{"sha256":"26e52574bace94831db35fa1c1f42b4793ac57743834015a284a8099b66ecabb","size":59840,"path":"media/images/confusion_matrix_11_26e52574bace94831db3.png","format":"png","width":1000,"height":800,"_type":"image-file"},"loss":0.30958710084096147,"_runtime":348.5641301,"test_accuracy":0.8711,"_wandb":{"runtime":348}}