{"loss":0.30568579472878077,"_timestamp":1.7415484680617485e+09,"_step":12,"val_loss":0.29678368909621045,"test_accuracy":0.604,"_wandb":{"runtime":43},"confusion_matrix":{"width":1000,"height":800,"_type":"image-file","sha256":"9b060ac6fe05bd5012e49707b4fc222e649484a10c02399696b6ee4d5639a7ea","size":62151,"path":"media/images/confusion_matrix_11_9b060ac6fe05bd5012e4.png","format":"png"},"_runtime":43.1170262,"examples":{"size":23873,"path":"media/images/examples_12_3b17a40d3c0003481150.png","format":"png","width":1200,"height":600,"_type":"image-file","sha256":"3b17a40d3c0003481150ce3cd5e234db4ef06f1019885019f6a3fed9b4772b2e"},"accuracy":0.5938672492101106,"epoch":9,"test_loss":0.29985315549215363,"val_accuracy":0.6028333333333333}