{"examples":{"width":1200,"height":600,"_type":"image-file","sha256":"75cf3f2d6042056b9d89df460d23ed8f265f2d2a3c6eed2b5cf3bc7f22904ecc","size":29574,"path":"media/images/examples_12_75cf3f2d6042056b9d89.png","format":"png"},"val_loss":0.08926081604379084,"test_loss":0.0995888388873868,"_timestamp":1.7420746296374636e+09,"_runtime":137.3640284,"_step":12,"test_accuracy":0.8623,"confusion_matrix":{"height":800,"_type":"image-file","sha256":"2b66b9c1a845f2f24b572d3bb2c1dfd4af91743ce978e470d2a1cdf4f3bab218","size":61027,"path":"media/images/confusion_matrix_11_2b66b9c1a845f2f24b57.png","format":"png","width":1000},"epoch":9,"_wandb":{"runtime":137},"val_accuracy":0.8763333333333333,"loss":0.07678198442009296,"accuracy":0.896197422985782}