{"accuracy":0.8797592592592592,"test_loss":0.09543970201824853,"val_loss":0.08877551956116826,"loss":0.08771541749435698,"val_accuracy":0.8748333333333334,"examples":{"format":"png","width":1200,"height":600,"_type":"image-file","sha256":"3b17a40d3c0003481150ce3cd5e234db4ef06f1019885019f6a3fed9b4772b2e","size":23873,"path":"media/images/examples_7_3b17a40d3c0003481150.png"},"confusion_matrix":{"sha256":"512b779a750c19b5b3f9dd5f642134f4586bfb4cea87e46e20703dbd007b0df3","size":59895,"path":"media/images/confusion_matrix_6_512b779a750c19b5b3f9.png","format":"png","width":1000,"height":800,"_type":"image-file"},"_runtime":94.2099948,"_timestamp":1.7415668916699617e+09,"epoch":4,"_wandb":{"runtime":94},"_step":7,"test_accuracy":0.8672}