{"confusion_matrix":{"path":"media/images/confusion_matrix_16_c140259435301126bc10.png","format":"png","width":1000,"height":800,"_type":"image-file","sha256":"c140259435301126bc105d85466f34022e7899e4ce2e20112712d00ab7f7a638","size":60562},"_runtime":391.6272894,"val_loss":0.3243804386135019,"val_accuracy":0.8893333333333333,"examples":{"width":1200,"height":600,"_type":"image-file","sha256":"75cf3f2d6042056b9d89df460d23ed8f265f2d2a3c6eed2b5cf3bc7f22904ecc","size":29574,"path":"media/images/examples_17_75cf3f2d6042056b9d89.png","format":"png"},"epoch":14,"loss":0.27985744664096235,"test_loss":0.3568694888053892,"accuracy":0.9105925925925926,"test_accuracy":0.8818,"_timestamp":1.7421205142119777e+09,"_step":17,"_wandb":{"runtime":391}}