{"_runtime":35.5052986,"accuracy":0.7991027349921012,"val_loss":0.13583228238674588,"_wandb":{"runtime":35},"epoch":9,"examples":{"height":600,"_type":"image-file","sha256":"3b17a40d3c0003481150ce3cd5e234db4ef06f1019885019f6a3fed9b4772b2e","size":23873,"path":"media/images/examples_12_3b17a40d3c0003481150.png","format":"png","width":1200},"loss":0.13872289594055873,"test_loss":0.1432950237684285,"test_accuracy":0.7892,"_step":12,"_timestamp":1.7415458244220605e+09,"confusion_matrix":{"_type":"image-file","sha256":"cb514f5531e963250b80e73256849d1b331c00eae3c9857f63c8e471fec53ef8","size":64566,"path":"media/images/confusion_matrix_11_cb514f5531e963250b80.png","format":"png","width":1000,"height":800},"val_accuracy":0.8051666666666667}