{"test_loss":0.09044272361478348,"_wandb":{"runtime":37},"_step":12,"val_accuracy":0.8811666666666667,"test_accuracy":0.8747,"_runtime":37.7043654,"epoch":9,"val_loss":0.0847042420933665,"confusion_matrix":{"_type":"image-file","sha256":"1e36cbc2d9cec201043ced86008e77592f51d4814bb15b3b4f634f376875f137","size":61458,"path":"media/images/confusion_matrix_11_1e36cbc2d9cec201043c.png","format":"png","width":1000,"height":800},"_timestamp":1.7415501233448186e+09,"accuracy":0.8998259774881516,"examples":{"height":600,"_type":"image-file","sha256":"3b17a40d3c0003481150ce3cd5e234db4ef06f1019885019f6a3fed9b4772b2e","size":23873,"path":"media/images/examples_12_3b17a40d3c0003481150.png","format":"png","width":1200},"loss":0.07359106745422156}