{"test_accuracy":0.8655,"_timestamp":1.7415540739910157e+09,"_runtime":29.1634847,"val_accuracy":0.8753333333333333,"_wandb":{"runtime":29},"loss":0.08804757602829429,"val_loss":0.08929409921215618,"examples":{"format":"png","width":1200,"height":600,"_type":"image-file","sha256":"3b17a40d3c0003481150ce3cd5e234db4ef06f1019885019f6a3fed9b4772b2e","size":23873,"path":"media/images/examples_7_3b17a40d3c0003481150.png"},"epoch":4,"confusion_matrix":{"size":59947,"path":"media/images/confusion_matrix_6_67c6d9098ff22f3de8a3.png","format":"png","width":1000,"height":800,"_type":"image-file","sha256":"67c6d9098ff22f3de8a36c138f374c049e8aa28fddd0865fd5135ea064dabf2c"},"accuracy":0.8777214158767772,"test_loss":0.09747895962138527,"_step":7}