{"_step":7,"val_accuracy":0.09833333333333333,"_timestamp":1.7415374189375641e+09,"confusion_matrix":{"size":45125,"path":"media/images/confusion_matrix_6_f14a9af4f0d45c6ac57d.png","format":"png","width":1000,"height":800,"_type":"image-file","sha256":"f14a9af4f0d45c6ac57d13e859cef2fa5eab488f3854babdf639d573af3afc06"},"examples":{"height":600,"_type":"image-file","sha256":"3b17a40d3c0003481150ce3cd5e234db4ef06f1019885019f6a3fed9b4772b2e","size":23873,"path":"media/images/examples_7_3b17a40d3c0003481150.png","format":"png","width":1200},"_runtime":52.3593585,"accuracy":0.10095156990521327,"val_loss":2.3036440880491686,"epoch":4,"_wandb":{"runtime":52},"loss":2.3037763495867263,"test_loss":2.303673974492295,"test_accuracy":0.1}