{"_timestamp":1.7415388000745623e+09,"test_accuracy":0.8518,"_wandb":{"runtime":37},"epoch":4,"examples":{"path":"media/images/examples_7_3b17a40d3c0003481150.png","format":"png","width":1200,"height":600,"_type":"image-file","sha256":"3b17a40d3c0003481150ce3cd5e234db4ef06f1019885019f6a3fed9b4772b2e","size":23873},"val_loss":0.40549339423100345,"_runtime":37.8754283,"val_accuracy":0.864,"accuracy":0.8618989435229069,"loss":0.4165081016345945,"_step":7,"test_loss":0.44082500821413495,"confusion_matrix":{"_type":"image-file","sha256":"1a823ad0153b67b98f32f1ed29999a286cbbbad1ffdaf181cdab473258ed46a5","size":61930,"path":"media/images/confusion_matrix_6_1a823ad0153b67b98f32.png","format":"png","width":1000,"height":800}}