{"_runtime":85.9873192,"loss":0.38322081118014356,"confusion_matrix":{"_type":"image-file","sha256":"3d63f4270799bd75742eaf60c7cd5c7e55fa2c7cdcb0d4de6739b52ec139be74","size":62010,"path":"media/images/confusion_matrix_16_3d63f4270799bd75742e.png","format":"png","width":1000,"height":800},"_wandb":{"runtime":86},"_timestamp":1.7421186968903437e+09,"examples":{"sha256":"75cf3f2d6042056b9d89df460d23ed8f265f2d2a3c6eed2b5cf3bc7f22904ecc","size":29574,"path":"media/images/examples_17_75cf3f2d6042056b9d89.png","format":"png","width":1200,"height":600,"_type":"image-file"},"val_loss":0.40516833882407793,"_step":17,"test_accuracy":0.8598,"epoch":14,"test_loss":0.4315501650400093,"accuracy":0.8787766587677726,"val_accuracy":0.871}