{"val_accuracy":0.8598333333333333,"confusion_matrix":{"format":"png","width":1000,"height":800,"_type":"image-file","sha256":"0e7927291d797e0e0a014e4d1fe3e3c3c07cb70aceacbeb7162db28a5c367910","size":61433,"path":"media/images/confusion_matrix_6_0e7927291d797e0e0a01.png"},"val_loss":0.10226988851216458,"test_loss":0.10845470771433718,"_wandb":{"runtime":15},"epoch":4,"accuracy":0.8682777777777778,"_step":7,"_timestamp":1.7415522239829428e+09,"_runtime":15.594827800000001,"test_accuracy":0.8528,"examples":{"format":"png","width":1200,"height":600,"_type":"image-file","sha256":"3b17a40d3c0003481150ce3cd5e234db4ef06f1019885019f6a3fed9b4772b2e","size":23873,"path":"media/images/examples_7_3b17a40d3c0003481150.png"},"loss":0.09616026699710811}