{"examples":{"height":600,"_type":"image-file","sha256":"75cf3f2d6042056b9d89df460d23ed8f265f2d2a3c6eed2b5cf3bc7f22904ecc","size":29574,"path":"media/images/examples_17_75cf3f2d6042056b9d89.png","format":"png","width":1200},"accuracy":0.9161976698262244,"test_accuracy":0.8799,"confusion_matrix":{"size":60950,"path":"media/images/confusion_matrix_16_73fb902ffd6e323fd0ec.png","format":"png","width":1000,"height":800,"_type":"image-file","sha256":"73fb902ffd6e323fd0ec55caac4be30fcdc272c0ec04e70c3938dca096333643"},"_step":17,"test_loss":0.3657273233615566,"_runtime":125.9579769,"epoch":14,"_wandb":{"runtime":125},"val_loss":0.34451025471751523,"_timestamp":1.7421320665816646e+09,"val_accuracy":0.8883333333333333,"loss":0.26650932691638907}