{"loss":0.3184260810465522,"examples":{"sha256":"3b17a40d3c0003481150ce3cd5e234db4ef06f1019885019f6a3fed9b4772b2e","size":23873,"path":"media/images/examples_12_3b17a40d3c0003481150.png","format":"png","width":1200,"height":600,"_type":"image-file"},"val_loss":0.3819253104084716,"_timestamp":1.7415616177660494e+09,"test_loss":0.4110811359988602,"confusion_matrix":{"path":"media/images/confusion_matrix_11_9dcd0084fe4cdafb1379.png","format":"png","width":1000,"height":800,"_type":"image-file","sha256":"9dcd0084fe4cdafb1379947f6dec4ac86b508c67c764221bd063f8d296055eeb","size":62262},"_runtime":283.7694526,"test_accuracy":0.8679,"val_accuracy":0.879,"epoch":9,"_step":12,"_wandb":{"runtime":283},"accuracy":0.8997592592592593}