{"accuracy":0.10000740521327015,"val_loss":2.302594442065256,"test_accuracy":0.1,"_step":12,"test_loss":2.3025861687326574,"examples":{"path":"media/images/examples_12_3b17a40d3c0003481150.png","format":"png","width":1200,"height":600,"_type":"image-file","sha256":"3b17a40d3c0003481150ce3cd5e234db4ef06f1019885019f6a3fed9b4772b2e","size":23873},"loss":2.3025875788108623,"val_accuracy":0.10133333333333333,"epoch":9,"_runtime":67.5059632,"_timestamp":1.7415375345773857e+09,"_wandb":{"runtime":67},"confusion_matrix":{"width":1000,"height":800,"_type":"image-file","sha256":"2427d176970b250ea52db84f8c761c5d9a75de7caa18e81a9bd96540be910880","size":45245,"path":"media/images/confusion_matrix_11_2427d176970b250ea52d.png","format":"png"}}