{"_wandb":{"runtime":39},"test_loss":0.45000023960877217,"_step":7,"val_accuracy":0.10716666666666666,"test_accuracy":0.1,"examples":{"sha256":"3b17a40d3c0003481150ce3cd5e234db4ef06f1019885019f6a3fed9b4772b2e","size":23873,"path":"media/images/examples_7_3b17a40d3c0003481150.png","format":"png","width":1200,"height":600,"_type":"image-file"},"loss":0.4500001484717674,"val_loss":0.449999006563363,"epoch":4,"accuracy":0.09951989533965246,"_timestamp":1.741523783791175e+09,"confusion_matrix":{"sha256":"40689ad73f6fe48c16dbe358db5cbc1662bc725719d4c4f6ff4d9b886509d8d1","size":45101,"path":"media/images/confusion_matrix_6_40689ad73f6fe48c16db.png","format":"png","width":1000,"height":800,"_type":"image-file"},"_runtime":39.1374945}