{"_runtime":68.7803507,"test_loss":0.14786853657170926,"confusion_matrix":{"width":1000,"height":800,"_type":"image-file","sha256":"315baf9a9631486c7b29c82c2c118a53b8c6fb296e7a12ca4f18ce9b419d130f","size":61394,"path":"media/images/confusion_matrix_6_315baf9a9631486c7b29.png","format":"png"},"_timestamp":1.7415626883809996e+09,"test_accuracy":0.8178,"_step":7,"examples":{"path":"media/images/examples_7_3b17a40d3c0003481150.png","format":"png","width":1200,"height":600,"_type":"image-file","sha256":"3b17a40d3c0003481150ce3cd5e234db4ef06f1019885019f6a3fed9b4772b2e","size":23873},"epoch":4,"accuracy":0.8688148148148148,"_wandb":{"runtime":68},"loss":0.09898082171878028,"val_loss":0.136845008195952,"val_accuracy":0.8333333333333334}