{"_runtime":263.7346632,"test_loss":0.09479441650986875,"val_loss":0.08923682200736639,"accuracy":0.8905941449447078,"confusion_matrix":{"path":"media/images/confusion_matrix_21_cfe845e556cdfca59bbb.png","format":"png","width":1000,"height":800,"_type":"image-file","sha256":"cfe845e556cdfca59bbb9311deeb1e05f69d63058707cb0f80193ab95c4fcda7","size":61596},"loss":0.08069401364463599,"examples":{"_type":"image-file","sha256":"75cf3f2d6042056b9d89df460d23ed8f265f2d2a3c6eed2b5cf3bc7f22904ecc","size":29574,"path":"media/images/examples_22_75cf3f2d6042056b9d89.png","format":"png","width":1200,"height":600},"_wandb":{"runtime":263},"epoch":19,"val_accuracy":0.8775,"_timestamp":1.7420715330125859e+09,"test_accuracy":0.8699,"_step":22}