{"examples":{"height":600,"_type":"image-file","sha256":"3b17a40d3c0003481150ce3cd5e234db4ef06f1019885019f6a3fed9b4772b2e","size":23873,"path":"media/images/examples_12_3b17a40d3c0003481150.png","format":"png","width":1200},"val_loss":2.302529017600252,"_wandb":{"runtime":45},"loss":2.302517589168096,"epoch":9,"test_accuracy":0.0996,"_timestamp":1.7415482094710007e+09,"_step":12,"accuracy":0.09887193917851501,"confusion_matrix":{"format":"png","width":1000,"height":800,"_type":"image-file","sha256":"b25d45fe3d1fc8193d7f0fbe65a9764225b28c057b081044ab995b59fe565305","size":46275,"path":"media/images/confusion_matrix_11_b25d45fe3d1fc8193d7f.png"},"val_accuracy":0.093,"_runtime":45.581876199999996,"test_loss":2.302427545330508}