{"_timestamp":1.742218796302998e+09,"val_accuracy":0.8851666666666667,"epoch":19,"_wandb":{"runtime":192},"test_accuracy":0.8785,"loss":0.2564289111914829,"_step":20,"_runtime":188.8498227,"test_loss":0.3732476133246013,"accuracy":0.9209246642969984,"val_loss":0.34425005322573043}