{"_step":12,"examples":{"path":"media/images/examples_12_3b17a40d3c0003481150.png","format":"png","width":1200,"height":600,"_type":"image-file","sha256":"3b17a40d3c0003481150ce3cd5e234db4ef06f1019885019f6a3fed9b4772b2e","size":23873},"val_accuracy":0.8833333333333333,"test_loss":0.09300988458329369,"_runtime":187.6061184,"epoch":9,"_wandb":{"runtime":187},"val_loss":0.08292497485419786,"loss":0.07223359857266595,"_timestamp":1.7415633009670475e+09,"accuracy":0.9022037037037037,"test_accuracy":0.8723,"confusion_matrix":{"_type":"image-file","sha256":"5ba38af2214dbbeb341b1789727e02c7a30921303cdaa1f57a3ae0599186dae7","size":61009,"path":"media/images/confusion_matrix_11_5ba38af2214dbbeb341b.png","format":"png","width":1000,"height":800}}