{"val_accuracy":0.8858333333333334,"_timestamp":1.742138990190089e+09,"accuracy":0.9139329087677726,"test_loss":0.37691803523665673,"_wandb":{"runtime":344},"confusion_matrix":{"_type":"image-file","sha256":"6c0e30d465e823b4c72f3b17399b947048568058c2284d476b330c36978e8fa5","size":61281,"path":"media/images/confusion_matrix_21_6c0e30d465e823b4c72f.png","format":"png","width":1000,"height":800},"val_loss":0.3470323723794776,"_step":22,"_runtime":343.9867615,"test_accuracy":0.8744,"epoch":19,"loss":0.2652596433927381,"examples":{"height":600,"_type":"image-file","sha256":"75cf3f2d6042056b9d89df460d23ed8f265f2d2a3c6eed2b5cf3bc7f22904ecc","size":29574,"path":"media/images/examples_22_75cf3f2d6042056b9d89.png","format":"png","width":1200}}