{"_step":17,"examples":{"format":"png","width":1200,"height":600,"_type":"image-file","sha256":"75cf3f2d6042056b9d89df460d23ed8f265f2d2a3c6eed2b5cf3bc7f22904ecc","size":29574,"path":"media/images/examples_17_75cf3f2d6042056b9d89.png"},"_wandb":{"runtime":342},"loss":0.25614951080415077,"accuracy":0.9163333333333333,"test_accuracy":0.8825,"val_loss":0.3181169836139742,"val_accuracy":0.8893333333333333,"confusion_matrix":{"height":800,"_type":"image-file","sha256":"4279952e2574fa24b3230bc65f750ac858129a989f6245e987cfbed70e30b5ff","size":61007,"path":"media/images/confusion_matrix_16_4279952e2574fa24b323.png","format":"png","width":1000},"_timestamp":1.7420749507598865e+09,"epoch":14,"_runtime":342.4325653,"test_loss":0.3431235547832607}