{"val_accuracy":0.8715,"_timestamp":1.7415677378071692e+09,"confusion_matrix":{"sha256":"a44d2bcec7d1f328f3539662226d7b555bf6666eaa071aa6c5adb92b49db2e18","size":62888,"path":"media/images/confusion_matrix_11_a44d2bcec7d1f328f353.png","format":"png","width":1000,"height":800,"_type":"image-file"},"examples":{"width":1200,"height":600,"_type":"image-file","sha256":"3b17a40d3c0003481150ce3cd5e234db4ef06f1019885019f6a3fed9b4772b2e","size":23873,"path":"media/images/examples_12_3b17a40d3c0003481150.png","format":"png"},"val_loss":0.09359696628444641,"_step":12,"_wandb":{"runtime":41},"epoch":9,"_runtime":41.4771302,"test_loss":0.10164575214059698,"loss":0.0915747303225199,"test_accuracy":0.8614,"accuracy":0.876283570300158}