{"_runtime":42.8806136,"_step":12,"test_accuracy":0.8539,"confusion_matrix":{"_type":"image-file","sha256":"dc5611705e0579f3c8ae486b399d59f1200756ab653c04be843f0a9db75c7ee5","size":63454,"path":"media/images/confusion_matrix_11_dc5611705e0579f3c8ae.png","format":"png","width":1000,"height":800},"_timestamp":1.7415487764564378e+09,"test_loss":0.10455676266189495,"epoch":9,"val_loss":0.09623763769274289,"loss":0.09276256502324949,"val_accuracy":0.8673333333333333,"_wandb":{"runtime":42},"accuracy":0.873716429699842,"examples":{"height":600,"_type":"image-file","sha256":"3b17a40d3c0003481150ce3cd5e234db4ef06f1019885019f6a3fed9b4772b2e","size":23873,"path":"media/images/examples_12_3b17a40d3c0003481150.png","format":"png","width":1200}}