{"accuracy":0.8530435426540285,"_wandb":{"runtime":154},"loss":0.10869123164093723,"confusion_matrix":{"size":64626,"path":"media/images/confusion_matrix_11_80f0872dca9eb06f6d84.png","format":"png","width":1000,"height":800,"_type":"image-file","sha256":"80f0872dca9eb06f6d84f4c709e45c32a0678a2b81b14415d6736e6cbdd38b96"},"_step":12,"val_accuracy":0.8523333333333334,"test_loss":0.11609672250740309,"_runtime":154.7825505,"_timestamp":1.7420727923340092e+09,"test_accuracy":0.8399,"examples":{"format":"png","width":1200,"height":600,"_type":"image-file","sha256":"75cf3f2d6042056b9d89df460d23ed8f265f2d2a3c6eed2b5cf3bc7f22904ecc","size":29574,"path":"media/images/examples_12_75cf3f2d6042056b9d89.png"},"epoch":9,"val_loss":0.1082255661507172}