{"_timestamp":1.742068516056422e+09,"_runtime":154.9154293,"_wandb":{"runtime":154},"val_accuracy":0.8873333333333333,"_step":17,"test_loss":0.08889162666286562,"loss":0.07511532237235147,"val_loss":0.08183758813734303,"examples":{"_type":"image-file","sha256":"75cf3f2d6042056b9d89df460d23ed8f265f2d2a3c6eed2b5cf3bc7f22904ecc","size":29574,"path":"media/images/examples_17_75cf3f2d6042056b9d89.png","format":"png","width":1200,"height":600},"epoch":14,"accuracy":0.8988941548183254,"test_accuracy":0.878,"confusion_matrix":{"size":62251,"path":"media/images/confusion_matrix_16_b68bb6eb4ffcbeffbd94.png","format":"png","width":1000,"height":800,"_type":"image-file","sha256":"b68bb6eb4ffcbeffbd9465effa9cb7e41c22681b2d144c8ff4cd807c5487aaf2"}}