{"examples":{"size":23873,"path":"media/images/examples_7_3b17a40d3c0003481150.png","format":"png","width":1200,"height":600,"_type":"image-file","sha256":"3b17a40d3c0003481150ce3cd5e234db4ef06f1019885019f6a3fed9b4772b2e"},"_runtime":34.7833787,"epoch":4,"accuracy":0.8804243187203792,"val_accuracy":0.8785,"confusion_matrix":{"height":800,"_type":"image-file","sha256":"06186b349f99510f16a77a1ae0f45798889105d555d66be2381a9664a4466955","size":59624,"path":"media/images/confusion_matrix_6_06186b349f99510f16a7.png","format":"png","width":1000},"_step":7,"_timestamp":1.7415570680595665e+09,"loss":0.08750798183534286,"test_accuracy":0.8682,"_wandb":{"runtime":34},"val_loss":0.08841740644663978,"test_loss":0.09612927403677199}