{"test_accuracy":0.1055,"confusion_matrix":{"width":1000,"height":800,"_type":"image-file","sha256":"027a3d5fa058818f99088340fdb76e94967d40f7de6c3fceacc3f5806b163137","size":62884,"path":"media/images/confusion_matrix_11_027a3d5fa058818f9908.png","format":"png"},"examples":{"size":23873,"path":"media/images/examples_12_3b17a40d3c0003481150.png","format":"png","width":1200,"height":600,"_type":"image-file","sha256":"3b17a40d3c0003481150ce3cd5e234db4ef06f1019885019f6a3fed9b4772b2e"},"_wandb":{"runtime":32},"epoch":9,"val_loss":2.2856582449618115,"_runtime":32.1581379,"_step":12,"val_accuracy":0.10366666666666667,"accuracy":0.10204383886255924,"test_loss":2.285465335151608,"loss":2.2870418061368274,"_timestamp":1.7415446382646587e+09}