{"_runtime":16.7841171,"_step":7,"epoch":4,"val_accuracy":0.09333333333333334,"accuracy":0.09997037914691943,"_wandb":{"runtime":16},"test_loss":0.4500009569005333,"_timestamp":1.7415237393579872e+09,"examples":{"sha256":"3b17a40d3c0003481150ce3cd5e234db4ef06f1019885019f6a3fed9b4772b2e","size":23873,"path":"media/images/examples_7_3b17a40d3c0003481150.png","format":"png","width":1200,"height":600,"_type":"image-file"},"val_loss":0.4500146955831514,"test_accuracy":0.1,"loss":0.45000486597691536,"confusion_matrix":{"path":"media/images/confusion_matrix_6_24a617a8756e9b2d6168.png","format":"png","width":1000,"height":800,"_type":"image-file","sha256":"24a617a8756e9b2d61681d6508f31a83b306fcb5703888b5b2a122aba43d688d","size":44800}}