{"val_accuracy":0.10283333333333333,"_step":12,"val_loss":2.302628723206535,"_wandb":{"runtime":29},"_timestamp":1.7415476289633079e+09,"_runtime":29.2271177,"loss":2.302647230399584,"confusion_matrix":{"height":800,"_type":"image-file","sha256":"f48973bcd5afde71a19530ed7e355e7c7695692b6412dec21399dad952c2fc8b","size":45194,"path":"media/images/confusion_matrix_11_f48973bcd5afde71a195.png","format":"png","width":1000},"epoch":9,"accuracy":0.09928539691943128,"test_loss":2.3026207858076178,"examples":{"path":"media/images/examples_12_3b17a40d3c0003481150.png","format":"png","width":1200,"height":600,"_type":"image-file","sha256":"3b17a40d3c0003481150ce3cd5e234db4ef06f1019885019f6a3fed9b4772b2e","size":23873},"test_accuracy":0.1}