{"_runtime":28.733239,"loss":0.33313982118137314,"val_loss":0.36548521511809123,"test_loss":0.40265230627954285,"accuracy":0.8897857424960505,"_wandb":{"runtime":28},"examples":{"path":"media/images/examples_12_3b17a40d3c0003481150.png","format":"png","width":1200,"height":600,"_type":"image-file","sha256":"3b17a40d3c0003481150ce3cd5e234db4ef06f1019885019f6a3fed9b4772b2e","size":23873},"_step":12,"_timestamp":1.7415633590626812e+09,"test_accuracy":0.8636,"confusion_matrix":{"_type":"image-file","sha256":"b58cbdfba52fc952c663eee1a4fadac0ef2d6ac15604c2d62de3adeabccb5baf","size":61059,"path":"media/images/confusion_matrix_11_b58cbdfba52fc952c663.png","format":"png","width":1000,"height":800},"val_accuracy":0.8741666666666666,"epoch":9}