{"loss":0.337326591180705,"_runtime":30.997436,"test_loss":0.40642330060078696,"examples":{"sha256":"3b17a40d3c0003481150ce3cd5e234db4ef06f1019885019f6a3fed9b4772b2e","size":23873,"path":"media/images/examples_12_3b17a40d3c0003481150.png","format":"png","width":1200,"height":600,"_type":"image-file"},"_wandb":{"runtime":31},"val_loss":0.38648748069399397,"_step":12,"accuracy":0.8878357030015799,"confusion_matrix":{"format":"png","width":1000,"height":800,"_type":"image-file","sha256":"4e4b1fd378e19dd8da28da76e63b9d5651f0344c994f2afffcdf715d44c43685","size":62082,"path":"media/images/confusion_matrix_11_4e4b1fd378e19dd8da28.png"},"val_accuracy":0.8703333333333333,"_timestamp":1.741555517750017e+09,"epoch":9,"test_accuracy":0.8615}