{"confusion_matrix":{"path":"media/images/confusion_matrix_11_650f19d4ecc43ac0ffa3.png","format":"png","width":1000,"height":800,"_type":"image-file","sha256":"650f19d4ecc43ac0ffa335e27dd35e4a925ac044d647055c6a1566c27c670fbb","size":62289},"examples":{"size":23873,"path":"media/images/examples_12_3b17a40d3c0003481150.png","format":"png","width":1200,"height":600,"_type":"image-file","sha256":"3b17a40d3c0003481150ce3cd5e234db4ef06f1019885019f6a3fed9b4772b2e"},"accuracy":0.8955926639020537,"_runtime":55.8437296,"_wandb":{"runtime":55},"test_loss":0.09261356865964604,"loss":0.07638397038443276,"epoch":9,"_step":12,"val_accuracy":0.8826666666666667,"_timestamp":1.7415316539827232e+09,"val_loss":0.0849868276436942,"test_accuracy":0.8717}