{"examples":{"size":29574,"path":"media/images/examples_17_75cf3f2d6042056b9d89.png","format":"png","width":1200,"height":600,"_type":"image-file","sha256":"75cf3f2d6042056b9d89df460d23ed8f265f2d2a3c6eed2b5cf3bc7f22904ecc"},"_timestamp":1.7421280008275907e+09,"_runtime":209.909872,"val_accuracy":0.8781666666666667,"val_loss":0.3961620218329756,"test_loss":0.41318315659851995,"test_accuracy":0.8654,"loss":0.36177234327898494,"_wandb":{"runtime":209},"accuracy":0.8852777777777778,"confusion_matrix":{"size":62786,"path":"media/images/confusion_matrix_16_28eb3f7993cc29591cbd.png","format":"png","width":1000,"height":800,"_type":"image-file","sha256":"28eb3f7993cc29591cbd4368f96bc829490e60940e89175491ef95a28aebfc13"},"_step":17,"epoch":14}