{"_timestamp":1.7421376392670388e+09,"_runtime":231.3588392,"test_accuracy":0.8748,"confusion_matrix":{"height":800,"_type":"image-file","sha256":"2d0ce367251d8e046dbcf8c48e803dffe101d409838321333853e16bb33db474","size":62547,"path":"media/images/confusion_matrix_16_2d0ce367251d8e046dbc.png","format":"png","width":1000},"loss":0.3291759928303894,"accuracy":0.8938647808056872,"val_loss":0.3703721735261366,"_step":17,"test_loss":0.39696440180403564,"epoch":14,"_wandb":{"runtime":231},"val_accuracy":0.881,"examples":{"size":29574,"path":"media/images/examples_17_75cf3f2d6042056b9d89.png","format":"png","width":1200,"height":600,"_type":"image-file","sha256":"75cf3f2d6042056b9d89df460d23ed8f265f2d2a3c6eed2b5cf3bc7f22904ecc"}}