{"loss":0.4082201351616665,"_wandb":{"runtime":13},"val_accuracy":0.8445,"confusion_matrix":{"path":"media/images/confusion_matrix_6_ffd853553809b0d4b799.png","format":"png","width":1000,"height":800,"_type":"image-file","sha256":"ffd853553809b0d4b799ffe2899382e8ce8bc73ba34e972458ca7ab11b92d51c","size":62060},"_timestamp":1.7415649217163563e+09,"_runtime":13.2590826,"_step":7,"accuracy":0.8685185185185185,"test_accuracy":0.8402,"epoch":4,"val_loss":0.47618018910328974,"test_loss":0.5003427764115483,"examples":{"format":"png","width":1200,"height":600,"_type":"image-file","sha256":"3b17a40d3c0003481150ce3cd5e234db4ef06f1019885019f6a3fed9b4772b2e","size":23873,"path":"media/images/examples_7_3b17a40d3c0003481150.png"}}