{"_timestamp":1.7415808027965555e+09,"_runtime":217.7231905,"val_loss":0.34084308491726856,"_step":12,"loss":0.2934191213599941,"test_loss":0.38331952997062396,"_wandb":{"runtime":218},"val_accuracy":0.8911666666666667,"confusion_matrix":{"_type":"image-file","sha256":"1a6b03c218e0000a657b3778cf8373290c36ef84899051bf72613ed5376722d4","size":60859,"path":"media/images/confusion_matrix_11_1a6b03c218e0000a657b.png","format":"png","width":1000,"height":800},"examples":{"width":1200,"height":600,"_type":"image-file","sha256":"3b17a40d3c0003481150ce3cd5e234db4ef06f1019885019f6a3fed9b4772b2e","size":23873,"path":"media/images/examples_12_3b17a40d3c0003481150.png","format":"png"},"accuracy":0.902547393364929,"test_accuracy":0.8805,"epoch":9}