{"examples":{"height":600,"_type":"image-file","sha256":"3b17a40d3c0003481150ce3cd5e234db4ef06f1019885019f6a3fed9b4772b2e","size":23873,"path":"media/images/examples_12_3b17a40d3c0003481150.png","format":"png","width":1200},"_runtime":167.2062787,"confusion_matrix":{"path":"media/images/confusion_matrix_11_31a416ad0f614394057d.png","format":"png","width":1000,"height":800,"_type":"image-file","sha256":"31a416ad0f614394057d0ca06b241a1acce65ac5c95eb584089a645687f8d1b7","size":61559},"loss":0.305699676690814,"accuracy":0.8989373518957346,"_step":12,"test_accuracy":0.8766,"epoch":9,"_timestamp":1.7415419659208076e+09,"val_loss":0.3492323938093678,"test_loss":0.3767868324502061,"val_accuracy":0.8825,"_wandb":{"runtime":167}}