{"examples":{"height":600,"_type":"image-file","sha256":"3b17a40d3c0003481150ce3cd5e234db4ef06f1019885019f6a3fed9b4772b2e","size":23873,"path":"media/images/examples_7_3b17a40d3c0003481150.png","format":"png","width":1200},"_wandb":{"runtime":21},"accuracy":0.8504074074074074,"test_loss":0.11326140541459817,"_runtime":21.2852145,"val_loss":0.10808770423535555,"epoch":4,"_timestamp":1.7415633932086716e+09,"loss":0.10716113844344273,"confusion_matrix":{"width":1000,"height":800,"_type":"image-file","sha256":"3859f13fd5930201bf44abdf446d3c6acb6e32c11cc7de9223de2ab3b7e21e30","size":61917,"path":"media/images/confusion_matrix_6_3859f13fd5930201bf44.png","format":"png"},"val_accuracy":0.8488333333333333,"_step":7,"test_accuracy":0.8428}