{"val_accuracy":0.10033333333333333,"confusion_matrix":{"_type":"image-file","sha256":"52078e3460fc88c3d22fb8278017914305fbd3bdfd0183490eb31b83caf1886d","size":44781,"path":"media/images/confusion_matrix_11_52078e3460fc88c3d22f.png","format":"png","width":1000,"height":800},"_wandb":{"runtime":26},"_runtime":26.073653,"epoch":9,"loss":2.4656651727815087,"val_loss":2.465037756513471,"accuracy":0.09996420813586099,"test_loss":2.4649019565421604,"_timestamp":1.741580389584064e+09,"_step":12,"test_accuracy":0.1,"examples":{"format":"png","width":1200,"height":600,"_type":"image-file","sha256":"3b17a40d3c0003481150ce3cd5e234db4ef06f1019885019f6a3fed9b4772b2e","size":23873,"path":"media/images/examples_12_3b17a40d3c0003481150.png"}}