{"val_loss":0.09254198775672531,"_step":12,"examples":{"width":1200,"height":600,"_type":"image-file","sha256":"3b17a40d3c0003481150ce3cd5e234db4ef06f1019885019f6a3fed9b4772b2e","size":23873,"path":"media/images/examples_12_3b17a40d3c0003481150.png","format":"png"},"epoch":9,"_runtime":60.2644497,"_timestamp":1.741550814113316e+09,"test_loss":0.10020270194076504,"accuracy":0.8840898992890995,"_wandb":{"runtime":60},"confusion_matrix":{"path":"media/images/confusion_matrix_11_4ce8cba258331d09572d.png","format":"png","width":1000,"height":800,"_type":"image-file","sha256":"4ce8cba258331d09572d038e01cd94831001d795a01534070c2a65f972680c21","size":61925},"loss":0.08590739229788466,"val_accuracy":0.8725,"test_accuracy":0.8612}