{"val_accuracy":0.8853333333333333,"_wandb":{"runtime":112},"accuracy":0.894327606635071,"loss":0.07803714124598116,"test_accuracy":0.8718,"examples":{"width":1200,"height":600,"_type":"image-file","sha256":"3b17a40d3c0003481150ce3cd5e234db4ef06f1019885019f6a3fed9b4772b2e","size":23873,"path":"media/images/examples_12_3b17a40d3c0003481150.png","format":"png"},"_step":12,"val_loss":0.08426748046787771,"confusion_matrix":{"height":800,"_type":"image-file","sha256":"eb316ae8a39854f3964f54e89a26a9868154824511234a20c720052974b747df","size":61238,"path":"media/images/confusion_matrix_11_eb316ae8a39854f3964f.png","format":"png","width":1000},"_timestamp":1.7415656732797563e+09,"test_loss":0.09163886988944311,"epoch":9,"_runtime":112.7000012}