{"_wandb":{"runtime":220},"epoch":19,"_runtime":220.6618957,"_timestamp":1.7420753550853112e+09,"confusion_matrix":{"_type":"image-file","sha256":"caa25cecc74a3f89555403926141f755bae0938cf2de8b581917a64e3f0afdde","size":62008,"path":"media/images/confusion_matrix_21_caa25cecc74a3f895554.png","format":"png","width":1000,"height":800},"_step":22,"test_loss":0.39797547102366343,"test_accuracy":0.8677,"examples":{"sha256":"75cf3f2d6042056b9d89df460d23ed8f265f2d2a3c6eed2b5cf3bc7f22904ecc","size":29574,"path":"media/images/examples_22_75cf3f2d6042056b9d89.png","format":"png","width":1200,"height":600,"_type":"image-file"},"accuracy":0.8942777777777777,"loss":0.33701406769152953,"val_loss":0.3684547646267595,"val_accuracy":0.8803333333333333}