{"epoch":4,"test_accuracy":0.8492,"loss":0.0955525336338595,"confusion_matrix":{"width":1000,"height":800,"_type":"image-file","sha256":"eb32fd331e4ee31c64ab30eb4e6cf281535f4700c2dd4753e8d2aa9164f24993","size":60548,"path":"media/images/confusion_matrix_6_eb32fd331e4ee31c64ab.png","format":"png"},"_runtime":24.2100487,"val_accuracy":0.859,"_wandb":{"runtime":24},"_timestamp":1.7415486932311804e+09,"examples":{"width":1200,"height":600,"_type":"image-file","sha256":"3b17a40d3c0003481150ce3cd5e234db4ef06f1019885019f6a3fed9b4772b2e","size":23873,"path":"media/images/examples_7_3b17a40d3c0003481150.png","format":"png"},"accuracy":0.8680082444707742,"test_loss":0.11180644213996918,"_step":7,"val_loss":0.10408165141703732}