{"val_accuracy":0.099,"epoch":9,"loss":2.302585982218286,"test_accuracy":0.1,"_timestamp":1.7415373221591299e+09,"_runtime":87.1200348,"confusion_matrix":{"width":1000,"height":800,"_type":"image-file","sha256":"2b3a05ec871c33689ee911aab8ce77044427c04bbb582f962239aca311c9a1be","size":45099,"path":"media/images/confusion_matrix_11_2b3a05ec871c33689ee9.png","format":"png"},"examples":{"path":"media/images/examples_12_3b17a40d3c0003481150.png","format":"png","width":1200,"height":600,"_type":"image-file","sha256":"3b17a40d3c0003481150ce3cd5e234db4ef06f1019885019f6a3fed9b4772b2e","size":23873},"_step":12,"test_loss":2.3025852982720063,"accuracy":0.09900770142180094,"val_loss":2.3025856592158287,"_wandb":{"runtime":87}}