{"confusion_matrix":{"size":63083,"path":"media/images/confusion_matrix_6_5d5c38a3c54e6a1f42fe.png","format":"png","width":1000,"height":800,"_type":"image-file","sha256":"5d5c38a3c54e6a1f42fef8a2f706c3127411aff2f5de3bf9c107194fb9be7977"},"loss":0.12668262677188866,"val_accuracy":0.8308333333333333,"examples":{"path":"media/images/examples_7_3b17a40d3c0003481150.png","format":"png","width":1200,"height":600,"_type":"image-file","sha256":"3b17a40d3c0003481150ce3cd5e234db4ef06f1019885019f6a3fed9b4772b2e","size":23873},"_runtime":124.3126284,"test_accuracy":0.8154,"_wandb":{"runtime":124},"_timestamp":1.7415716849688253e+09,"_step":7,"epoch":4,"test_loss":0.1337412210628163,"val_loss":0.12528743759417504,"accuracy":0.8265370370370371}