{"examples":{"size":23873,"path":"media/images/examples_12_3b17a40d3c0003481150.png","format":"png","width":1200,"height":600,"_type":"image-file","sha256":"3b17a40d3c0003481150ce3cd5e234db4ef06f1019885019f6a3fed9b4772b2e"},"loss":1.6641629644260236,"val_accuracy":0.546,"test_accuracy":0.546,"confusion_matrix":{"size":65986,"path":"media/images/confusion_matrix_11_72bbdef46723fe4012fe.png","format":"png","width":1000,"height":800,"_type":"image-file","sha256":"72bbdef46723fe4012feb60e2d833f27f5e7e0e30870026169ac190dd0b571d9"},"accuracy":0.5406361078199052,"val_loss":1.6265442756141328,"test_loss":1.637072300233814,"epoch":9,"_step":12,"_wandb":{"runtime":34},"_timestamp":1.7415482469291084e+09,"_runtime":34.3607635}