{"loss":0.3708876050650153,"accuracy":0.8764255035545023,"_timestamp":1.7415496647303262e+09,"test_loss":0.40903327130264167,"val_loss":0.3768571690584175,"test_accuracy":0.8654,"confusion_matrix":{"width":1000,"height":800,"_type":"image-file","sha256":"050a8832704b700a5040cfaa7062a585c6cad38df6f853b6a41931d3d05817f9","size":61484,"path":"media/images/confusion_matrix_6_050a8832704b700a5040.png","format":"png"},"_step":7,"_wandb":{"runtime":72},"_runtime":72.5227527,"val_accuracy":0.8733333333333333,"epoch":4,"examples":{"width":1200,"height":600,"_type":"image-file","sha256":"3b17a40d3c0003481150ce3cd5e234db4ef06f1019885019f6a3fed9b4772b2e","size":23873,"path":"media/images/examples_7_3b17a40d3c0003481150.png","format":"png"}}