{"examples":{"width":1200,"height":600,"_type":"image-file","sha256":"3b17a40d3c0003481150ce3cd5e234db4ef06f1019885019f6a3fed9b4772b2e","size":23873,"path":"media/images/examples_12_3b17a40d3c0003481150.png","format":"png"},"_timestamp":1.7415594089549751e+09,"val_loss":0.08833502140010148,"test_accuracy":0.8673,"val_accuracy":0.8773333333333333,"_runtime":86.0267753,"_wandb":{"runtime":86},"epoch":9,"accuracy":0.8883725809636651,"_step":12,"confusion_matrix":{"_type":"image-file","sha256":"7c1918ceba5bdaeb5e91268aef87b69c3c96a35ff2b8e993218704ab3e3a9800","size":61963,"path":"media/images/confusion_matrix_11_7c1918ceba5bdaeb5e91.png","format":"png","width":1000,"height":800},"test_loss":0.0949701469067633,"loss":0.08202527123139969}