{"_step":22,"test_accuracy":0.1,"accuracy":0.0988225710900474,"_timestamp":1.7421179840265484e+09,"test_loss":2.3026929184045306,"examples":{"height":600,"_type":"image-file","sha256":"75cf3f2d6042056b9d89df460d23ed8f265f2d2a3c6eed2b5cf3bc7f22904ecc","size":29574,"path":"media/images/examples_22_75cf3f2d6042056b9d89.png","format":"png","width":1200},"epoch":19,"_runtime":100.9214907,"val_loss":2.30281913903033,"loss":2.3027512102954093,"val_accuracy":0.09833333333333333,"confusion_matrix":{"_type":"image-file","sha256":"678dbf882bb444178ce8d74ee29d67ca68cce3b26ffefff6003501f2be5d4808","size":45059,"path":"media/images/confusion_matrix_21_678dbf882bb444178ce8.png","format":"png","width":1000,"height":800},"_wandb":{"runtime":100}}