{"loss":0.3080574802972396,"test_accuracy":0.8743,"confusion_matrix":{"path":"media/images/confusion_matrix_21_9d02fa90cd3c64ca460b.png","format":"png","width":1000,"height":800,"_type":"image-file","sha256":"9d02fa90cd3c64ca460b40d479d8243f70dc6865481ae1d16cdd4afbce40caa1","size":60698},"examples":{"size":29574,"path":"media/images/examples_22_75cf3f2d6042056b9d89.png","format":"png","width":1200,"height":600,"_type":"image-file","sha256":"75cf3f2d6042056b9d89df460d23ed8f265f2d2a3c6eed2b5cf3bc7f22904ecc"},"_timestamp":1.7421233939717855e+09,"test_loss":0.4341860837804756,"val_accuracy":0.8851666666666667,"epoch":19,"val_loss":0.3959703092777104,"_runtime":1111.8419318,"accuracy":0.9073703703703704,"_step":22,"_wandb":{"runtime":1111}}