{"val_loss":0.4500139571826522,"_timestamp":1.7415280161996212e+09,"examples":{"path":"media/images/examples_12_3b17a40d3c0003481150.png","format":"png","width":1200,"height":600,"_type":"image-file","sha256":"3b17a40d3c0003481150ce3cd5e234db4ef06f1019885019f6a3fed9b4772b2e","size":23873},"epoch":9,"_step":12,"accuracy":0.09893364928909952,"test_loss":0.450011878153641,"_wandb":{"runtime":51},"loss":0.4500201998297468,"val_accuracy":0.10283333333333333,"_runtime":51.2720813,"test_accuracy":0.1,"confusion_matrix":{"sha256":"f48973bcd5afde71a19530ed7e355e7c7695692b6412dec21399dad952c2fc8b","size":45194,"path":"media/images/confusion_matrix_11_f48973bcd5afde71a195.png","format":"png","width":1000,"height":800,"_type":"image-file"}}