{"confusion_matrix":{"path":"media/images/confusion_matrix_6_7fbf14706f98cfe7f056.png","format":"png","width":1000,"height":800,"_type":"image-file","sha256":"7fbf14706f98cfe7f056be14b83b5b823a2c67a3c7bb7c27d3c5fb9999490049","size":60473},"accuracy":0.8778695201421801,"test_accuracy":0.8692,"_wandb":{"runtime":43},"test_loss":0.3937461622311942,"_timestamp":1.7415494920892987e+09,"loss":0.3589164514015153,"examples":{"height":600,"_type":"image-file","sha256":"3b17a40d3c0003481150ce3cd5e234db4ef06f1019885019f6a3fed9b4772b2e","size":23873,"path":"media/images/examples_7_3b17a40d3c0003481150.png","format":"png","width":1200},"epoch":4,"val_loss":0.359435995402432,"_step":7,"val_accuracy":0.8798333333333334,"_runtime":43.0561987}