{"epoch":9,"test_accuracy":0.8712,"accuracy":0.8958518518518519,"val_loss":0.08823162813001834,"_timestamp":1.7415586472592027e+09,"loss":0.07553746264094885,"_wandb":{"runtime":113},"_step":12,"confusion_matrix":{"sha256":"c3315695b4b8b618bd2156e4736e8f8763e4d566ddef691a03c24377ac08b833","size":61044,"path":"media/images/confusion_matrix_11_c3315695b4b8b618bd21.png","format":"png","width":1000,"height":800,"_type":"image-file"},"_runtime":113.9014195,"test_loss":0.09418598766834754,"examples":{"width":1200,"height":600,"_type":"image-file","sha256":"3b17a40d3c0003481150ce3cd5e234db4ef06f1019885019f6a3fed9b4772b2e","size":23873,"path":"media/images/examples_12_3b17a40d3c0003481150.png","format":"png"},"val_accuracy":0.8775}