{"val_loss":0.4499977839063684,"accuracy":0.09956309241706161,"_wandb":{"runtime":102},"loss":0.45000020547182756,"confusion_matrix":{"_type":"image-file","sha256":"f48973bcd5afde71a19530ed7e355e7c7695692b6412dec21399dad952c2fc8b","size":45194,"path":"media/images/confusion_matrix_21_f48973bcd5afde71a195.png","format":"png","width":1000,"height":800},"test_accuracy":0.1,"test_loss":0.4500001910557792,"examples":{"sha256":"75cf3f2d6042056b9d89df460d23ed8f265f2d2a3c6eed2b5cf3bc7f22904ecc","size":29574,"path":"media/images/examples_22_75cf3f2d6042056b9d89.png","format":"png","width":1200,"height":600,"_type":"image-file"},"_timestamp":1.7420670475330193e+09,"epoch":19,"val_accuracy":0.10283333333333333,"_runtime":102.8233425,"_step":22}