{"confusion_matrix":{"format":"png","width":1000,"height":800,"_type":"image-file","sha256":"a9184c2bbd073f6dad6d1712438ad7a1589bfb583c8d7078d3ab05b002fce612","size":60752,"path":"media/images/confusion_matrix_16_a9184c2bbd073f6dad6d.png"},"_timestamp":1.7420723002013419e+09,"_step":17,"loss":0.07533066468841011,"val_loss":0.09299297312133212,"epoch":14,"test_loss":0.0987806792922137,"accuracy":0.8990484300947867,"_runtime":44.9747735,"test_accuracy":0.8656,"_wandb":{"runtime":45},"examples":{"width":1200,"height":600,"_type":"image-file","sha256":"75cf3f2d6042056b9d89df460d23ed8f265f2d2a3c6eed2b5cf3bc7f22904ecc","size":29574,"path":"media/images/examples_17_75cf3f2d6042056b9d89.png","format":"png"},"val_accuracy":0.8728333333333333}