{"_timestamp":1.742071422092742e+09,"_runtime":47.9468179,"accuracy":0.8888518518518519,"val_accuracy":0.8755,"test_accuracy":0.8637,"examples":{"height":600,"_type":"image-file","sha256":"75cf3f2d6042056b9d89df460d23ed8f265f2d2a3c6eed2b5cf3bc7f22904ecc","size":29574,"path":"media/images/examples_12_75cf3f2d6042056b9d89.png","format":"png","width":1200},"confusion_matrix":{"size":61132,"path":"media/images/confusion_matrix_11_68dcf86d6595b9462feb.png","format":"png","width":1000,"height":800,"_type":"image-file","sha256":"68dcf86d6595b9462feb25eb4747de2d73d4fedf7a9d7b631704ca0c9b661064"},"_step":12,"epoch":9,"val_loss":0.3795752369685133,"test_loss":0.40057574054362394,"_wandb":{"runtime":47},"loss":0.3344250889906546}