{"examples":{"height":600,"_type":"image-file","sha256":"3b17a40d3c0003481150ce3cd5e234db4ef06f1019885019f6a3fed9b4772b2e","size":23873,"path":"media/images/examples_12_3b17a40d3c0003481150.png","format":"png","width":1200},"val_accuracy":0.8781666666666667,"_runtime":84.1499339,"test_accuracy":0.8699,"epoch":9,"loss":0.0841552263248458,"test_loss":0.09594755919527719,"confusion_matrix":{"_type":"image-file","sha256":"fbcebbcf2678107df9cbe6b3f6f77861fbeb06153cb0d6d6d730339227037fdd","size":62096,"path":"media/images/confusion_matrix_11_fbcebbcf2678107df9cb.png","format":"png","width":1000,"height":800},"_timestamp":1.7415464933938823e+09,"_step":12,"accuracy":0.8855339158767772,"val_loss":0.08784929955730257,"_wandb":{"runtime":84}}