{"_runtime":345.0872806,"_wandb":{"runtime":345},"_step":12,"examples":{"path":"media/images/examples_12_3b17a40d3c0003481150.png","format":"png","width":1200,"height":600,"_type":"image-file","sha256":"3b17a40d3c0003481150ce3cd5e234db4ef06f1019885019f6a3fed9b4772b2e","size":23873},"epoch":9,"test_loss":0.09266285337477237,"confusion_matrix":{"size":60558,"path":"media/images/confusion_matrix_11_674d0a84f5de10692e6c.png","format":"png","width":1000,"height":800,"_type":"image-file","sha256":"674d0a84f5de10692e6c7a18e68381457540437a2fa1b1f369e60aed9dac80cc"},"val_loss":0.08422402134718085,"accuracy":0.8974444444444445,"val_accuracy":0.884,"loss":0.07565275749931018,"test_accuracy":0.8716,"_timestamp":1.7415566939878986e+09}