{"accuracy":0.0994643562401264,"val_accuracy":0.10033333333333333,"val_loss":0.4500018433210083,"confusion_matrix":{"sha256":"52078e3460fc88c3d22fb8278017914305fbd3bdfd0183490eb31b83caf1886d","size":44781,"path":"media/images/confusion_matrix_16_52078e3460fc88c3d22f.png","format":"png","width":1000,"height":800,"_type":"image-file"},"examples":{"width":1200,"height":600,"_type":"image-file","sha256":"75cf3f2d6042056b9d89df460d23ed8f265f2d2a3c6eed2b5cf3bc7f22904ecc","size":29574,"path":"media/images/examples_17_75cf3f2d6042056b9d89.png","format":"png"},"epoch":14,"loss":0.449999506563911,"_wandb":{"runtime":52},"_timestamp":1.7420647128108675e+09,"test_accuracy":0.1,"_runtime":51.9869454,"_step":17,"test_loss":0.4500001406182848}