{"_timestamp":1.7415638399708366e+09,"test_loss":0.11827245646947152,"val_accuracy":0.8508333333333333,"accuracy":0.8441666666666666,"_step":7,"test_accuracy":0.837,"examples":{"sha256":"3b17a40d3c0003481150ce3cd5e234db4ef06f1019885019f6a3fed9b4772b2e","size":23873,"path":"media/images/examples_7_3b17a40d3c0003481150.png","format":"png","width":1200,"height":600,"_type":"image-file"},"epoch":4,"loss":0.11411937220703651,"_runtime":68.9269398,"_wandb":{"runtime":68},"val_loss":0.10879525115048799,"confusion_matrix":{"size":64493,"path":"media/images/confusion_matrix_6_3e8afc0885659f8b4394.png","format":"png","width":1000,"height":800,"_type":"image-file","sha256":"3e8afc0885659f8b439439816167421525d807fe7bf282932fa092390877d784"}}