{"_wandb":{"runtime":224},"_timestamp":1.7421378716240275e+09,"epoch":19,"val_accuracy":0.8831666666666667,"_step":22,"test_loss":0.3799166503222646,"confusion_matrix":{"height":800,"_type":"image-file","sha256":"7d2c884c04db02f4915c7b32d37b2672782c1a4a3cf486859229d31e44743397","size":61499,"path":"media/images/confusion_matrix_21_7d2c884c04db02f4915c.png","format":"png","width":1000},"_runtime":224.7464619,"accuracy":0.9070645734597157,"test_accuracy":0.8775,"loss":0.2927291941706609,"examples":{"_type":"image-file","sha256":"75cf3f2d6042056b9d89df460d23ed8f265f2d2a3c6eed2b5cf3bc7f22904ecc","size":29574,"path":"media/images/examples_22_75cf3f2d6042056b9d89.png","format":"png","width":1200,"height":600},"val_loss":0.35920156658482477}