{"val_accuracy":0.8661666666666666,"epoch":4,"examples":{"size":23873,"path":"media/images/examples_7_3b17a40d3c0003481150.png","format":"png","width":1200,"height":600,"_type":"image-file","sha256":"3b17a40d3c0003481150ce3cd5e234db4ef06f1019885019f6a3fed9b4772b2e"},"_wandb":{"runtime":80},"loss":0.09468675244356833,"confusion_matrix":{"_type":"image-file","sha256":"d2d949e1a0fa7d1e8164f5b85057bcff74023c5d62c16509d4712e8b4878d6de","size":61392,"path":"media/images/confusion_matrix_6_d2d949e1a0fa7d1e8164.png","format":"png","width":1000,"height":800},"test_loss":0.10262545233387559,"test_accuracy":0.8572,"accuracy":0.8704259259259259,"_step":7,"_timestamp":1.7415707410870275e+09,"val_loss":0.09589898496280529,"_runtime":80.3250239}