{"epoch":4,"val_accuracy":0.8713333333333333,"val_loss":0.37521133068476903,"_timestamp":1.7415513519449224e+09,"_wandb":{"runtime":18},"loss":0.3586676996041998,"test_loss":0.402167934999842,"confusion_matrix":{"width":1000,"height":800,"_type":"image-file","sha256":"3f5c411dbc35a29affa75eb3c01d896a99c91f1f0c0391566cb9270906478e83","size":60678,"path":"media/images/confusion_matrix_6_3f5c411dbc35a29affa7.png","format":"png"},"accuracy":0.877690560821485,"_runtime":18.5300109,"_step":7,"test_accuracy":0.8608,"examples":{"width":1200,"height":600,"_type":"image-file","sha256":"3b17a40d3c0003481150ce3cd5e234db4ef06f1019885019f6a3fed9b4772b2e","size":23873,"path":"media/images/examples_7_3b17a40d3c0003481150.png","format":"png"}}