{"_runtime":14.5155054,"examples":{"format":"png","width":1200,"height":600,"_type":"image-file","sha256":"3b17a40d3c0003481150ce3cd5e234db4ef06f1019885019f6a3fed9b4772b2e","size":23873,"path":"media/images/examples_7_3b17a40d3c0003481150.png"},"loss":0.09400089604702426,"_wandb":{"runtime":14},"_timestamp":1.7415548992364674e+09,"test_accuracy":0.8571,"confusion_matrix":{"height":800,"_type":"image-file","sha256":"70091f1a7fbd49bc19cdf8c0c28d00d4dc3af3524de69f230ad555376906b14a","size":61812,"path":"media/images/confusion_matrix_6_70091f1a7fbd49bc19cd.png","format":"png","width":1000},"epoch":4,"val_loss":0.09263596941116221,"_step":7,"accuracy":0.8702791765402843,"val_accuracy":0.8728333333333333,"test_loss":0.10076173445549669}