{"test_accuracy":0.8578,"accuracy":0.8740064672195893,"confusion_matrix":{"sha256":"015f7ca31d5d434da6530c9bd66170f017aae0c650766600b2ffae6865250fa0","size":63615,"path":"media/images/confusion_matrix_11_015f7ca31d5d434da653.png","format":"png","width":1000,"height":800,"_type":"image-file"},"examples":{"height":600,"_type":"image-file","sha256":"3b17a40d3c0003481150ce3cd5e234db4ef06f1019885019f6a3fed9b4772b2e","size":23873,"path":"media/images/examples_12_3b17a40d3c0003481150.png","format":"png","width":1200},"_runtime":37.476174,"epoch":9,"test_loss":0.4347137082222308,"val_accuracy":0.8671666666666666,"val_loss":0.4012005837304517,"_step":12,"_wandb":{"runtime":37},"loss":0.3909531050263637,"_timestamp":1.7415485103748264e+09}