{"_runtime":72.3926833,"_step":7,"test_loss":0.4500359391230695,"confusion_matrix":{"_type":"image-file","sha256":"91eb09b754bbe0d0ea4dedd12a6ec44170e69fad5ffdc1b05864d80bdbfee956","size":45097,"path":"media/images/confusion_matrix_6_91eb09b754bbe0d0ea4d.png","format":"png","width":1000,"height":800},"examples":{"height":600,"_type":"image-file","sha256":"3b17a40d3c0003481150ce3cd5e234db4ef06f1019885019f6a3fed9b4772b2e","size":23873,"path":"media/images/examples_7_3b17a40d3c0003481150.png","format":"png","width":1200},"test_accuracy":0.1,"val_loss":0.4500744413739826,"_timestamp":1.7415265185938044e+09,"_wandb":{"runtime":72},"val_accuracy":0.09733333333333333,"epoch":4,"loss":0.45003833652090935,"accuracy":0.10122222222222223}