{"confusion_matrix":{"_type":"image-file","sha256":"4ba19bab6a5175fe0b097fe7e6caf78dfddd9ca4dafe6ea49e5a4e735711426c","size":62091,"path":"media/images/confusion_matrix_16_4ba19bab6a5175fe0b09.png","format":"png","width":1000,"height":800},"examples":{"path":"media/images/examples_17_75cf3f2d6042056b9d89.png","format":"png","width":1200,"height":600,"_type":"image-file","sha256":"75cf3f2d6042056b9d89df460d23ed8f265f2d2a3c6eed2b5cf3bc7f22904ecc","size":29574},"_wandb":{"runtime":154},"_timestamp":1.7421122962266622e+09,"_step":17,"test_loss":0.3751999388740732,"accuracy":0.8961233708530806,"_runtime":154.5316012,"epoch":14,"test_accuracy":0.8722,"loss":0.3206126211250275,"val_loss":0.3429310135066455,"val_accuracy":0.882}