{"val_loss":2.3025813966821502,"test_loss":2.302585152275295,"loss":2.3025856972097603,"_runtime":86.0484632,"accuracy":0.10026658767772512,"test_accuracy":0.1,"epoch":9,"val_accuracy":0.10716666666666666,"examples":{"size":23873,"path":"media/images/examples_12_3b17a40d3c0003481150.png","format":"png","width":1200,"height":600,"_type":"image-file","sha256":"3b17a40d3c0003481150ce3cd5e234db4ef06f1019885019f6a3fed9b4772b2e"},"_timestamp":1.7415290265056787e+09,"_step":12,"confusion_matrix":{"height":800,"_type":"image-file","sha256":"40689ad73f6fe48c16dbe358db5cbc1662bc725719d4c4f6ff4d9b886509d8d1","size":45101,"path":"media/images/confusion_matrix_11_40689ad73f6fe48c16db.png","format":"png","width":1000},"_wandb":{"runtime":86}}