{"test_loss":0.35739162574359395,"examples":{"sha256":"75cf3f2d6042056b9d89df460d23ed8f265f2d2a3c6eed2b5cf3bc7f22904ecc","size":29574,"path":"media/images/examples_22_75cf3f2d6042056b9d89.png","format":"png","width":1200,"height":600,"_type":"image-file"},"_runtime":263.8162206,"_timestamp":1.7421452018199189e+09,"confusion_matrix":{"path":"media/images/confusion_matrix_21_76266ac794a348c6a491.png","format":"png","width":1000,"height":800,"_type":"image-file","sha256":"76266ac794a348c6a491c0e4c06c18b1c1e4500d152ebcd6d994a85a53a7fc05","size":61189},"val_accuracy":0.889,"test_accuracy":0.8787,"_step":22,"loss":0.2767098891721919,"epoch":19,"_wandb":{"runtime":263},"accuracy":0.9119149881516587,"val_loss":0.32505286782065596}