{"_wandb":{"runtime":140},"epoch":14,"test_loss":0.8116189702980088,"accuracy":0.7785039000789888,"_runtime":140.1560211,"_timestamp":1.7421213217040672e+09,"confusion_matrix":{"_type":"image-file","sha256":"47dc454865aa7db335375d4035c8db36a0bd1637e74636dc123e3f059f64cf3c","size":65286,"path":"media/images/confusion_matrix_16_47dc454865aa7db33537.png","format":"png","width":1000,"height":800},"examples":{"width":1200,"height":600,"_type":"image-file","sha256":"75cf3f2d6042056b9d89df460d23ed8f265f2d2a3c6eed2b5cf3bc7f22904ecc","size":29574,"path":"media/images/examples_17_75cf3f2d6042056b9d89.png","format":"png"},"val_accuracy":0.7855,"loss":0.7838881595163725,"test_accuracy":0.7704,"val_loss":0.7859871715121547,"_step":17}