{"test_loss":0.6211065082451483,"confusion_matrix":{"path":"media/images/confusion_matrix_6_0f8589ae4d8b09e2dfab.png","format":"png","width":1000,"height":800,"_type":"image-file","sha256":"0f8589ae4d8b09e2dfab37738c5425197a21305dc230433ee02e4bc076e93819","size":62235},"examples":{"sha256":"3b17a40d3c0003481150ce3cd5e234db4ef06f1019885019f6a3fed9b4772b2e","size":23873,"path":"media/images/examples_7_3b17a40d3c0003481150.png","format":"png","width":1200,"height":600,"_type":"image-file"},"accuracy":0.8457962962962963,"_timestamp":1.7415550024605548e+09,"loss":0.598077184865554,"_runtime":52.5607841,"test_accuracy":0.8388,"val_loss":0.6148493439465662,"_wandb":{"runtime":52},"_step":7,"epoch":4,"val_accuracy":0.8521666666666666}