{"confusion_matrix":{"path":"media/images/confusion_matrix_6_b50bbbffe5cbf0249ce3.png","format":"png","width":1000,"height":800,"_type":"image-file","sha256":"b50bbbffe5cbf0249ce3c856bc6d56edceb75114dff8ea319f3cdc1e979017c7","size":63451},"_step":7,"test_loss":0.4795647852483236,"epoch":4,"test_accuracy":0.837,"examples":{"sha256":"3b17a40d3c0003481150ce3cd5e234db4ef06f1019885019f6a3fed9b4772b2e","size":23873,"path":"media/images/examples_7_3b17a40d3c0003481150.png","format":"png","width":1200,"height":600,"_type":"image-file"},"_timestamp":1.741564015602918e+09,"_runtime":15.1547052,"loss":0.4615041548876144,"_wandb":{"runtime":15},"accuracy":0.8453914889415481,"val_accuracy":0.848,"val_loss":0.44779327704648675}