{"test_accuracy":0.1,"confusion_matrix":{"_type":"image-file","sha256":"24a617a8756e9b2d61681d6508f31a83b306fcb5703888b5b2a122aba43d688d","size":44800,"path":"media/images/confusion_matrix_11_24a617a8756e9b2d6168.png","format":"png","width":1000,"height":800},"examples":{"width":1200,"height":600,"_type":"image-file","sha256":"3b17a40d3c0003481150ce3cd5e234db4ef06f1019885019f6a3fed9b4772b2e","size":23873,"path":"media/images/examples_12_3b17a40d3c0003481150.png","format":"png"},"loss":0.4500017421099508,"val_loss":0.45001391266394913,"val_accuracy":0.09333333333333334,"_timestamp":1.7415782978471754e+09,"_runtime":1347.7900261,"test_loss":0.45000071237758477,"_step":12,"accuracy":0.10028510071090048,"epoch":9,"_wandb":{"runtime":1347}}