{"_wandb":{"runtime":615},"val_loss":0.08202973393652559,"test_accuracy":0.8781,"accuracy":0.9234300947867299,"val_accuracy":0.8898333333333334,"_timestamp":1.7421100266848645e+09,"_step":22,"loss":0.05668908849324924,"test_loss":0.09165471720119925,"examples":{"height":600,"_type":"image-file","sha256":"75cf3f2d6042056b9d89df460d23ed8f265f2d2a3c6eed2b5cf3bc7f22904ecc","size":29574,"path":"media/images/examples_22_75cf3f2d6042056b9d89.png","format":"png","width":1200},"_runtime":615.3568072,"epoch":19,"confusion_matrix":{"size":60175,"path":"media/images/confusion_matrix_21_d21baf8131e2a2d8ed13.png","format":"png","width":1000,"height":800,"_type":"image-file","sha256":"d21baf8131e2a2d8ed1383610db798f40252640ea72adaf5e67fe8004396de50"}}