{"test_accuracy":0.8323,"confusion_matrix":{"size":63252,"path":"media/images/confusion_matrix_6_a2608e58ae4f82067881.png","format":"png","width":1000,"height":800,"_type":"image-file","sha256":"a2608e58ae4f82067881b0e5c47d079603155e9f5d320194eefbf672a65e91fb"},"val_accuracy":0.8376666666666667,"_timestamp":1.7415545634880102e+09,"accuracy":0.846462962962963,"epoch":4,"_step":7,"loss":0.4663527369701893,"test_loss":0.5057300941952354,"val_loss":0.47956722101416677,"_runtime":67.9331482,"_wandb":{"runtime":67},"examples":{"sha256":"3b17a40d3c0003481150ce3cd5e234db4ef06f1019885019f6a3fed9b4772b2e","size":23873,"path":"media/images/examples_7_3b17a40d3c0003481150.png","format":"png","width":1200,"height":600,"_type":"image-file"}}