{"test_loss":0.4463507723734679,"_wandb":{"runtime":21},"confusion_matrix":{"size":61591,"path":"media/images/confusion_matrix_6_d49d706a066eccf10908.png","format":"png","width":1000,"height":800,"_type":"image-file","sha256":"d49d706a066eccf1090823aba61635b71e4b036b632ffc849d620b81071718c4"},"loss":0.3909290724524774,"val_accuracy":0.8641666666666666,"examples":{"height":600,"_type":"image-file","sha256":"3b17a40d3c0003481150ce3cd5e234db4ef06f1019885019f6a3fed9b4772b2e","size":23873,"path":"media/images/examples_7_3b17a40d3c0003481150.png","format":"png","width":1200},"val_loss":0.4069428437521481,"_timestamp":1.7415510830995824e+09,"_step":7,"_runtime":21.4466512,"epoch":4,"test_accuracy":0.8459,"accuracy":0.87}