{"val_accuracy":0.8908333333333334,"confusion_matrix":{"size":61310,"path":"media/images/confusion_matrix_16_f5ef1e2af01d8f4a3496.png","format":"png","width":1000,"height":800,"_type":"image-file","sha256":"f5ef1e2af01d8f4a34969fcd8c41c2def460e8aee46395cc8a135d9bed630556"},"loss":0.0678751747186075,"_wandb":{"runtime":316},"epoch":14,"accuracy":0.9082222222222223,"_step":17,"val_loss":0.07989092534287541,"test_loss":0.0855034888668057,"test_accuracy":0.8821,"_runtime":316.0550169,"examples":{"format":"png","width":1200,"height":600,"_type":"image-file","sha256":"75cf3f2d6042056b9d89df460d23ed8f265f2d2a3c6eed2b5cf3bc7f22904ecc","size":29574,"path":"media/images/examples_17_75cf3f2d6042056b9d89.png"},"_timestamp":1.7420728286411936e+09}