{"_runtime":220.8582731,"_step":22,"confusion_matrix":{"width":1000,"height":800,"_type":"image-file","sha256":"072a08328ac8fda4bfbe97380694e528ee911e263622d7a9d0583be60ab05220","size":61381,"path":"media/images/confusion_matrix_21_072a08328ac8fda4bfbe.png","format":"png"},"examples":{"sha256":"75cf3f2d6042056b9d89df460d23ed8f265f2d2a3c6eed2b5cf3bc7f22904ecc","size":29574,"path":"media/images/examples_22_75cf3f2d6042056b9d89.png","format":"png","width":1200,"height":600,"_type":"image-file"},"_timestamp":1.742121880211189e+09,"accuracy":0.8974444444444445,"val_accuracy":0.8783333333333333,"test_loss":0.39383767001064945,"_wandb":{"runtime":220},"epoch":19,"test_accuracy":0.866,"val_loss":0.3540142154313915,"loss":0.31929547274030007}