{"val_loss":0.0955420992297237,"test_loss":0.10097063313652337,"examples":{"format":"png","width":1200,"height":600,"_type":"image-file","sha256":"75cf3f2d6042056b9d89df460d23ed8f265f2d2a3c6eed2b5cf3bc7f22904ecc","size":29574,"path":"media/images/examples_22_75cf3f2d6042056b9d89.png"},"_wandb":{"runtime":279},"_timestamp":1.7420740177052727e+09,"loss":0.08760231024930307,"_runtime":279.4227413,"test_accuracy":0.8586,"accuracy":0.8799614928909952,"_step":22,"confusion_matrix":{"format":"png","width":1000,"height":800,"_type":"image-file","sha256":"8f5b918191a572cb92aa34542110054d4f624c5dadfbc927a3cbbb07f813a86f","size":62155,"path":"media/images/confusion_matrix_21_8f5b918191a572cb92aa.png"},"val_accuracy":0.869,"epoch":19}