{"accuracy":0.8474834616903633,"val_accuracy":0.8541666666666666,"_step":7,"test_accuracy":0.8443,"test_loss":0.11536314238972384,"examples":{"size":23873,"path":"media/images/examples_7_3b17a40d3c0003481150.png","format":"png","width":1200,"height":600,"_type":"image-file","sha256":"3b17a40d3c0003481150ce3cd5e234db4ef06f1019885019f6a3fed9b4772b2e"},"_runtime":40.5649204,"_wandb":{"runtime":40},"loss":0.11221913682360624,"confusion_matrix":{"height":800,"_type":"image-file","sha256":"ac1eb06643a351ddcc3f6b1ad838d7ef0467521aa82ad0de86d42bb7c85d4e69","size":61805,"path":"media/images/confusion_matrix_6_ac1eb06643a351ddcc3f.png","format":"png","width":1000},"val_loss":0.10873437907388883,"epoch":4,"_timestamp":1.741570844013062e+09}