{"epoch":9,"_runtime":26.536052,"test_accuracy":0.8604,"confusion_matrix":{"height":800,"_type":"image-file","sha256":"9d8d3a7fd166a178e22550b38c5a020bd91d8481adccfd21013de6ed6ae61070","size":61902,"path":"media/images/confusion_matrix_11_9d8d3a7fd166a178e225.png","format":"png","width":1000},"loss":0.3848135173493763,"accuracy":0.8762959123222749,"test_loss":0.4253213476250121,"_wandb":{"runtime":26},"_timestamp":1.7421109346103778e+09,"_step":12,"examples":{"sha256":"75cf3f2d6042056b9d89df460d23ed8f265f2d2a3c6eed2b5cf3bc7f22904ecc","size":29574,"path":"media/images/examples_12_75cf3f2d6042056b9d89.png","format":"png","width":1200,"height":600,"_type":"image-file"},"val_accuracy":0.8693333333333333,"val_loss":0.39411848793733845}