{"confusion_matrix":{"path":"media/images/confusion_matrix_21_8ef0ea37daa08d9ddb59.png","format":"png","width":1000,"height":800,"_type":"image-file","sha256":"8ef0ea37daa08d9ddb5941d28ae1f27ecabfcfda90a70d3ef9212302a06946ff","size":60993},"val_accuracy":0.887,"loss":0.07162890042696934,"epoch":19,"test_loss":0.08935578698229306,"val_loss":0.08247273499702973,"_timestamp":1.7420735536351197e+09,"_runtime":187.2180973,"_wandb":{"runtime":187},"accuracy":0.9031027843601895,"test_accuracy":0.8754,"_step":22,"examples":{"height":600,"_type":"image-file","sha256":"75cf3f2d6042056b9d89df460d23ed8f265f2d2a3c6eed2b5cf3bc7f22904ecc","size":29574,"path":"media/images/examples_22_75cf3f2d6042056b9d89.png","format":"png","width":1200}}