{"val_loss":0.3441677670920513,"_timestamp":1.7415608021628482e+09,"test_loss":0.3879801264237326,"test_accuracy":0.8715,"examples":{"path":"media/images/examples_12_3b17a40d3c0003481150.png","format":"png","width":1200,"height":600,"_type":"image-file","sha256":"3b17a40d3c0003481150ce3cd5e234db4ef06f1019885019f6a3fed9b4772b2e","size":23873},"_runtime":85.4964263,"epoch":9,"loss":0.3246737496281749,"confusion_matrix":{"width":1000,"height":800,"_type":"image-file","sha256":"58ff9f0466a25d54f02da5def5ba11b2b4b700904391f1824a3523b265752b25","size":60119,"path":"media/images/confusion_matrix_11_58ff9f0466a25d54f02d.png","format":"png"},"_wandb":{"runtime":85},"accuracy":0.8927910248815166,"val_accuracy":0.8808333333333334,"_step":12}