{"_timestamp":1.7415468853600576e+09,"epoch":9,"_runtime":85.4726276,"_step":12,"test_accuracy":0.8672,"_wandb":{"runtime":85},"loss":0.07882391193410165,"val_loss":0.08802386137205709,"examples":{"_type":"image-file","sha256":"3b17a40d3c0003481150ce3cd5e234db4ef06f1019885019f6a3fed9b4772b2e","size":23873,"path":"media/images/examples_12_3b17a40d3c0003481150.png","format":"png","width":1200,"height":600},"accuracy":0.8923590541074249,"confusion_matrix":{"sha256":"e94329adc17fcea1a9dc3fded65681c6570bfeb6d43123ca5a5b7818a5e28c04","size":61272,"path":"media/images/confusion_matrix_11_e94329adc17fcea1a9dc.png","format":"png","width":1000,"height":800,"_type":"image-file"},"val_accuracy":0.8795,"test_loss":0.09683749426508798}