{"val_loss":2.302605988561815,"accuracy":0.10184019549763033,"val_accuracy":0.102,"test_loss":2.30286404923465,"loss":2.3027796473566764,"examples":{"size":29574,"path":"media/images/examples_12_75cf3f2d6042056b9d89.png","format":"png","width":1200,"height":600,"_type":"image-file","sha256":"75cf3f2d6042056b9d89df460d23ed8f265f2d2a3c6eed2b5cf3bc7f22904ecc"},"_wandb":{"runtime":97},"epoch":9,"_runtime":97.0699558,"confusion_matrix":{"width":1000,"height":800,"_type":"image-file","sha256":"3ef7f6662e931db033869ffed0cbb0de5417f0cd712e3c31b12b58e814e01d4a","size":45130,"path":"media/images/confusion_matrix_11_3ef7f6662e931db03386.png","format":"png"},"_step":12,"test_accuracy":0.1,"_timestamp":1.7420666397835288e+09}