{"examples":{"path":"media/images/examples_7_3b17a40d3c0003481150.png","format":"png","width":1200,"height":600,"_type":"image-file","sha256":"3b17a40d3c0003481150ce3cd5e234db4ef06f1019885019f6a3fed9b4772b2e","size":23873},"_wandb":{"runtime":18},"epoch":4,"val_loss":0.10926147962871277,"test_accuracy":0.8362,"_timestamp":1.7415278824416397e+09,"val_accuracy":0.8495,"confusion_matrix":{"size":63156,"path":"media/images/confusion_matrix_6_129bff1fdb1deadf393e.png","format":"png","width":1000,"height":800,"_type":"image-file","sha256":"129bff1fdb1deadf393ec610a162b3f6f13dee6785b470f31179bdca482bf228"},"loss":0.11431030238583233,"accuracy":0.8436296296296296,"_runtime":18.1065396,"_step":7,"test_loss":0.11812310865470058}