{"_timestamp":1.7421198866202304e+09,"_runtime":160.6817315,"confusion_matrix":{"_type":"image-file","sha256":"95f0a47083e49f852eda6056f12bc7251e186e1d54443c89d4e343c722d99025","size":62686,"path":"media/images/confusion_matrix_21_95f0a47083e49f852eda.png","format":"png","width":1000,"height":800},"val_loss":0.5645194939070816,"_wandb":{"runtime":160},"loss":0.5349788492730159,"val_accuracy":0.8441666666666666,"epoch":19,"_step":22,"examples":{"width":1200,"height":600,"_type":"image-file","sha256":"75cf3f2d6042056b9d89df460d23ed8f265f2d2a3c6eed2b5cf3bc7f22904ecc","size":29574,"path":"media/images/examples_22_75cf3f2d6042056b9d89.png","format":"png"},"test_accuracy":0.8332,"test_loss":0.5757471397802578,"accuracy":0.8474094095576619}