{"loss":0.5787530802353664,"confusion_matrix":{"size":62270,"path":"media/images/confusion_matrix_16_8cd46af775f5490dfcdf.png","format":"png","width":1000,"height":800,"_type":"image-file","sha256":"8cd46af775f5490dfcdfed9f561e1c4501055fb6207b2b2e6b16bf21118f0a0e"},"examples":{"sha256":"75cf3f2d6042056b9d89df460d23ed8f265f2d2a3c6eed2b5cf3bc7f22904ecc","size":29574,"path":"media/images/examples_17_75cf3f2d6042056b9d89.png","format":"png","width":1200,"height":600,"_type":"image-file"},"_runtime":357.629873,"test_loss":0.6399597813486816,"val_accuracy":0.8478333333333333,"_timestamp":1.7421254801627877e+09,"_wandb":{"runtime":357},"_step":17,"test_accuracy":0.8362,"epoch":14,"accuracy":0.8534444444444444,"val_loss":0.6107691092748809}