{"val_accuracy":0.8716666666666667,"examples":{"format":"png","width":1200,"height":600,"_type":"image-file","sha256":"75cf3f2d6042056b9d89df460d23ed8f265f2d2a3c6eed2b5cf3bc7f22904ecc","size":29574,"path":"media/images/examples_17_75cf3f2d6042056b9d89.png"},"test_loss":0.5652743829574248,"_step":17,"accuracy":0.886922393364929,"test_accuracy":0.8624,"epoch":14,"val_loss":0.5320297398347446,"loss":0.4810293350095207,"_timestamp":1.7421340283468616e+09,"_runtime":184.2434643,"_wandb":{"runtime":184},"confusion_matrix":{"width":1000,"height":800,"_type":"image-file","sha256":"69cd83bc9cf9c5fa051ee9a28e164e0d301eab5f454fc4ed01fea40fac8ab7a8","size":61035,"path":"media/images/confusion_matrix_16_69cd83bc9cf9c5fa051e.png","format":"png"}}