{"val_loss":0.08870341811368761,"_timestamp":1.7415488478204637e+09,"_step":12,"loss":0.08134207629598209,"val_accuracy":0.8808333333333334,"test_accuracy":0.8667,"confusion_matrix":{"path":"media/images/confusion_matrix_11_f6c1797b38b23d5abe0a.png","format":"png","width":1000,"height":800,"_type":"image-file","sha256":"f6c1797b38b23d5abe0a4ca4996ab0f98280c8b8f720ea7a3e5be19d0a5aac43","size":61495},"_wandb":{"runtime":45},"accuracy":0.8888168937598737,"examples":{"sha256":"3b17a40d3c0003481150ce3cd5e234db4ef06f1019885019f6a3fed9b4772b2e","size":23873,"path":"media/images/examples_12_3b17a40d3c0003481150.png","format":"png","width":1200,"height":600,"_type":"image-file"},"_runtime":45.27639,"epoch":9,"test_loss":0.0965912777545339}