{"_step":12,"epoch":9,"val_loss":0.09267897868750986,"_runtime":28.1864776,"test_loss":0.09936910578247454,"confusion_matrix":{"width":1000,"height":800,"_type":"image-file","sha256":"fce4e1921692387b23c046dce893c626445ed3ee46cfcf3a3535330982ccbf6e","size":63014,"path":"media/images/confusion_matrix_11_fce4e1921692387b23c0.png","format":"png"},"examples":{"sha256":"3b17a40d3c0003481150ce3cd5e234db4ef06f1019885019f6a3fed9b4772b2e","size":23873,"path":"media/images/examples_12_3b17a40d3c0003481150.png","format":"png","width":1200,"height":600,"_type":"image-file"},"loss":0.08641335289831731,"_wandb":{"runtime":28},"accuracy":0.8825348045023697,"_timestamp":1.741551320544426e+09,"test_accuracy":0.8628,"val_accuracy":0.872}