{"accuracy":0.09787840639810426,"_timestamp":1.742117876600501e+09,"confusion_matrix":{"format":"png","width":1000,"height":800,"_type":"image-file","sha256":"2b3a05ec871c33689ee911aab8ce77044427c04bbb582f962239aca311c9a1be","size":45099,"path":"media/images/confusion_matrix_21_2b3a05ec871c33689ee9.png"},"val_accuracy":0.099,"_runtime":73.5904927,"epoch":19,"examples":{"size":29574,"path":"media/images/examples_22_75cf3f2d6042056b9d89.png","format":"png","width":1200,"height":600,"_type":"image-file","sha256":"75cf3f2d6042056b9d89df460d23ed8f265f2d2a3c6eed2b5cf3bc7f22904ecc"},"loss":2.302593781857187,"val_loss":2.302572425223543,"_step":22,"test_accuracy":0.1,"_wandb":{"runtime":73},"test_loss":2.3025871472913435}