{"test_accuracy":0.8719,"val_accuracy":0.8821666666666667,"_step":12,"loss":0.3329981120670028,"_timestamp":1.7415574979443424e+09,"confusion_matrix":{"sha256":"0b0da10d7808aa077d908568fc90c40175cf48ee5791c96e0fbe32f90ffdf289","size":62424,"path":"media/images/confusion_matrix_11_0b0da10d7808aa077d90.png","format":"png","width":1000,"height":800,"_type":"image-file"},"_wandb":{"runtime":93},"test_loss":0.38053813513073403,"epoch":9,"accuracy":0.8904892377567141,"val_loss":0.3481667634819104,"_runtime":93.4496555,"examples":{"sha256":"3b17a40d3c0003481150ce3cd5e234db4ef06f1019885019f6a3fed9b4772b2e","size":23873,"path":"media/images/examples_12_3b17a40d3c0003481150.png","format":"png","width":1200,"height":600,"_type":"image-file"}}