{"accuracy":0.8910816548183254,"test_loss":0.09416319117737726,"confusion_matrix":{"size":59673,"path":"media/images/confusion_matrix_11_5ec6a972650d4d7cf39a.png","format":"png","width":1000,"height":800,"_type":"image-file","sha256":"5ec6a972650d4d7cf39a5ba4786e694c763549dd21264ee57326ba2aa1898912"},"val_loss":0.08427281955543549,"test_accuracy":0.8706,"examples":{"sha256":"75cf3f2d6042056b9d89df460d23ed8f265f2d2a3c6eed2b5cf3bc7f22904ecc","size":29574,"path":"media/images/examples_12_75cf3f2d6042056b9d89.png","format":"png","width":1200,"height":600,"_type":"image-file"},"_runtime":132.418755,"epoch":9,"_step":12,"_timestamp":1.7420738692621243e+09,"loss":0.08016015106886104,"val_accuracy":0.884,"_wandb":{"runtime":132}}