{"test_accuracy":0.8808,"_step":22,"accuracy":0.907537037037037,"val_loss":0.3752629056390926,"confusion_matrix":{"_type":"image-file","sha256":"e81d68accb3643792d9e38f58588c635677fd19d847fb43ae2ad3464be54a02d","size":61867,"path":"media/images/confusion_matrix_21_e81d68accb3643792d9e.png","format":"png","width":1000,"height":800},"val_accuracy":0.8863333333333333,"loss":0.3128805241536078,"_timestamp":1.7421315768216443e+09,"_wandb":{"runtime":1318},"epoch":19,"_runtime":1318.8715102,"test_loss":0.3988225372332267,"examples":{"size":29574,"path":"media/images/examples_22_75cf3f2d6042056b9d89.png","format":"png","width":1200,"height":600,"_type":"image-file","sha256":"75cf3f2d6042056b9d89df460d23ed8f265f2d2a3c6eed2b5cf3bc7f22904ecc"}}