{"epoch":4,"test_loss":0.11804661829381007,"accuracy":0.848489336492891,"_timestamp":1.7415540005530431e+09,"confusion_matrix":{"width":1000,"height":800,"_type":"image-file","sha256":"aec7e0d4fd45726d4c08bf77621b2dda9e55fc02e7384abc66c6d0d6e4e85150","size":63908,"path":"media/images/confusion_matrix_6_aec7e0d4fd45726d4c08.png","format":"png"},"_wandb":{"runtime":14},"val_loss":0.10915116392868444,"val_accuracy":0.8491666666666666,"_runtime":14.9247391,"test_accuracy":0.8378,"loss":0.11109795649235135,"examples":{"size":23873,"path":"media/images/examples_7_3b17a40d3c0003481150.png","format":"png","width":1200,"height":600,"_type":"image-file","sha256":"3b17a40d3c0003481150ce3cd5e234db4ef06f1019885019f6a3fed9b4772b2e"},"_step":7}