{"epoch":14,"loss":0.06261709562502084,"_timestamp":1.7420757458499837e+09,"accuracy":0.91458086492891,"val_loss":0.08452321849602121,"_wandb":{"runtime":305},"examples":{"path":"media/images/examples_17_75cf3f2d6042056b9d89.png","format":"png","width":1200,"height":600,"_type":"image-file","sha256":"75cf3f2d6042056b9d89df460d23ed8f265f2d2a3c6eed2b5cf3bc7f22904ecc","size":29574},"test_accuracy":0.8781,"val_accuracy":0.8883333333333333,"confusion_matrix":{"_type":"image-file","sha256":"cc334299035f2a7170297ff4642faa37947bf380ef4fb95f905ed5c79f2e823b","size":60048,"path":"media/images/confusion_matrix_16_cc334299035f2a717029.png","format":"png","width":1000,"height":800},"test_loss":0.09146213512465627,"_runtime":305.4932115,"_step":17}