{"val_loss":0.34650763191406836,"_runtime":212.705165,"predictions":{"width":2250,"height":900,"_type":"image-file","sha256":"4999f67d9df3c31b39210cec36a269b1df287f75033e881ebadb86f30b72946f","size":52879,"path":"media/images/predictions_22_4999f67d9df3c31b3921.png","format":"png"},"_timestamp":1.7422160524149866e+09,"loss":0.25456588543797165,"accuracy":0.9206839948657187,"val_accuracy":0.886,"epoch":19,"_step":22,"test_loss":0.38431496988687586,"test_accuracy":0.8765,"confusion_matrix":{"path":"media/images/confusion_matrix_21_ec72bffc82cfda8e63b0.png","format":"png","width":4447,"height":4163,"_type":"image-file","sha256":"ec72bffc82cfda8e63b024100098ecbde1d107173f3c2760d87877c8b13078b2","size":401224},"_wandb":{"runtime":212}}