{"val_accuracy":0.8716666666666667,"test_loss":0.09982897553448314,"val_loss":0.0914247720202528,"_timestamp":1.7415672893573694e+09,"loss":0.08608671878093999,"accuracy":0.8817572571090048,"confusion_matrix":{"size":59012,"path":"media/images/confusion_matrix_6_01eb6eb134e5f47fb081.png","format":"png","width":1000,"height":800,"_type":"image-file","sha256":"01eb6eb134e5f47fb0813befa49e2b9af790553636a7eb8f6d4f573ef57101ec"},"_wandb":{"runtime":21},"epoch":4,"test_accuracy":0.8619,"_step":7,"_runtime":21.9394383,"examples":{"path":"media/images/examples_7_3b17a40d3c0003481150.png","format":"png","width":1200,"height":600,"_type":"image-file","sha256":"3b17a40d3c0003481150ce3cd5e234db4ef06f1019885019f6a3fed9b4772b2e","size":23873}}