{"val_accuracy":0.8378333333333333,"test_loss":0.12626719425972896,"epoch":9,"accuracy":0.8579444444444444,"_timestamp":1.741528292322555e+09,"_wandb":{"runtime":46},"loss":0.10353094885384398,"val_loss":0.11834978874865797,"examples":{"_type":"image-file","sha256":"3b17a40d3c0003481150ce3cd5e234db4ef06f1019885019f6a3fed9b4772b2e","size":23873,"path":"media/images/examples_12_3b17a40d3c0003481150.png","format":"png","width":1200,"height":600},"_runtime":46.169263,"confusion_matrix":{"size":60628,"path":"media/images/confusion_matrix_11_356d4a0a5686a71f1348.png","format":"png","width":1000,"height":800,"_type":"image-file","sha256":"356d4a0a5686a71f1348f684461d98dce82b53a239f8dbd54c29a1c0931e0a29"},"_step":12,"test_accuracy":0.8277}