{"test_accuracy":0.8745,"val_loss":0.3711704919364257,"predictions":{"width":2250,"height":900,"_type":"image-file","sha256":"9e666434c72efdff73ded2b930b33685823b9373dd18320bf027148a7320e759","size":54359,"path":"media/images/predictions_22_9e666434c72efdff73de.png","format":"png"},"_wandb":{"runtime":207},"test_loss":0.3855372274660226,"confusion_matrix":{"format":"png","width":4447,"height":4163,"_type":"image-file","sha256":"85fd17673f6c30ee078e9d6070a93807c10a50b3891e304166effb181ca5a1f7","size":400013,"path":"media/images/confusion_matrix_21_85fd17673f6c30ee078e.png"},"loss":0.25476328567841644,"_step":22,"val_accuracy":0.8796666666666667,"_runtime":206.9158091,"_timestamp":1.742224594721269e+09,"epoch":19,"accuracy":0.9220231042654028}