{"val_accuracy":0.09333333333333334,"loss":0.4500001584438077,"val_loss":0.45000049037896317,"_timestamp":1.7420681140714936e+09,"_wandb":{"runtime":57},"epoch":9,"confusion_matrix":{"sha256":"24a617a8756e9b2d61681d6508f31a83b306fcb5703888b5b2a122aba43d688d","size":44800,"path":"media/images/confusion_matrix_11_24a617a8756e9b2d6168.png","format":"png","width":1000,"height":800,"_type":"image-file"},"examples":{"_type":"image-file","sha256":"75cf3f2d6042056b9d89df460d23ed8f265f2d2a3c6eed2b5cf3bc7f22904ecc","size":29574,"path":"media/images/examples_12_75cf3f2d6042056b9d89.png","format":"png","width":1200,"height":600},"test_accuracy":0.1,"test_loss":0.4500000065947821,"accuracy":0.09871149289099526,"_runtime":57.8010307,"_step":12}