{"val_loss":0.34698048913466967,"test_accuracy":0.8748,"examples":{"_type":"image-file","sha256":"3b17a40d3c0003481150ce3cd5e234db4ef06f1019885019f6a3fed9b4772b2e","size":23873,"path":"media/images/examples_12_3b17a40d3c0003481150.png","format":"png","width":1200,"height":600},"_runtime":102.7359465,"_timestamp":1.7415644272180307e+09,"loss":0.3126948712378944,"accuracy":0.8957531101895735,"val_accuracy":0.8843333333333333,"confusion_matrix":{"_type":"image-file","sha256":"e840d07d368724d8091069f835c74cd1e8e0b8cbaa4c709b2ba2275fc17fa978","size":62334,"path":"media/images/confusion_matrix_11_e840d07d368724d80910.png","format":"png","width":1000,"height":800},"_step":12,"_wandb":{"runtime":102},"epoch":9,"test_loss":0.3712457251351578}