{"examples":{"sha256":"3b17a40d3c0003481150ce3cd5e234db4ef06f1019885019f6a3fed9b4772b2e","size":23873,"path":"media/images/examples_7_3b17a40d3c0003481150.png","format":"png","width":1200,"height":600,"_type":"image-file"},"_wandb":{"runtime":31},"val_accuracy":0.86,"_step":7,"_timestamp":1.7415265572460382e+09,"_runtime":31.1789233,"loss":0.42465940270292296,"confusion_matrix":{"_type":"image-file","sha256":"11bc73d2cfcf2547f9893e3e62fef3e2414f022298af49297e3eb5ac8f744dc4","size":63353,"path":"media/images/confusion_matrix_6_11bc73d2cfcf2547f989.png","format":"png","width":1000,"height":800},"test_accuracy":0.8486,"accuracy":0.8561481481481481,"test_loss":0.4558058071859153,"val_loss":0.4166507501050861,"epoch":4}