{"confusion_matrix":{"format":"png","width":1000,"height":800,"_type":"image-file","sha256":"2879189d52c9c21605a236813207eb434af308bbb641716c0d9beee0dbf3f7b7","size":60729,"path":"media/images/confusion_matrix_6_2879189d52c9c21605a2.png"},"val_loss":0.38926000685460344,"_timestamp":1.7415808726198218e+09,"_runtime":67.3896788,"loss":0.4028458445635511,"accuracy":0.38981481481481484,"_wandb":{"runtime":67},"_step":7,"epoch":4,"test_loss":0.39052974374521615,"test_accuracy":0.4215,"val_accuracy":0.43966666666666665,"examples":{"path":"media/images/examples_7_3b17a40d3c0003481150.png","format":"png","width":1200,"height":600,"_type":"image-file","sha256":"3b17a40d3c0003481150ce3cd5e234db4ef06f1019885019f6a3fed9b4772b2e","size":23873}}