{"_runtime":314.8167091,"confusion_matrix":{"_type":"image-file","sha256":"4c303333dd34d0f64ed9b01e8c8b4610e5b73752e812e7bb83c0786e45ad53fe","size":60922,"path":"media/images/confusion_matrix_21_4c303333dd34d0f64ed9.png","format":"png","width":1000,"height":800},"examples":{"height":600,"_type":"image-file","sha256":"75cf3f2d6042056b9d89df460d23ed8f265f2d2a3c6eed2b5cf3bc7f22904ecc","size":29574,"path":"media/images/examples_22_75cf3f2d6042056b9d89.png","format":"png","width":1200},"test_loss":0.3599326515983766,"loss":0.2795339160385202,"_timestamp":1.7421141267977428e+09,"_step":22,"_wandb":{"runtime":314},"val_accuracy":0.8903333333333333,"accuracy":0.9114629629629629,"epoch":19,"test_accuracy":0.8799,"val_loss":0.3214642529122243}