{"_step":12,"epoch":9,"confusion_matrix":{"format":"png","width":1000,"height":800,"_type":"image-file","sha256":"24a617a8756e9b2d61681d6508f31a83b306fcb5703888b5b2a122aba43d688d","size":44800,"path":"media/images/confusion_matrix_11_24a617a8756e9b2d6168.png"},"val_accuracy":0.09333333333333334,"_timestamp":1.7420642517164176e+09,"examples":{"sha256":"75cf3f2d6042056b9d89df460d23ed8f265f2d2a3c6eed2b5cf3bc7f22904ecc","size":29574,"path":"media/images/examples_12_75cf3f2d6042056b9d89.png","format":"png","width":1200,"height":600,"_type":"image-file"},"accuracy":0.10062962962962962,"test_loss":2.3025931194212306,"test_accuracy":0.1,"loss":2.302603641033498,"val_loss":2.302731296918753,"_wandb":{"runtime":36},"_runtime":36.5954786}