{"test_loss":0.09851838728789317,"examples":{"_type":"image-file","sha256":"3b17a40d3c0003481150ce3cd5e234db4ef06f1019885019f6a3fed9b4772b2e","size":23873,"path":"media/images/examples_7_3b17a40d3c0003481150.png","format":"png","width":1200,"height":600},"_runtime":92.1698972,"_step":7,"confusion_matrix":{"format":"png","width":1000,"height":800,"_type":"image-file","sha256":"63ed4ec8360d9f4411dac2bad250748f27beb610dd3ae64b2e7a326792a356ac","size":61763,"path":"media/images/confusion_matrix_6_63ed4ec8360d9f4411da.png"},"loss":0.08469107886836821,"accuracy":0.8832222222222222,"test_accuracy":0.8615,"_wandb":{"runtime":92},"val_loss":0.08977045415059483,"val_accuracy":0.8751666666666666,"_timestamp":1.7415667032292893e+09,"epoch":4}