{"_timestamp":1.7421329725051544e+09,"test_loss":0.3608754590415347,"confusion_matrix":{"height":800,"_type":"image-file","sha256":"65dd71721da7552c168281ca7f31ffe9908dc33784acf080b54e92859888797d","size":60625,"path":"media/images/confusion_matrix_21_65dd71721da7552c1682.png","format":"png","width":1000},"val_accuracy":0.8895,"_step":22,"examples":{"_type":"image-file","sha256":"75cf3f2d6042056b9d89df460d23ed8f265f2d2a3c6eed2b5cf3bc7f22904ecc","size":29574,"path":"media/images/examples_22_75cf3f2d6042056b9d89.png","format":"png","width":1200,"height":600},"_wandb":{"runtime":237},"epoch":19,"accuracy":0.9244668246445498,"test_accuracy":0.8803,"loss":0.24028484263695274,"val_loss":0.3285307921334685,"_runtime":237.9372713}