{"confusion_matrix":{"size":63941,"path":"media/images/confusion_matrix_11_06f473cc789c15b6581e.png","format":"png","width":1000,"height":800,"_type":"image-file","sha256":"06f473cc789c15b6581e3218b2ea10f9149ba7d332134c71792e463bda881dcd"},"_step":12,"test_loss":0.4847421880832647,"_timestamp":1.7415503219060364e+09,"val_loss":0.44988132802519676,"_runtime":27.4233652,"val_accuracy":0.8506666666666667,"epoch":9,"_wandb":{"runtime":27},"loss":0.4417987567880871,"test_accuracy":0.8408,"accuracy":0.8574444444444445,"examples":{"sha256":"3b17a40d3c0003481150ce3cd5e234db4ef06f1019885019f6a3fed9b4772b2e","size":23873,"path":"media/images/examples_12_3b17a40d3c0003481150.png","format":"png","width":1200,"height":600,"_type":"image-file"}}