{"_runtime":397.6656102,"loss":0.27985492983065224,"_wandb":{"runtime":397},"epoch":14,"accuracy":0.9091935722748815,"val_accuracy":0.8863333333333333,"test_accuracy":0.8812,"confusion_matrix":{"height":800,"_type":"image-file","sha256":"b33c51c7727b06bdaf3dd6148f85a508ac9ab54802963ec2e67828caf5237d6a","size":61052,"path":"media/images/confusion_matrix_16_b33c51c7727b06bdaf3d.png","format":"png","width":1000},"_timestamp":1.742076270535037e+09,"examples":{"_type":"image-file","sha256":"75cf3f2d6042056b9d89df460d23ed8f265f2d2a3c6eed2b5cf3bc7f22904ecc","size":29574,"path":"media/images/examples_17_75cf3f2d6042056b9d89.png","format":"png","width":1200,"height":600},"_step":17,"val_loss":0.3322852322918439,"test_loss":0.36112565793692547}