{"test_accuracy":0.8646,"examples":{"width":1200,"height":600,"_type":"image-file","sha256":"75cf3f2d6042056b9d89df460d23ed8f265f2d2a3c6eed2b5cf3bc7f22904ecc","size":29574,"path":"media/images/examples_17_75cf3f2d6042056b9d89.png","format":"png"},"epoch":14,"accuracy":0.9012777777777777,"confusion_matrix":{"format":"png","width":1000,"height":800,"_type":"image-file","sha256":"86a154208d61c87378c3c1b281d406f20769558593d0e17291d79a482a6fe9b0","size":60804,"path":"media/images/confusion_matrix_16_86a154208d61c87378c3.png"},"loss":0.3068063367116754,"_timestamp":1.7421158851019812e+09,"val_loss":0.37089616199568687,"_step":17,"test_loss":0.39491764131328677,"val_accuracy":0.8751666666666666,"_runtime":260.0868903,"_wandb":{"runtime":260}}