{"val_accuracy":0.871,"epoch":19,"examples":{"size":29574,"path":"media/images/examples_22_75cf3f2d6042056b9d89.png","format":"png","width":1200,"height":600,"_type":"image-file","sha256":"75cf3f2d6042056b9d89df460d23ed8f265f2d2a3c6eed2b5cf3bc7f22904ecc"},"_runtime":219.0824692,"test_accuracy":0.8578,"_step":22,"loss":0.3649865948385982,"_timestamp":1.7421355914010646e+09,"_wandb":{"runtime":219},"accuracy":0.8847563684834123,"val_loss":0.39399439364075844,"test_loss":0.42751832608209495,"confusion_matrix":{"sha256":"93382c63af9650a70dab5f8b6b7ed1c679cac3331def0a7e1773a8b1694ef46e","size":60640,"path":"media/images/confusion_matrix_21_93382c63af9650a70dab.png","format":"png","width":1000,"height":800,"_type":"image-file"}}