{"accuracy":0.8287174170616114,"test_loss":0.1295837735674698,"confusion_matrix":{"_type":"image-file","sha256":"3b24339c587ce9ee1e476b459ca86e111b63210e784f8d228cfe96f2fbeef6ea","size":63569,"path":"media/images/confusion_matrix_6_3b24339c587ce9ee1e47.png","format":"png","width":1000,"height":800},"_timestamp":1.7415315040848324e+09,"_runtime":23.4389791,"val_loss":0.12059450002405818,"_step":7,"test_accuracy":0.8234,"_wandb":{"runtime":23},"examples":{"size":23873,"path":"media/images/examples_7_3b17a40d3c0003481150.png","format":"png","width":1200,"height":600,"_type":"image-file","sha256":"3b17a40d3c0003481150ce3cd5e234db4ef06f1019885019f6a3fed9b4772b2e"},"loss":0.12610996299291993,"epoch":4,"val_accuracy":0.8375}