{"_wandb":{"runtime":34},"confusion_matrix":{"width":1000,"height":800,"_type":"image-file","sha256":"507b7000622578a5c7209cb1ff65ddb71951456ff4a7f12fb0fbf94dde119365","size":64927,"path":"media/images/confusion_matrix_6_507b7000622578a5c720.png","format":"png"},"_timestamp":1.741526872428011e+09,"val_accuracy":0.8193333333333334,"test_loss":0.14150610976270395,"examples":{"format":"png","width":1200,"height":600,"_type":"image-file","sha256":"3b17a40d3c0003481150ce3cd5e234db4ef06f1019885019f6a3fed9b4772b2e","size":23873,"path":"media/images/examples_7_3b17a40d3c0003481150.png"},"loss":0.1409409874387249,"_runtime":34.6457867,"accuracy":0.8099513724328594,"test_accuracy":0.8049,"_step":7,"epoch":4,"val_loss":0.1335428929594429}