{"accuracy":0.903874160742496,"val_loss":0.08098727575216863,"val_accuracy":0.8871666666666667,"_step":12,"_runtime":97.2881479,"confusion_matrix":{"height":800,"_type":"image-file","sha256":"bc632c579dafce1366900b9cf0d240b6eaebceb0e5c43e3284c99b47002b7448","size":59835,"path":"media/images/confusion_matrix_11_bc632c579dafce136690.png","format":"png","width":1000},"loss":0.07113952843488328,"test_accuracy":0.8798,"examples":{"size":23873,"path":"media/images/examples_12_3b17a40d3c0003481150.png","format":"png","width":1200,"height":600,"_type":"image-file","sha256":"3b17a40d3c0003481150ce3cd5e234db4ef06f1019885019f6a3fed9b4772b2e"},"epoch":9,"_wandb":{"runtime":97},"_timestamp":1.7415558064706511e+09,"test_loss":0.08779244296344307}