{"confusion_matrix":{"_type":"image-file","sha256":"42f58e7936560c4da60c416ff172c1e675c1c3c1d94347099161a415bfbf2443","size":61991,"path":"media/images/confusion_matrix_6_42f58e7936560c4da60c.png","format":"png","width":1000,"height":800},"_step":7,"test_loss":0.0948437250963409,"test_accuracy":0.8687,"_runtime":58.9909518,"val_loss":0.08766428548435096,"_wandb":{"runtime":59},"epoch":4,"accuracy":0.8882553317535545,"examples":{"size":23873,"path":"media/images/examples_7_3b17a40d3c0003481150.png","format":"png","width":1200,"height":600,"_type":"image-file","sha256":"3b17a40d3c0003481150ce3cd5e234db4ef06f1019885019f6a3fed9b4772b2e"},"loss":0.0816838386965622,"val_accuracy":0.8783333333333333,"_timestamp":1.7415715544399443e+09}