{"val_loss":0.4120857000354333,"accuracy":0.8894957049763034,"_wandb":{"runtime":77},"confusion_matrix":{"format":"png","width":1000,"height":800,"_type":"image-file","sha256":"554d53499f62cbbfb6453882e1e3f4b6b6fc53562f41d58e7034dc0435d032b1","size":58963,"path":"media/images/confusion_matrix_11_554d53499f62cbbfb645.png"},"val_accuracy":0.8775,"loss":0.3687386920719378,"_step":12,"epoch":9,"test_accuracy":0.8662,"_timestamp":1.7415422316217654e+09,"examples":{"height":600,"_type":"image-file","sha256":"3b17a40d3c0003481150ce3cd5e234db4ef06f1019885019f6a3fed9b4772b2e","size":23873,"path":"media/images/examples_12_3b17a40d3c0003481150.png","format":"png","width":1200},"_runtime":77.9479053,"test_loss":0.4367152981780372}