{"val_accuracy":0.8768333333333334,"confusion_matrix":{"width":1000,"height":800,"_type":"image-file","sha256":"0707b8289f4e35e3a750282bca6ac6f74f5cd5d2d983d7113722bd24b5c4aeba","size":63052,"path":"media/images/confusion_matrix_16_0707b8289f4e35e3a750.png","format":"png"},"examples":{"path":"media/images/examples_17_75cf3f2d6042056b9d89.png","format":"png","width":1200,"height":600,"_type":"image-file","sha256":"75cf3f2d6042056b9d89df460d23ed8f265f2d2a3c6eed2b5cf3bc7f22904ecc","size":29574},"_step":17,"val_loss":0.09087847389117265,"test_accuracy":0.8647,"_wandb":{"runtime":182},"_runtime":182.5222145,"test_loss":0.09847676391197693,"loss":0.08645820805673755,"epoch":14,"accuracy":0.883537037037037,"_timestamp":1.7421120736407695e+09}