{"confusion_matrix":{"width":1000,"height":800,"_type":"image-file","sha256":"c1bf5cd977f19547f2ad9db5890e1c98ac2cc8e0742c7911afd3f4b15617b0e2","size":63348,"path":"media/images/confusion_matrix_11_c1bf5cd977f19547f2ad.png","format":"png"},"_timestamp":1.7415280655895987e+09,"epoch":9,"accuracy":0.8624444444444445,"test_accuracy":0.8516,"loss":0.1031378650753683,"_wandb":{"runtime":41},"examples":{"sha256":"3b17a40d3c0003481150ce3cd5e234db4ef06f1019885019f6a3fed9b4772b2e","size":23873,"path":"media/images/examples_12_3b17a40d3c0003481150.png","format":"png","width":1200,"height":600,"_type":"image-file"},"val_loss":0.10052554279196699,"test_loss":0.10908827240470693,"_runtime":41.5522657,"_step":12,"val_accuracy":0.8648333333333333}