{"test_accuracy":0.1,"_timestamp":1.7420706552194524e+09,"_runtime":71.7816065,"_step":12,"test_loss":2.3025929115707133,"epoch":9,"_wandb":{"runtime":71},"accuracy":0.10074074074074074,"val_loss":2.3027356257107408,"confusion_matrix":{"size":44800,"path":"media/images/confusion_matrix_11_24a617a8756e9b2d6168.png","format":"png","width":1000,"height":800,"_type":"image-file","sha256":"24a617a8756e9b2d61681d6508f31a83b306fcb5703888b5b2a122aba43d688d"},"loss":2.3026022190703266,"examples":{"size":29574,"path":"media/images/examples_12_75cf3f2d6042056b9d89.png","format":"png","width":1200,"height":600,"_type":"image-file","sha256":"75cf3f2d6042056b9d89df460d23ed8f265f2d2a3c6eed2b5cf3bc7f22904ecc"},"val_accuracy":0.09333333333333334}