{"confusion_matrix":{"height":800,"_type":"image-file","sha256":"2483d9a33d6fd60b7d46f28ffceaed715f69cded0043bba0f487c61cfde7516e","size":60830,"path":"media/images/confusion_matrix_11_2483d9a33d6fd60b7d46.png","format":"png","width":1000},"test_accuracy":0.8603,"val_accuracy":0.8683333333333333,"test_loss":0.41652324313835226,"_wandb":{"runtime":110},"accuracy":0.8893476007109005,"_runtime":110.2270442,"epoch":9,"examples":{"path":"media/images/examples_12_3b17a40d3c0003481150.png","format":"png","width":1200,"height":600,"_type":"image-file","sha256":"3b17a40d3c0003481150ce3cd5e234db4ef06f1019885019f6a3fed9b4772b2e","size":23873},"_timestamp":1.7415434283345091e+09,"_step":12,"val_loss":0.3882614907949808,"loss":0.3394587529672994}