{"_runtime":175.7341642,"_step":22,"loss":0.25778030093012694,"val_loss":0.33071613507338515,"test_accuracy":0.882,"_timestamp":1.742208993560677e+09,"val_accuracy":0.892,"_wandb":{"runtime":176},"accuracy":0.9212764119273301,"epoch":19,"predictions":{"format":"png","width":2250,"height":900,"_type":"image-file","sha256":"98ba1e01b2adc8d0906a30dd062bd8f4a2d26b1af10f29ee5852bc7074fab470","size":51428,"path":"media/images/predictions_22_98ba1e01b2adc8d0906a.png"},"test_loss":0.3562564017278003,"confusion_matrix":{"path":"media/images/confusion_matrix_21_423d74bc6559405c38aa.png","format":"png","width":7410,"height":6936,"_type":"image-file","sha256":"423d74bc6559405c38aa7ef05dbebb206ddda91bbd8c49f9570e950be0a47385","size":701752}}