{"val_loss":0.37067286366016183,"_runtime":106.1041646,"_step":12,"test_loss":0.39887200439004283,"test_accuracy":0.8645,"loss":0.35006954261992884,"_timestamp":1.741530690360115e+09,"accuracy":0.8856203100315956,"epoch":9,"confusion_matrix":{"sha256":"06ddeec853e161bd52733a5d144f4e46bef585bd344489586e4e64d0ebe5b4c3","size":61980,"path":"media/images/confusion_matrix_11_06ddeec853e161bd5273.png","format":"png","width":1000,"height":800,"_type":"image-file"},"examples":{"height":600,"_type":"image-file","sha256":"3b17a40d3c0003481150ce3cd5e234db4ef06f1019885019f6a3fed9b4772b2e","size":23873,"path":"media/images/examples_12_3b17a40d3c0003481150.png","format":"png","width":1200},"val_accuracy":0.8728333333333333,"_wandb":{"runtime":106}}