{"confusion_matrix":{"width":1000,"height":800,"_type":"image-file","sha256":"813357810c8363641ba8ce30b12304f4f2d1f1b401979c250be9937d3eea6f71","size":62326,"path":"media/images/confusion_matrix_6_813357810c8363641ba8.png","format":"png"},"examples":{"width":1200,"height":600,"_type":"image-file","sha256":"3b17a40d3c0003481150ce3cd5e234db4ef06f1019885019f6a3fed9b4772b2e","size":23873,"path":"media/images/examples_7_3b17a40d3c0003481150.png","format":"png"},"_wandb":{"runtime":16},"epoch":4,"test_accuracy":0.8602,"_step":7,"test_loss":0.41110222611584796,"val_loss":0.38278275554770674,"accuracy":0.8738518518518519,"val_accuracy":0.873,"_timestamp":1.741550049123441e+09,"_runtime":16.3475079,"loss":0.3759446266905964}