{"loss":0.08489159129562046,"_step":7,"_wandb":{"runtime":63},"accuracy":0.8840898992890995,"test_loss":0.09480759397731306,"examples":{"sha256":"3b17a40d3c0003481150ce3cd5e234db4ef06f1019885019f6a3fed9b4772b2e","size":23873,"path":"media/images/examples_7_3b17a40d3c0003481150.png","format":"png","width":1200,"height":600,"_type":"image-file"},"test_accuracy":0.8711,"confusion_matrix":{"width":1000,"height":800,"_type":"image-file","sha256":"63e08d045a08ccbdcc871590a3ca8b8eb62f69e31e67f655b24dda344e146ffd","size":61237,"path":"media/images/confusion_matrix_6_63e08d045a08ccbdcc87.png","format":"png"},"_runtime":63.2841436,"val_accuracy":0.879,"_timestamp":1.7415536764427736e+09,"epoch":4,"val_loss":0.0885378863375103}