{"accuracy":0.8616829581358609,"_runtime":28.3653911,"epoch":4,"test_loss":0.4349789439240136,"val_accuracy":0.8681666666666666,"loss":0.4106240769384406,"_timestamp":1.7415387209645572e+09,"_step":7,"val_loss":0.4034606092932451,"confusion_matrix":{"_type":"image-file","sha256":"0bd6538708ab1c3ca159a2e185a6151099f19c0caee03913bd021f4a458898f0","size":62253,"path":"media/images/confusion_matrix_6_0bd6538708ab1c3ca159.png","format":"png","width":1000,"height":800},"_wandb":{"runtime":28},"test_accuracy":0.8543,"examples":{"height":600,"_type":"image-file","sha256":"3b17a40d3c0003481150ce3cd5e234db4ef06f1019885019f6a3fed9b4772b2e","size":23873,"path":"media/images/examples_7_3b17a40d3c0003481150.png","format":"png","width":1200}}