{"val_accuracy":0.8815,"loss":0.325418361493188,"confusion_matrix":{"width":1000,"height":800,"_type":"image-file","sha256":"f290879819a2d33ee9f8ef5e20ac33482a24f8f77e85e9b0c3b448b82d7ea211","size":61760,"path":"media/images/confusion_matrix_11_f290879819a2d33ee9f8.png","format":"png"},"_runtime":118.7717182,"epoch":9,"_timestamp":1.7415548289149225e+09,"test_accuracy":0.866,"accuracy":0.894462962962963,"_wandb":{"runtime":118},"val_loss":0.37126621678605926,"test_loss":0.42105721039633265,"examples":{"_type":"image-file","sha256":"3b17a40d3c0003481150ce3cd5e234db4ef06f1019885019f6a3fed9b4772b2e","size":23873,"path":"media/images/examples_12_3b17a40d3c0003481150.png","format":"png","width":1200,"height":600},"_step":12}