{"_timestamp":1.7415530358353999e+09,"val_accuracy":0.877,"epoch":9,"test_accuracy":0.8641,"test_loss":0.09936860506769882,"_step":12,"examples":{"path":"media/images/examples_12_3b17a40d3c0003481150.png","format":"png","width":1200,"height":600,"_type":"image-file","sha256":"3b17a40d3c0003481150ce3cd5e234db4ef06f1019885019f6a3fed9b4772b2e","size":23873},"_wandb":{"runtime":50},"accuracy":0.8786840936018957,"confusion_matrix":{"_type":"image-file","sha256":"1d61ee134c67e3db9fb3e271f588868fae4b61e688acdae34cdee3ad8510746b","size":62991,"path":"media/images/confusion_matrix_11_1d61ee134c67e3db9fb3.png","format":"png","width":1000,"height":800},"loss":0.08929591204216747,"val_loss":0.08941405249798387,"_runtime":50.4517229}