{"confusion_matrix":{"path":"media/images/confusion_matrix_6_d8139366fbba687f97f8.png","format":"png","width":1000,"height":800,"_type":"image-file","sha256":"d8139366fbba687f97f87db117295617a788889264b27e9f6dd6b886d5f34670","size":62382},"_step":7,"val_loss":0.4639498838885156,"_timestamp":1.7415487994129415e+09,"loss":0.4707419829702031,"test_accuracy":0.8395,"_runtime":17.813655,"val_accuracy":0.8523333333333334,"_wandb":{"runtime":17},"test_loss":0.4943859465017212,"examples":{"format":"png","width":1200,"height":600,"_type":"image-file","sha256":"3b17a40d3c0003481150ce3cd5e234db4ef06f1019885019f6a3fed9b4772b2e","size":23873,"path":"media/images/examples_7_3b17a40d3c0003481150.png"},"accuracy":0.8505134281200633,"epoch":4}