{"confusion_matrix":{"height":800,"_type":"image-file","sha256":"f4cd28e179ce1ecd685cc61b73a67fdaa182c9d08bc6fb2b585f226c876812dc","size":62101,"path":"media/images/confusion_matrix_11_f4cd28e179ce1ecd685c.png","format":"png","width":1000},"loss":0.07431526237869056,"val_loss":0.08361813406973816,"test_accuracy":0.878,"examples":{"width":1200,"height":600,"_type":"image-file","sha256":"3b17a40d3c0003481150ce3cd5e234db4ef06f1019885019f6a3fed9b4772b2e","size":23873,"path":"media/images/examples_12_3b17a40d3c0003481150.png","format":"png"},"_wandb":{"runtime":49},"accuracy":0.8980240422590837,"epoch":9,"_runtime":49.7271253,"_step":12,"val_accuracy":0.883,"_timestamp":1.7415688851035984e+09,"test_loss":0.08926382406617712}