{"test_accuracy":0.856,"confusion_matrix":{"_type":"image-file","sha256":"c2351298567049c9cc5c0c9ef689580000771f9166db037332c7634e15f4f064","size":60431,"path":"media/images/confusion_matrix_11_c2351298567049c9cc5c.png","format":"png","width":1000,"height":800},"examples":{"width":1200,"height":600,"_type":"image-file","sha256":"3b17a40d3c0003481150ce3cd5e234db4ef06f1019885019f6a3fed9b4772b2e","size":23873,"path":"media/images/examples_12_3b17a40d3c0003481150.png","format":"png"},"_wandb":{"runtime":210},"epoch":9,"loss":0.07473521045342636,"_runtime":210.1148928,"_step":12,"test_loss":0.10550564167009116,"accuracy":0.8988888888888888,"val_accuracy":0.8705,"_timestamp":1.7415618341020434e+09,"val_loss":0.0935614962299515}