{"_wandb":{"runtime":14},"_step":7,"examples":{"width":1200,"height":600,"_type":"image-file","sha256":"3b17a40d3c0003481150ce3cd5e234db4ef06f1019885019f6a3fed9b4772b2e","size":23873,"path":"media/images/examples_7_3b17a40d3c0003481150.png","format":"png"},"val_loss":0.4022579844417925,"_runtime":14.8483964,"test_loss":0.4317683671709506,"test_accuracy":0.8536,"loss":0.394546862814145,"accuracy":0.8670887638230648,"_timestamp":1.7415524729142218e+09,"confusion_matrix":{"width":1000,"height":800,"_type":"image-file","sha256":"179b40f984105dbed28d3aadda0a7878b4398734c6d6b65966c4b47deb12bc1e","size":62227,"path":"media/images/confusion_matrix_6_179b40f984105dbed28d.png","format":"png"},"val_accuracy":0.8618333333333333,"epoch":4}