{"_step":7,"test_loss":0.3729072470106848,"confusion_matrix":{"path":"media/images/confusion_matrix_6_b3015586bee719fdbc4d.png","format":"png","width":1000,"height":800,"_type":"image-file","sha256":"b3015586bee719fdbc4d59d36ad80bd67c96226209bd1c29dda4478293df3ffe","size":63466},"val_accuracy":0.5205,"test_accuracy":0.5161,"_runtime":71.2155337,"accuracy":0.5126666666666667,"loss":0.3972897428223608,"epoch":4,"examples":{"sha256":"3b17a40d3c0003481150ce3cd5e234db4ef06f1019885019f6a3fed9b4772b2e","size":23873,"path":"media/images/examples_7_3b17a40d3c0003481150.png","format":"png","width":1200,"height":600,"_type":"image-file"},"_timestamp":1.7415451979633996e+09,"_wandb":{"runtime":71},"val_loss":0.37081568021031325}