{"_step":12,"epoch":12,"val_loss":0.33653800246929155,"_timestamp":1.742223332609628e+09,"accuracy":0.9071015995260664,"val_accuracy":0.8925,"loss":0.288645047911613,"_wandb":{"runtime":138},"_runtime":134.8615151}