{"_runtime":208.0997627,"confusion_matrix":{"path":"media/images/confusion_matrix_21_c027152b74b70ccc5aa6.png","format":"png","width":1000,"height":800,"_type":"image-file","sha256":"c027152b74b70ccc5aa6573af542ad2d8de5124bc33352ec55ae0dbb34dc8ccb","size":61068},"accuracy":0.923800355450237,"examples":{"sha256":"75cf3f2d6042056b9d89df460d23ed8f265f2d2a3c6eed2b5cf3bc7f22904ecc","size":29574,"path":"media/images/examples_22_75cf3f2d6042056b9d89.png","format":"png","width":1200,"height":600,"_type":"image-file"},"val_loss":0.3355052446293835,"val_accuracy":0.8895,"epoch":19,"test_accuracy":0.882,"_wandb":{"runtime":208},"loss":0.24217169800475477,"test_loss":0.35807235595349607,"_timestamp":1.7421348715594306e+09,"_step":22}