{"loss":0.3657206224591249,"_timestamp":1.7415537377820444e+09,"_wandb":{"runtime":55},"_runtime":55.2483333,"_step":7,"examples":{"height":600,"_type":"image-file","sha256":"3b17a40d3c0003481150ce3cd5e234db4ef06f1019885019f6a3fed9b4772b2e","size":23873,"path":"media/images/examples_7_3b17a40d3c0003481150.png","format":"png","width":1200},"epoch":4,"confusion_matrix":{"height":800,"_type":"image-file","sha256":"4235c8bdcb8de3cf21413855e9367be38b2faa9102ebac95021b6d4e9a315794","size":61115,"path":"media/images/confusion_matrix_6_4235c8bdcb8de3cf2141.png","format":"png","width":1000},"test_loss":0.4107339207299021,"val_accuracy":0.8748333333333334,"accuracy":0.8783138329383886,"val_loss":0.37464688446777517,"test_accuracy":0.8633}