{"val_loss":0.11568013761468729,"_wandb":{"runtime":111},"test_accuracy":0.9738,"epoch":19,"val_accuracy":0.9731666666666666,"_step":22,"loss":0.04774162503075556,"accuracy":0.9913482424960505,"confusion_matrix":{"height":4164,"_type":"image-file","sha256":"6c3d5caaa6e91b3cfea78e37a33d0c6e01b56c5dfb70dcce506bd9b3f9a89acb","size":300945,"path":"media/images/confusion_matrix_21_6c3d5caaa6e91b3cfea7.png","format":"png","width":4425},"_runtime":111.9642307,"_timestamp":1.7422311253265178e+09,"predictions":{"_type":"image-file","sha256":"fea599475efc24ad0f8a2b3aefa228567d14e49b4a7afc0766088f5d2dd9f02c","size":28993,"path":"media/images/predictions_22_fea599475efc24ad0f8a.png","format":"png","width":2250,"height":900},"test_loss":0.116998536934961}