{"examples":{"width":1200,"height":600,"_type":"image-file","sha256":"3b17a40d3c0003481150ce3cd5e234db4ef06f1019885019f6a3fed9b4772b2e","size":23873,"path":"media/images/examples_7_3b17a40d3c0003481150.png","format":"png"},"_timestamp":1.7415529344400673e+09,"_runtime":63.3121914,"_wandb":{"runtime":63},"confusion_matrix":{"width":1000,"height":800,"_type":"image-file","sha256":"10d416160c21dc9ddc1d71b6a4eed4df7b369e6fd6955f82ea97d6b78780487a","size":61294,"path":"media/images/confusion_matrix_6_10d416160c21dc9ddc1d.png","format":"png"},"test_accuracy":0.869,"test_loss":0.4127370381180673,"_step":7,"loss":0.3516586538216282,"accuracy":0.8831087085308057,"epoch":4,"val_loss":0.3630765562230271,"val_accuracy":0.88}