{"epoch":19,"confusion_matrix":{"sha256":"bab4cc4d45991ace575dad044945d239e9f5bb577191d14a85d905b29a93c74f","size":61073,"path":"media/images/confusion_matrix_21_bab4cc4d45991ace575d.png","format":"png","width":1000,"height":800,"_type":"image-file"},"test_loss":0.3779778163891814,"val_loss":0.3367872431705282,"_wandb":{"runtime":273},"test_accuracy":0.874,"val_accuracy":0.8886666666666667,"_runtime":273.0670372,"accuracy":0.9121851851851852,"_timestamp":1.7421173633967695e+09,"examples":{"format":"png","width":1200,"height":600,"_type":"image-file","sha256":"75cf3f2d6042056b9d89df460d23ed8f265f2d2a3c6eed2b5cf3bc7f22904ecc","size":29574,"path":"media/images/examples_22_75cf3f2d6042056b9d89.png"},"_step":22,"loss":0.28247536794737577}