{"test_loss":0.6028564430005031,"accuracy":0.8651140402843602,"val_accuracy":0.8571666666666666,"examples":{"_type":"image-file","sha256":"75cf3f2d6042056b9d89df460d23ed8f265f2d2a3c6eed2b5cf3bc7f22904ecc","size":29574,"path":"media/images/examples_22_75cf3f2d6042056b9d89.png","format":"png","width":1200,"height":600},"confusion_matrix":{"path":"media/images/confusion_matrix_21_2e9fdb15845a3c078475.png","format":"png","width":1000,"height":800,"_type":"image-file","sha256":"2e9fdb15845a3c078475df845c3e3da9c3b6af7165ce3065917fdf87e94fcab1","size":62732},"val_loss":0.5423161610128964,"_step":22,"_timestamp":1.7421374011772466e+09,"epoch":19,"_runtime":389.7227264,"_wandb":{"runtime":389},"test_accuracy":0.8458,"loss":0.5438490138855266}