{"test_loss":0.10117816165614675,"_wandb":{"runtime":34},"_step":7,"examples":{"width":1200,"height":600,"_type":"image-file","sha256":"3b17a40d3c0003481150ce3cd5e234db4ef06f1019885019f6a3fed9b4772b2e","size":23873,"path":"media/images/examples_7_3b17a40d3c0003481150.png","format":"png"},"accuracy":0.8795727191943128,"val_loss":0.09203218277194325,"val_accuracy":0.8723333333333333,"_timestamp":1.7415537855080159e+09,"loss":0.08824283551605003,"_runtime":34.8998848,"confusion_matrix":{"format":"png","width":1000,"height":800,"_type":"image-file","sha256":"141b6b1b57f33b761da3ed4dab0506321109a6bbe79c53768409684ac43e5014","size":60505,"path":"media/images/confusion_matrix_6_141b6b1b57f33b761da3.png"},"epoch":4,"test_accuracy":0.8597}