{"confusion_matrix":{"path":"media/images/confusion_matrix_11_caf1d5c15b22367907c7.png","format":"png","width":1000,"height":800,"_type":"image-file","sha256":"caf1d5c15b22367907c7b087a5d0ce04a937016a6400d9df38593fb14b367367","size":62332},"_timestamp":1.7415606169822364e+09,"epoch":9,"test_accuracy":0.8612,"loss":0.07929094298108644,"accuracy":0.8913470082938388,"examples":{"sha256":"3b17a40d3c0003481150ce3cd5e234db4ef06f1019885019f6a3fed9b4772b2e","size":23873,"path":"media/images/examples_12_3b17a40d3c0003481150.png","format":"png","width":1200,"height":600,"_type":"image-file"},"_wandb":{"runtime":85},"val_loss":0.09420573900033007,"test_loss":0.10205079834193642,"_step":12,"_runtime":85.7493773,"val_accuracy":0.8671666666666666}