{"test_accuracy":0.882,"epoch":19,"_wandb":{"runtime":248},"_timestamp":1.7420695997935207e+09,"accuracy":0.9098230154028436,"examples":{"format":"png","width":1200,"height":600,"_type":"image-file","sha256":"75cf3f2d6042056b9d89df460d23ed8f265f2d2a3c6eed2b5cf3bc7f22904ecc","size":29574,"path":"media/images/examples_22_75cf3f2d6042056b9d89.png"},"val_loss":0.0793472022804305,"test_loss":0.08588241744974343,"confusion_matrix":{"sha256":"8f26f0c1cded7147dbd94a97faf5b28f4e0b245e65b7b31d9bf70a6c88d04483","size":60858,"path":"media/images/confusion_matrix_21_8f26f0c1cded7147dbd9.png","format":"png","width":1000,"height":800,"_type":"image-file"},"_runtime":248.5394646,"_step":22,"val_accuracy":0.8913333333333333,"loss":0.0673267495044802}