{"_runtime":157.1140749,"epoch":19,"accuracy":0.9248309142969984,"_step":22,"loss":0.24535972789270635,"_wandb":{"runtime":157},"confusion_matrix":{"sha256":"6993432388480b25b078eca393f8f63bdad9a7498f5af384ff215d479c3babf4","size":60341,"path":"media/images/confusion_matrix_21_6993432388480b25b078.png","format":"png","width":1000,"height":800,"_type":"image-file"},"test_loss":0.377264726223279,"_timestamp":1.7421195755455155e+09,"test_accuracy":0.8787,"val_accuracy":0.8871666666666667,"examples":{"size":29574,"path":"media/images/examples_22_75cf3f2d6042056b9d89.png","format":"png","width":1200,"height":600,"_type":"image-file","sha256":"75cf3f2d6042056b9d89df460d23ed8f265f2d2a3c6eed2b5cf3bc7f22904ecc"},"val_loss":0.3542023437830506}