{"test_loss":0.38551128236441246,"accuracy":0.8985300651658767,"_wandb":{"runtime":139},"confusion_matrix":{"sha256":"5cdef22763a5546310b066e06d21111c629d9f28c7f3921c63516e7daf1df84a","size":59594,"path":"media/images/confusion_matrix_11_5cdef22763a5546310b0.png","format":"png","width":1000,"height":800,"_type":"image-file"},"_runtime":139.3764803,"epoch":9,"val_accuracy":0.8765,"_timestamp":1.742135023606017e+09,"test_accuracy":0.8719,"loss":0.3156968955117819,"val_loss":0.36435680307606855,"_step":12,"examples":{"width":1200,"height":600,"_type":"image-file","sha256":"75cf3f2d6042056b9d89df460d23ed8f265f2d2a3c6eed2b5cf3bc7f22904ecc","size":29574,"path":"media/images/examples_12_75cf3f2d6042056b9d89.png","format":"png"}}