{"loss":0.35184909949483767,"_wandb":{"runtime":322},"test_loss":0.4203550193401592,"_runtime":321.9768635,"examples":{"path":"media/images/examples_12_3b17a40d3c0003481150.png","format":"png","width":1200,"height":600,"_type":"image-file","sha256":"3b17a40d3c0003481150ce3cd5e234db4ef06f1019885019f6a3fed9b4772b2e","size":23873},"_timestamp":1.7415429139430935e+09,"accuracy":0.883537037037037,"val_loss":0.4002891185372158,"_step":12,"val_accuracy":0.8733333333333333,"test_accuracy":0.8676,"confusion_matrix":{"width":1000,"height":800,"_type":"image-file","sha256":"aca83283924279b72228b27ea8233ae4794f2f15de12994c32753e7c3000c897","size":60364,"path":"media/images/confusion_matrix_11_aca83283924279b72228.png","format":"png"},"epoch":9}