{"val_loss":0.17490707265461178,"accuracy":0.728487855450237,"_wandb":{"runtime":48},"val_accuracy":0.784,"test_loss":0.18032297463907515,"examples":{"path":"media/images/examples_7_3b17a40d3c0003481150.png","format":"png","width":1200,"height":600,"_type":"image-file","sha256":"3b17a40d3c0003481150ce3cd5e234db4ef06f1019885019f6a3fed9b4772b2e","size":23873},"_step":7,"test_accuracy":0.7712,"_timestamp":1.7415589055087678e+09,"confusion_matrix":{"format":"png","width":1000,"height":800,"_type":"image-file","sha256":"c209ba34c8294f2b921daaab80ed3d7e23a633e2cdb9ead118258a726b5be7b8","size":63816,"path":"media/images/confusion_matrix_6_c209ba34c8294f2b921d.png"},"_runtime":48.0791727,"epoch":4,"loss":0.19495741750321963}