{"confusion_matrix":{"format":"png","width":1000,"height":800,"_type":"image-file","sha256":"f175248d72cd5d416b0a157cfa4b38ccaafc18c438e51efa195d56cf5feaa4fe","size":64159,"path":"media/images/confusion_matrix_6_f175248d72cd5d416b0a.png"},"examples":{"size":23873,"path":"media/images/examples_7_3b17a40d3c0003481150.png","format":"png","width":1200,"height":600,"_type":"image-file","sha256":"3b17a40d3c0003481150ce3cd5e234db4ef06f1019885019f6a3fed9b4772b2e"},"_runtime":20.6700064,"epoch":4,"loss":0.11463873838104956,"test_loss":0.12020573968627205,"val_loss":0.10974149917393612,"_step":7,"accuracy":0.8436574348341233,"val_accuracy":0.8523333333333334,"_timestamp":1.7415487261269672e+09,"test_accuracy":0.8334,"_wandb":{"runtime":20}}