{"confusion_matrix":{"height":800,"_type":"image-file","sha256":"fa67640202186fb9f0925eef26f0e4aa3f5d2a1f104fc4804a622db4aa3ac035","size":60912,"path":"media/images/confusion_matrix_16_fa67640202186fb9f092.png","format":"png","width":1000},"examples":{"_type":"image-file","sha256":"75cf3f2d6042056b9d89df460d23ed8f265f2d2a3c6eed2b5cf3bc7f22904ecc","size":29574,"path":"media/images/examples_17_75cf3f2d6042056b9d89.png","format":"png","width":1200,"height":600},"_wandb":{"runtime":264},"loss":0.3049860729344751,"epoch":14,"_step":17,"test_loss":0.40256647111718025,"val_loss":0.3759230526632413,"val_accuracy":0.8716666666666667,"_runtime":264.593937,"test_accuracy":0.8652,"accuracy":0.9013810722748815,"_timestamp":1.7421251179069273e+09}