{"val_accuracy":0.8598333333333333,"_runtime":65.0719248,"val_loss":0.09937391019831157,"epoch":9,"test_loss":0.10829304814224344,"examples":{"size":29574,"path":"media/images/examples_12_75cf3f2d6042056b9d89.png","format":"png","width":1200,"height":600,"_type":"image-file","sha256":"75cf3f2d6042056b9d89df460d23ed8f265f2d2a3c6eed2b5cf3bc7f22904ecc"},"confusion_matrix":{"size":62205,"path":"media/images/confusion_matrix_11_cb8627dccf011422132a.png","format":"png","width":1000,"height":800,"_type":"image-file","sha256":"cb8627dccf011422132ab68e82b713bf566e9d64f6d880b73fd4574c5000a455"},"_timestamp":1.7420742300178292e+09,"loss":0.09478742574922318,"_wandb":{"runtime":65},"accuracy":0.8706494372037915,"test_accuracy":0.8491,"_step":12}