{"_timestamp":1.7415582213177404e+09,"_step":7,"examples":{"_type":"image-file","sha256":"3b17a40d3c0003481150ce3cd5e234db4ef06f1019885019f6a3fed9b4772b2e","size":23873,"path":"media/images/examples_7_3b17a40d3c0003481150.png","format":"png","width":1200,"height":600},"epoch":4,"val_accuracy":0.8678333333333333,"test_loss":0.4482755480215705,"confusion_matrix":{"_type":"image-file","sha256":"c2b9e139ab06accc4fdb1a1fef1c3161c8adc5e4382e9b81ce4a717e0e8a9970","size":62186,"path":"media/images/confusion_matrix_6_c2b9e139ab06accc4fdb.png","format":"png","width":1000,"height":800},"_wandb":{"runtime":116},"_runtime":116.9736084,"loss":0.3941591132542729,"test_accuracy":0.8588,"accuracy":0.874537037037037,"val_loss":0.40046068578289146}