{"accuracy":0.9066079186413902,"val_loss":0.08328037609124726,"test_accuracy":0.8753,"_wandb":{"runtime":119},"epoch":14,"_timestamp":1.7420700459775953e+09,"_step":17,"val_accuracy":0.8856666666666667,"confusion_matrix":{"sha256":"76230cb26df616a057f5e60afa9ebca281f424ca543141baaeb96b7ee2edc996","size":60907,"path":"media/images/confusion_matrix_16_76230cb26df616a057f5.png","format":"png","width":1000,"height":800,"_type":"image-file"},"examples":{"width":1200,"height":600,"_type":"image-file","sha256":"75cf3f2d6042056b9d89df460d23ed8f265f2d2a3c6eed2b5cf3bc7f22904ecc","size":29574,"path":"media/images/examples_17_75cf3f2d6042056b9d89.png","format":"png"},"_runtime":119.0361845,"loss":0.06902732375303709,"test_loss":0.090497060250278}