{"examples":{"width":1200,"height":600,"_type":"image-file","sha256":"3b17a40d3c0003481150ce3cd5e234db4ef06f1019885019f6a3fed9b4772b2e","size":23873,"path":"media/images/examples_7_3b17a40d3c0003481150.png","format":"png"},"epoch":4,"val_loss":2.3025650793547388,"_step":7,"test_accuracy":0.1,"val_accuracy":0.10716666666666666,"_runtime":40.9758781,"_wandb":{"runtime":40},"accuracy":0.10261774289099526,"_timestamp":1.7415556061931672e+09,"confusion_matrix":{"path":"media/images/confusion_matrix_6_40689ad73f6fe48c16db.png","format":"png","width":1000,"height":800,"_type":"image-file","sha256":"40689ad73f6fe48c16dbe358db5cbc1662bc725719d4c4f6ff4d9b886509d8d1","size":45101},"loss":2.302577013328903,"test_loss":2.3025876998051604}