{"loss":0.30603111984466097,"val_loss":0.3791524652621904,"test_accuracy":0.8579,"confusion_matrix":{"height":800,"_type":"image-file","sha256":"73410b92c9c399d49f2cdf659bb267eb1a51d66e92be14ecbb2937e533754935","size":60937,"path":"media/images/confusion_matrix_11_73410b92c9c399d49f2c.png","format":"png","width":1000},"_wandb":{"runtime":185},"_step":12,"epoch":9,"examples":{"path":"media/images/examples_12_3b17a40d3c0003481150.png","format":"png","width":1200,"height":600,"_type":"image-file","sha256":"3b17a40d3c0003481150ce3cd5e234db4ef06f1019885019f6a3fed9b4772b2e","size":23873},"accuracy":0.8991965343601895,"_timestamp":1.741566144205288e+09,"val_accuracy":0.8698333333333333,"_runtime":185.186085,"test_loss":0.4191323169708963}