{"_runtime":42.8045201,"_step":7,"_timestamp":1.7415586981975002e+09,"test_loss":0.10089303028265098,"test_accuracy":0.8611,"epoch":4,"confusion_matrix":{"size":61253,"path":"media/images/confusion_matrix_6_effe66b0fd9a819bcc43.png","format":"png","width":1000,"height":800,"_type":"image-file","sha256":"effe66b0fd9a819bcc4371614f9e856cee8d5629ea2ed6a1a7ba47fa53f69ad2"},"examples":{"_type":"image-file","sha256":"3b17a40d3c0003481150ce3cd5e234db4ef06f1019885019f6a3fed9b4772b2e","size":23873,"path":"media/images/examples_7_3b17a40d3c0003481150.png","format":"png","width":1200,"height":600},"_wandb":{"runtime":42},"val_loss":0.09099888145173105,"val_accuracy":0.8751666666666666,"accuracy":0.8750740521327014,"loss":0.09053247140994121}