{"epoch":9,"accuracy":0.8818868483412322,"val_loss":0.3879928986161186,"val_accuracy":0.8675,"_runtime":107.4425415,"loss":0.3562439413420213,"_wandb":{"runtime":107},"test_accuracy":0.8591,"examples":{"height":600,"_type":"image-file","sha256":"75cf3f2d6042056b9d89df460d23ed8f265f2d2a3c6eed2b5cf3bc7f22904ecc","size":29574,"path":"media/images/examples_12_75cf3f2d6042056b9d89.png","format":"png","width":1200},"confusion_matrix":{"sha256":"e73d56e43c7853b6973927f33a0869de1702105d009475394f82438fc44c501c","size":62289,"path":"media/images/confusion_matrix_11_e73d56e43c7853b69739.png","format":"png","width":1000,"height":800,"_type":"image-file"},"_timestamp":1.7420758595132673e+09,"_step":12,"test_loss":0.4185504975635463}