{"val_accuracy":0.8876666666666667,"epoch":14,"test_loss":0.3609076132508832,"test_accuracy":0.8822,"examples":{"sha256":"75cf3f2d6042056b9d89df460d23ed8f265f2d2a3c6eed2b5cf3bc7f22904ecc","size":29574,"path":"media/images/examples_17_75cf3f2d6042056b9d89.png","format":"png","width":1200,"height":600,"_type":"image-file"},"_step":17,"val_loss":0.3309722058821449,"accuracy":0.9184007207740916,"_wandb":{"runtime":153},"confusion_matrix":{"sha256":"e3b35ce39ed86d451bf5431c3eae91d9827181d5f4d8cb802181e685952ad772","size":60500,"path":"media/images/confusion_matrix_16_e3b35ce39ed86d451bf5.png","format":"png","width":1000,"height":800,"_type":"image-file"},"_timestamp":1.7421453604501836e+09,"loss":0.25245557572763183,"_runtime":153.1349878}