{"_timestamp":1.7420646538774395e+09,"examples":{"sha256":"75cf3f2d6042056b9d89df460d23ed8f265f2d2a3c6eed2b5cf3bc7f22904ecc","size":29574,"path":"media/images/examples_17_75cf3f2d6042056b9d89.png","format":"png","width":1200,"height":600,"_type":"image-file"},"val_accuracy":0.20183333333333334,"_wandb":{"runtime":46},"epoch":14,"loss":0.4018561856567428,"accuracy":0.19791049565560823,"_step":17,"_runtime":46.2289893,"confusion_matrix":{"width":1000,"height":800,"_type":"image-file","sha256":"f1dd4b0b9c581af307a9b9d1b013a4b7541bd3530669ee9ddd78ab194347a955","size":50015,"path":"media/images/confusion_matrix_16_f1dd4b0b9c581af307a9.png","format":"png"},"val_loss":0.4017551148465865,"test_accuracy":0.2018,"test_loss":0.402215480690729}