{"val_accuracy":0.8331666666666667,"_wandb":{"runtime":89},"loss":0.52254795834104,"_runtime":89.5068494,"_timestamp":1.7421108217730944e+09,"test_accuracy":0.8274,"confusion_matrix":{"size":63246,"path":"media/images/confusion_matrix_21_9dc27505596aef2c5935.png","format":"png","width":1000,"height":800,"_type":"image-file","sha256":"9dc27505596aef2c5935ec5709ae87120fcac744ca187849e6368b716178eec0"},"accuracy":0.8447222222222223,"val_loss":0.540048509894304,"epoch":19,"_step":22,"test_loss":0.5781424290399538,"examples":{"format":"png","width":1200,"height":600,"_type":"image-file","sha256":"75cf3f2d6042056b9d89df460d23ed8f265f2d2a3c6eed2b5cf3bc7f22904ecc","size":29574,"path":"media/images/examples_22_75cf3f2d6042056b9d89.png"}}