{"val_accuracy":0.886,"test_accuracy":0.8756,"_wandb":{"runtime":33},"epoch":4,"_step":7,"test_loss":0.36668555465638736,"val_loss":0.3338949084978925,"_runtime":33.0903186,"examples":{"format":"png","width":1200,"height":600,"_type":"image-file","sha256":"3b17a40d3c0003481150ce3cd5e234db4ef06f1019885019f6a3fed9b4772b2e","size":23873,"path":"media/images/examples_7_3b17a40d3c0003481150.png"},"loss":0.33394149006559665,"_timestamp":1.7413688050121112e+09,"accuracy":0.8850340639810427,"confusion_matrix":{"path":"media/images/confusion_matrix_6_61cd4ca94645dfb1656c.png","format":"png","width":1000,"height":800,"_type":"image-file","sha256":"61cd4ca94645dfb1656cc9479e0f898c197312501ae6b76b89ef3c838e585728","size":59698}}