{"_wandb":{"runtime":119},"val_loss":0.0945087822059335,"loss":0.08774827949822576,"test_loss":0.09948155750103738,"epoch":9,"confusion_matrix":{"size":61316,"path":"media/images/confusion_matrix_11_7c951c45002619f66644.png","format":"png","width":1000,"height":800,"_type":"image-file","sha256":"7c951c45002619f666444a0bb3e89e6a20b6e408dab93ad2b54092ae3c04f3a0"},"_runtime":119.2793847,"_step":12,"examples":{"size":23873,"path":"media/images/examples_12_3b17a40d3c0003481150.png","format":"png","width":1200,"height":600,"_type":"image-file","sha256":"3b17a40d3c0003481150ce3cd5e234db4ef06f1019885019f6a3fed9b4772b2e"},"val_accuracy":0.8743333333333333,"_timestamp":1.7415652124208407e+09,"accuracy":0.8810722748815166,"test_accuracy":0.8672}