{"val_accuracy":0.8868333333333334,"_step":22,"_wandb":{"runtime":352},"examples":{"format":"png","width":1200,"height":600,"_type":"image-file","sha256":"75cf3f2d6042056b9d89df460d23ed8f265f2d2a3c6eed2b5cf3bc7f22904ecc","size":29574,"path":"media/images/examples_22_75cf3f2d6042056b9d89.png"},"test_accuracy":0.88,"_runtime":352.4061036,"confusion_matrix":{"format":"png","width":1000,"height":800,"_type":"image-file","sha256":"514eb706af0a86b100bfd172e47d37a9df9cac92ab1f38d8d3ae60725a4e31d0","size":60946,"path":"media/images/confusion_matrix_21_514eb706af0a86b100bf.png"},"accuracy":0.9183390106635071,"val_loss":0.33821434802170247,"_timestamp":1.7421237532826211e+09,"test_loss":0.368973373929049,"loss":0.2589870414908282,"epoch":19}