{"accuracy":0.8950866409952607,"test_accuracy":0.876,"confusion_matrix":{"_type":"image-file","sha256":"7f896bcc445ccaa6a7605381345fbebe0009f93940cbfa7e20d72b985c49f9bf","size":59665,"path":"media/images/confusion_matrix_11_7f896bcc445ccaa6a760.png","format":"png","width":1000,"height":800},"val_accuracy":0.8868333333333334,"_runtime":126.1387646,"test_loss":0.36455114342985223,"val_loss":0.3358985839893353,"_step":12,"_timestamp":1.7415510225836716e+09,"loss":0.31531186322720595,"examples":{"size":23873,"path":"media/images/examples_12_3b17a40d3c0003481150.png","format":"png","width":1200,"height":600,"_type":"image-file","sha256":"3b17a40d3c0003481150ce3cd5e234db4ef06f1019885019f6a3fed9b4772b2e"},"_wandb":{"runtime":126},"epoch":9}