{"test_accuracy":0.8407,"examples":{"sha256":"3b17a40d3c0003481150ce3cd5e234db4ef06f1019885019f6a3fed9b4772b2e","size":23873,"path":"media/images/examples_7_3b17a40d3c0003481150.png","format":"png","width":1200,"height":600,"_type":"image-file"},"epoch":4,"_runtime":16.7060677,"_wandb":{"runtime":16},"_timestamp":1.7415499864328885e+09,"loss":0.4477347688001571,"test_loss":0.47817982242046636,"confusion_matrix":{"path":"media/images/confusion_matrix_6_1e91a896662fe355da21.png","format":"png","width":1000,"height":800,"_type":"image-file","sha256":"1e91a896662fe355da21ed6a79dfa235082c369c1b9be6c4a32304114a192cd8","size":62571},"accuracy":0.8540555555555556,"val_accuracy":0.8528333333333333,"val_loss":0.45254108642075,"_step":7}