{"val_accuracy":0.8643333333333333,"_step":12,"_wandb":{"runtime":42},"accuracy":0.8933464158767772,"epoch":9,"confusion_matrix":{"_type":"image-file","sha256":"fa6d4f9416fae6ee6e82a5e8b6f6e57fda7da7fbd40e48dd7c74d8fe804430c2","size":60449,"path":"media/images/confusion_matrix_11_fa6d4f9416fae6ee6e82.png","format":"png","width":1000,"height":800},"_timestamp":1.7415279598790655e+09,"_runtime":42.0628009,"val_loss":0.09744079594456165,"test_accuracy":0.8591,"examples":{"sha256":"3b17a40d3c0003481150ce3cd5e234db4ef06f1019885019f6a3fed9b4772b2e","size":23873,"path":"media/images/examples_12_3b17a40d3c0003481150.png","format":"png","width":1200,"height":600,"_type":"image-file"},"test_loss":0.10437652864888473,"loss":0.07848707311310425}