{"val_accuracy":0.8911666666666667,"test_loss":0.08742919960924554,"loss":0.07067799893560194,"val_loss":0.08118055228414996,"_timestamp":1.7415603275503767e+09,"_runtime":135.6243548,"epoch":9,"_step":12,"confusion_matrix":{"sha256":"74338e1e973637e65084c3f603897ce17597267dd225a278a0705dd71201d181","size":61459,"path":"media/images/confusion_matrix_11_74338e1e973637e65084.png","format":"png","width":1000,"height":800,"_type":"image-file"},"examples":{"height":600,"_type":"image-file","sha256":"3b17a40d3c0003481150ce3cd5e234db4ef06f1019885019f6a3fed9b4772b2e","size":23873,"path":"media/images/examples_12_3b17a40d3c0003481150.png","format":"png","width":1200},"_wandb":{"runtime":135},"accuracy":0.9039358708530806,"test_accuracy":0.8819}