{"_timestamp":1.7415662263181396e+09,"test_accuracy":0.8538,"examples":{"size":23873,"path":"media/images/examples_7_3b17a40d3c0003481150.png","format":"png","width":1200,"height":600,"_type":"image-file","sha256":"3b17a40d3c0003481150ce3cd5e234db4ef06f1019885019f6a3fed9b4772b2e"},"accuracy":0.8775671406003159,"epoch":4,"test_loss":0.10486543068207511,"_step":7,"_wandb":{"runtime":33},"confusion_matrix":{"sha256":"7e7acce32844bfdbd0ad1d806358ef5c4e9e2f03dea71a017d8f8b05d3a490b5","size":60495,"path":"media/images/confusion_matrix_6_7e7acce32844bfdbd0ad.png","format":"png","width":1000,"height":800,"_type":"image-file"},"loss":0.088711002193133,"val_accuracy":0.86,"val_loss":0.10109470838063017,"_runtime":33.7641172}