{"accuracy":0.10148844786729858,"epoch":4,"_wandb":{"runtime":15},"_timestamp":1.741544775569002e+09,"loss":2.3025806947118133,"test_accuracy":0.1,"confusion_matrix":{"path":"media/images/confusion_matrix_6_24a617a8756e9b2d6168.png","format":"png","width":1000,"height":800,"_type":"image-file","sha256":"24a617a8756e9b2d61681d6508f31a83b306fcb5703888b5b2a122aba43d688d","size":44800},"val_accuracy":0.09333333333333334,"val_loss":2.3026075918829934,"examples":{"path":"media/images/examples_7_3b17a40d3c0003481150.png","format":"png","width":1200,"height":600,"_type":"image-file","sha256":"3b17a40d3c0003481150ce3cd5e234db4ef06f1019885019f6a3fed9b4772b2e","size":23873},"_runtime":15.4669324,"_step":7,"test_loss":2.3025886309532604}