{"_wandb":{"runtime":110},"_runtime":110.3512932,"examples":{"format":"png","width":1200,"height":600,"_type":"image-file","sha256":"75cf3f2d6042056b9d89df460d23ed8f265f2d2a3c6eed2b5cf3bc7f22904ecc","size":29574,"path":"media/images/examples_12_75cf3f2d6042056b9d89.png"},"test_accuracy":0.8697,"_step":12,"loss":0.33843117923618654,"val_loss":0.3683023033532545,"test_loss":0.3968267676077314,"epoch":9,"confusion_matrix":{"sha256":"9c2868efa89c032eb0c3ded281c5c5a607bd1db13e1c5c5e0aa03844ad36e55f","size":60794,"path":"media/images/confusion_matrix_11_9c2868efa89c032eb0c3.png","format":"png","width":1000,"height":800,"_type":"image-file"},"accuracy":0.8890370370370371,"val_accuracy":0.8808333333333334,"_timestamp":1.7421289420189867e+09}