{"accuracy":0.8556785643759874,"loss":0.43560885054753146,"_runtime":55.4409879,"_timestamp":1.741537894920705e+09,"val_loss":0.42377899239911887,"test_loss":0.45698457497322,"test_accuracy":0.8463,"examples":{"height":600,"_type":"image-file","sha256":"3b17a40d3c0003481150ce3cd5e234db4ef06f1019885019f6a3fed9b4772b2e","size":23873,"path":"media/images/examples_7_3b17a40d3c0003481150.png","format":"png","width":1200},"_wandb":{"runtime":55},"val_accuracy":0.8583333333333333,"confusion_matrix":{"_type":"image-file","sha256":"0b63d0ffd807fabd9b4635b3356b6d5c57efeef6aacad175da724ca9bf984bfc","size":62080,"path":"media/images/confusion_matrix_6_0b63d0ffd807fabd9b46.png","format":"png","width":1000,"height":800},"_step":7,"epoch":4}