{"_runtime":177.14846,"_timestamp":1.742216213688473e+09,"test_accuracy":0.8829,"accuracy":0.9193387144549763,"val_loss":0.3453754079029148,"_wandb":{"runtime":177},"confusion_matrix":{"sha256":"afaf3c32d559994084b2927d1290c274bfea9a64192920fa72071fa74516f52b","size":399518,"path":"media/images/confusion_matrix_21_afaf3c32d559994084b2.png","format":"png","width":4447,"height":4163,"_type":"image-file"},"test_loss":0.3622625995771222,"loss":0.26340506837466104,"val_accuracy":0.8886666666666667,"_step":22,"predictions":{"path":"media/images/predictions_22_989d70cd8ff161d6a4fb.png","format":"png","width":2250,"height":900,"_type":"image-file","sha256":"989d70cd8ff161d6a4fb3c3c96e2ef06d2b71e489238143558dde30d81ab6c51","size":59278},"epoch":19}