{"val_accuracy":0.8628333333333333,"_runtime":70.2567344,"val_loss":0.10038643806596444,"_step":7,"accuracy":0.8603518518518518,"loss":0.10210649023646612,"_wandb":{"runtime":70},"_timestamp":1.7415697988321655e+09,"epoch":4,"confusion_matrix":{"height":800,"_type":"image-file","sha256":"990d4ce83305aec7998cd68d28185a66b72635522cddc419102f761647fee762","size":61838,"path":"media/images/confusion_matrix_6_990d4ce83305aec7998c.png","format":"png","width":1000},"examples":{"width":1200,"height":600,"_type":"image-file","sha256":"3b17a40d3c0003481150ce3cd5e234db4ef06f1019885019f6a3fed9b4772b2e","size":23873,"path":"media/images/examples_7_3b17a40d3c0003481150.png","format":"png"},"test_loss":0.10723115718306508,"test_accuracy":0.8527}