{"epoch":9,"val_loss":0.094222214692093,"accuracy":0.8981412914691943,"test_accuracy":0.8685,"_wandb":{"runtime":117},"val_accuracy":0.8768333333333334,"loss":0.07548246614474804,"examples":{"sha256":"3b17a40d3c0003481150ce3cd5e234db4ef06f1019885019f6a3fed9b4772b2e","size":23873,"path":"media/images/examples_12_3b17a40d3c0003481150.png","format":"png","width":1200,"height":600,"_type":"image-file"},"_step":12,"test_loss":0.10073153420162076,"_timestamp":1.7415299327398837e+09,"_runtime":117.2437814,"confusion_matrix":{"path":"media/images/confusion_matrix_11_974fddcca0d409a9aeeb.png","format":"png","width":1000,"height":800,"_type":"image-file","sha256":"974fddcca0d409a9aeebe3ecc461658f3a69a7ebbc58d02575b0562725d4c581","size":62557}}