{"_runtime":113.8094757,"loss":0.08324572848686672,"test_loss":0.09440806086003113,"accuracy":0.8891316153238547,"val_loss":0.08817519400731622,"_wandb":{"runtime":113},"_step":17,"val_accuracy":0.8791666666666667,"epoch":14,"_timestamp":1.7420746010091233e+09,"test_accuracy":0.8726,"confusion_matrix":{"sha256":"a785c743ff86ba30f4bfa80a433ce6a45216f48831143acb5de6f307485d33d4","size":62306,"path":"media/images/confusion_matrix_16_a785c743ff86ba30f4bf.png","format":"png","width":1000,"height":800,"_type":"image-file"},"examples":{"sha256":"75cf3f2d6042056b9d89df460d23ed8f265f2d2a3c6eed2b5cf3bc7f22904ecc","size":29574,"path":"media/images/examples_17_75cf3f2d6042056b9d89.png","format":"png","width":1200,"height":600,"_type":"image-file"}}