{"_runtime":164.5591308,"accuracy":0.9021296296296296,"val_accuracy":0.8888333333333334,"test_accuracy":0.8818,"loss":0.29260283267289944,"_wandb":{"runtime":164},"examples":{"format":"png","width":1200,"height":600,"_type":"image-file","sha256":"3b17a40d3c0003481150ce3cd5e234db4ef06f1019885019f6a3fed9b4772b2e","size":23873,"path":"media/images/examples_12_3b17a40d3c0003481150.png"},"val_loss":0.33348154818545506,"_step":12,"confusion_matrix":{"sha256":"127721946b067596db3737a953b6a18515f10c2025701c6a6b801f5508cc6638","size":61810,"path":"media/images/confusion_matrix_11_127721946b067596db37.png","format":"png","width":1000,"height":800,"_type":"image-file"},"_timestamp":1.7415518741148913e+09,"test_loss":0.35953911608652805,"epoch":9}