{"_timestamp":1.7415523034300084e+09,"_runtime":15.1976355,"accuracy":0.8809426836492891,"test_accuracy":0.8623,"_wandb":{"runtime":15},"val_loss":0.09269010282185586,"test_loss":0.09946990532436199,"confusion_matrix":{"_type":"image-file","sha256":"c6c04e805c55bf6b1459a5d32cfbabd8ac70c85d8200ab4b50c7459e931715ef","size":61049,"path":"media/images/confusion_matrix_6_c6c04e805c55bf6b1459.png","format":"png","width":1000,"height":800},"examples":{"path":"media/images/examples_7_3b17a40d3c0003481150.png","format":"png","width":1200,"height":600,"_type":"image-file","sha256":"3b17a40d3c0003481150ce3cd5e234db4ef06f1019885019f6a3fed9b4772b2e","size":23873},"epoch":4,"val_accuracy":0.872,"loss":0.0871997450524163,"_step":7}