{"confusion_matrix":{"path":"media/images/confusion_matrix_6_ade57d646841e8ea9ddf.png","format":"png","width":1000,"height":800,"_type":"image-file","sha256":"ade57d646841e8ea9ddfc7b05ec50c422e99730908b4d42bacf22da504117f74","size":65198},"examples":{"sha256":"3b17a40d3c0003481150ce3cd5e234db4ef06f1019885019f6a3fed9b4772b2e","size":23873,"path":"media/images/examples_7_3b17a40d3c0003481150.png","format":"png","width":1200,"height":600,"_type":"image-file"},"_step":7,"loss":0.21942703581018622,"val_accuracy":0.7038333333333333,"epoch":4,"test_accuracy":0.6894,"_timestamp":1.7415680586295137e+09,"_runtime":65.7028496,"test_loss":0.21323116358469732,"_wandb":{"runtime":65},"accuracy":0.6798333333333333,"val_loss":0.2074056938877028}