{"_step":12,"test_accuracy":0.8748,"_wandb":{"runtime":110},"loss":0.31926687346798316,"val_accuracy":0.881,"epoch":9,"_timestamp":1.7415650399477177e+09,"test_loss":0.3801659017386275,"_runtime":110.4270098,"accuracy":0.8953148148148148,"examples":{"size":23873,"path":"media/images/examples_12_3b17a40d3c0003481150.png","format":"png","width":1200,"height":600,"_type":"image-file","sha256":"3b17a40d3c0003481150ce3cd5e234db4ef06f1019885019f6a3fed9b4772b2e"},"val_loss":0.36116611331525383,"confusion_matrix":{"_type":"image-file","sha256":"aec0c2c389b83353a7160a0aa0bdb5719ba7244065b74c76a59832fdca1deff3","size":62448,"path":"media/images/confusion_matrix_11_aec0c2c389b83353a716.png","format":"png","width":1000,"height":800}}