{"_runtime":27.6356756,"val_loss":0.09446998041973205,"_step":7,"_timestamp":1.7415517037829368e+09,"test_loss":0.10304491645312978,"test_accuracy":0.8584,"accuracy":0.8715195497630331,"confusion_matrix":{"height":800,"_type":"image-file","sha256":"c09deb54403839a0f4d3f212358e4a513da67e32c33a2b1b687c8c838f9eb58a","size":61646,"path":"media/images/confusion_matrix_6_c09deb54403839a0f4d3.png","format":"png","width":1000},"examples":{"_type":"image-file","sha256":"3b17a40d3c0003481150ce3cd5e234db4ef06f1019885019f6a3fed9b4772b2e","size":23873,"path":"media/images/examples_7_3b17a40d3c0003481150.png","format":"png","width":1200,"height":600},"val_accuracy":0.8671666666666666,"epoch":4,"loss":0.09421541195568271,"_wandb":{"runtime":27}}