{"_timestamp":1.74212011479548e+09,"_wandb":{"runtime":224},"examples":{"sha256":"75cf3f2d6042056b9d89df460d23ed8f265f2d2a3c6eed2b5cf3bc7f22904ecc","size":29574,"path":"media/images/examples_22_75cf3f2d6042056b9d89.png","format":"png","width":1200,"height":600,"_type":"image-file"},"test_accuracy":0.8757,"val_loss":0.34970335539245406,"val_accuracy":0.8823333333333333,"loss":0.25909400071818744,"accuracy":0.9172097156398105,"confusion_matrix":{"width":1000,"height":800,"_type":"image-file","sha256":"e81f563e6aaa58477205efa56976b93bac502a087d2034a7fb6076520e1c44ff","size":61197,"path":"media/images/confusion_matrix_21_e81f563e6aaa58477205.png","format":"png"},"epoch":19,"_step":22,"_runtime":224.9088313,"test_loss":0.37782013024519845}