{"_wandb":{"runtime":47},"val_accuracy":0.8815,"accuracy":0.898616459320695,"test_loss":0.09366645191477949,"_runtime":47.6605059,"_step":12,"_timestamp":1.74207430625127e+09,"loss":0.07375186267174497,"val_loss":0.08545322749517298,"test_accuracy":0.8669,"examples":{"width":1200,"height":600,"_type":"image-file","sha256":"75cf3f2d6042056b9d89df460d23ed8f265f2d2a3c6eed2b5cf3bc7f22904ecc","size":29574,"path":"media/images/examples_12_75cf3f2d6042056b9d89.png","format":"png"},"epoch":9,"confusion_matrix":{"size":62072,"path":"media/images/confusion_matrix_11_5225848fae0eb63a611f.png","format":"png","width":1000,"height":800,"_type":"image-file","sha256":"5225848fae0eb63a611fed496d45702c7e761bb954576464d6431e8760e132b1"}}