{"examples":{"size":29574,"path":"media/images/examples_22_75cf3f2d6042056b9d89.png","format":"png","width":1200,"height":600,"_type":"image-file","sha256":"75cf3f2d6042056b9d89df460d23ed8f265f2d2a3c6eed2b5cf3bc7f22904ecc"},"_timestamp":1.7420680389461105e+09,"confusion_matrix":{"height":800,"_type":"image-file","sha256":"2402e7d5930f8659ce712e3f3d2ab774b31e98ed12d7cb944a8a40eda49a437c","size":51980,"path":"media/images/confusion_matrix_21_2402e7d5930f8659ce71.png","format":"png","width":1000},"accuracy":0.2962085308056872,"loss":1.4934231864625327,"_step":22,"val_loss":1.4858733117211393,"val_accuracy":0.306,"_wandb":{"runtime":150},"_runtime":150.1254846,"test_accuracy":0.2991,"epoch":19,"test_loss":1.4856743113149655}