{"_wandb":{"runtime":87},"val_accuracy":0.10283333333333333,"test_accuracy":0.1,"accuracy":0.09971119668246446,"_runtime":87.8720883,"test_loss":0.450010328541753,"examples":{"path":"media/images/examples_12_3b17a40d3c0003481150.png","format":"png","width":1200,"height":600,"_type":"image-file","sha256":"3b17a40d3c0003481150ce3cd5e234db4ef06f1019885019f6a3fed9b4772b2e","size":23873},"_step":12,"loss":0.45001544560089923,"confusion_matrix":{"_type":"image-file","sha256":"f48973bcd5afde71a19530ed7e355e7c7695692b6412dec21399dad952c2fc8b","size":45194,"path":"media/images/confusion_matrix_11_f48973bcd5afde71a195.png","format":"png","width":1000,"height":800},"val_loss":0.4499869154096911,"_timestamp":1.7415802810632663e+09,"epoch":9}