{"_timestamp":1.7415576560562415e+09,"val_accuracy":0.876,"test_loss":0.09732124005731264,"confusion_matrix":{"path":"media/images/confusion_matrix_11_c18cb179a6d78fc4eaa9.png","format":"png","width":1000,"height":800,"_type":"image-file","sha256":"c18cb179a6d78fc4eaa95348af3a0e09fa542bc6680f00a87b6c6e33eb77d584","size":61941},"_wandb":{"runtime":34},"test_accuracy":0.8649,"examples":{"path":"media/images/examples_12_3b17a40d3c0003481150.png","format":"png","width":1200,"height":600,"_type":"image-file","sha256":"3b17a40d3c0003481150ce3cd5e234db4ef06f1019885019f6a3fed9b4772b2e","size":23873},"accuracy":0.8861201619273301,"_step":12,"_runtime":34.5595142,"loss":0.08422962798292402,"val_loss":0.0892607608863417,"epoch":9}