{"_step":22,"_timestamp":1.7420729798905623e+09,"val_accuracy":0.8898333333333334,"confusion_matrix":{"_type":"image-file","sha256":"06e115dba8bcb1d9f77f6ea41e108cb34c0bf7e20fac00e56029d0ca42bf5207","size":61928,"path":"media/images/confusion_matrix_21_06e115dba8bcb1d9f77f.png","format":"png","width":1000,"height":800},"examples":{"_type":"image-file","sha256":"75cf3f2d6042056b9d89df460d23ed8f265f2d2a3c6eed2b5cf3bc7f22904ecc","size":29574,"path":"media/images/examples_22_75cf3f2d6042056b9d89.png","format":"png","width":1200,"height":600},"_runtime":144.0268446,"accuracy":0.9092676244075829,"test_loss":0.08633010916479963,"_wandb":{"runtime":144},"loss":0.06779915266918417,"epoch":19,"test_accuracy":0.8823,"val_loss":0.08009871890310735}