{"examples":{"size":29574,"path":"media/images/examples_17_75cf3f2d6042056b9d89.png","format":"png","width":1200,"height":600,"_type":"image-file","sha256":"75cf3f2d6042056b9d89df460d23ed8f265f2d2a3c6eed2b5cf3bc7f22904ecc"},"_wandb":{"runtime":486},"accuracy":0.911425925925926,"_timestamp":1.7421383712623286e+09,"test_accuracy":0.8823,"epoch":14,"loss":0.2758678604294538,"val_loss":0.31745128685592267,"test_loss":0.35609768808687137,"confusion_matrix":{"_type":"image-file","sha256":"f54e5cefc89f0bae89de8e18f82f361e908f89e628ef0eddeba34d80685a6417","size":60283,"path":"media/images/confusion_matrix_16_f54e5cefc89f0bae89de.png","format":"png","width":1000,"height":800},"_runtime":486.8307874,"_step":17,"val_accuracy":0.8915}