{"test_loss":0.420932689308051,"_wandb":{"runtime":51},"_timestamp":1.7415385899513037e+09,"examples":{"sha256":"3b17a40d3c0003481150ce3cd5e234db4ef06f1019885019f6a3fed9b4772b2e","size":23873,"path":"media/images/examples_12_3b17a40d3c0003481150.png","format":"png","width":1200,"height":600,"_type":"image-file"},"epoch":9,"val_accuracy":0.8656666666666667,"loss":0.363858294780561,"val_loss":0.39429657256662576,"test_accuracy":0.8565,"accuracy":0.8807760663507109,"_step":12,"_runtime":50.9938796,"confusion_matrix":{"_type":"image-file","sha256":"cd84d9ced0e05f2da0dfba650dc117c00ce66193552f2265f144699194e2eb80","size":61383,"path":"media/images/confusion_matrix_11_cd84d9ced0e05f2da0df.png","format":"png","width":1000,"height":800}}