{"val_accuracy":0.8416666666666667,"_runtime":95.1806162,"_wandb":{"runtime":95},"loss":0.11662268136958523,"_step":7,"epoch":4,"test_loss":0.12267824463071512,"examples":{"width":1200,"height":600,"_type":"image-file","sha256":"3b17a40d3c0003481150ce3cd5e234db4ef06f1019885019f6a3fed9b4772b2e","size":23873,"path":"media/images/examples_7_3b17a40d3c0003481150.png","format":"png"},"val_loss":0.11387351421066699,"_timestamp":1.7415809739695861e+09,"accuracy":0.8412592592592593,"confusion_matrix":{"width":1000,"height":800,"_type":"image-file","sha256":"e68e1d24518f4f62e2278821ca21817d4a4c6ae5cb8ed8cb80f4ffeb45d0d24e","size":63984,"path":"media/images/confusion_matrix_6_e68e1d24518f4f62e227.png","format":"png"},"test_accuracy":0.8327}