{"loss":0.3564063379442848,"val_loss":0.3525862967063191,"_timestamp":1.741564253380938e+09,"_step":7,"test_loss":0.39262167478185045,"epoch":4,"accuracy":0.8796851851851852,"_wandb":{"runtime":51},"val_accuracy":0.8786666666666667,"_runtime":51.689345,"test_accuracy":0.8654,"confusion_matrix":{"path":"media/images/confusion_matrix_6_0388a349d01d3ed413fb.png","format":"png","width":1000,"height":800,"_type":"image-file","sha256":"0388a349d01d3ed413fba0c5b1a65cae8b1f2cc1cd3f410dff417ac53521cca9","size":60699},"examples":{"height":600,"_type":"image-file","sha256":"3b17a40d3c0003481150ce3cd5e234db4ef06f1019885019f6a3fed9b4772b2e","size":23873,"path":"media/images/examples_7_3b17a40d3c0003481150.png","format":"png","width":1200}}