{"test_loss":0.09466381051005447,"test_accuracy":0.8709,"_wandb":{"runtime":170},"accuracy":0.9027222222222222,"_timestamp":1.742074484121322e+09,"confusion_matrix":{"size":60964,"path":"media/images/confusion_matrix_21_d44951d99d72e46c423b.png","format":"png","width":1000,"height":800,"_type":"image-file","sha256":"d44951d99d72e46c423b4b3da0f4565bb74b40d69440782ab85bd0250a0e4b07"},"epoch":19,"loss":0.07208191512795149,"val_accuracy":0.886,"_runtime":170.8461184,"_step":22,"val_loss":0.08630829872070084,"examples":{"size":29574,"path":"media/images/examples_22_75cf3f2d6042056b9d89.png","format":"png","width":1200,"height":600,"_type":"image-file","sha256":"75cf3f2d6042056b9d89df460d23ed8f265f2d2a3c6eed2b5cf3bc7f22904ecc"}}