{"confusion_matrix":{"height":800,"_type":"image-file","sha256":"24a617a8756e9b2d61681d6508f31a83b306fcb5703888b5b2a122aba43d688d","size":44800,"path":"media/images/confusion_matrix_6_24a617a8756e9b2d6168.png","format":"png","width":1000},"examples":{"path":"media/images/examples_7_3b17a40d3c0003481150.png","format":"png","width":1200,"height":600,"_type":"image-file","sha256":"3b17a40d3c0003481150ce3cd5e234db4ef06f1019885019f6a3fed9b4772b2e","size":23873},"test_loss":2.30276114084856,"_wandb":{"runtime":112},"val_loss":2.3028329400898424,"val_accuracy":0.09333333333333334,"epoch":4,"_timestamp":1.7415578572311492e+09,"_step":7,"loss":2.302870913455174,"_runtime":112.4669542,"test_accuracy":0.1,"accuracy":0.09781481481481481}