{"loss":2.302721366673566,"accuracy":0.09974822274881516,"_step":12,"test_loss":2.3027052531393952,"val_loss":2.303009840458533,"_wandb":{"runtime":43},"confusion_matrix":{"size":44800,"path":"media/images/confusion_matrix_11_24a617a8756e9b2d6168.png","format":"png","width":1000,"height":800,"_type":"image-file","sha256":"24a617a8756e9b2d61681d6508f31a83b306fcb5703888b5b2a122aba43d688d"},"val_accuracy":0.09333333333333334,"_timestamp":1.7415798358833451e+09,"_runtime":43.0766887,"epoch":9,"examples":{"_type":"image-file","sha256":"3b17a40d3c0003481150ce3cd5e234db4ef06f1019885019f6a3fed9b4772b2e","size":23873,"path":"media/images/examples_12_3b17a40d3c0003481150.png","format":"png","width":1200,"height":600},"test_accuracy":0.1}